race_id,driver_id,avg_pit_time_last_5,avg_pit_time_last_10
1,6,24.1078,24.9743
1,12,24.067,24.3084
1,57,23.7408,24.8133
1,60,24.1256,23.7166
1,67,25.7158,30.0853
1,70,26.0714,25.644299999999998
1,75,25.3962,25.779899999999998
1,79,24.0554,26.8524
1,83,22.909200000000002,23.399800000000003
1,87,25.101999999999997,24.7309
1,93,26.4908,25.7656
1,94,25.5804,25.7711
1,100,26.291199999999996,25.7226
1,101,30.2894,36.3135
1,103,24.29,23.3605
1,105,21.9272,21.595714285714283
1,106,22.629,22.629
2,6,23.825599999999998,24.905700000000003
2,12,23.9842,24.500300000000003
2,57,23.565400000000004,23.9953
2,60,22.46,23.3839
2,67,25.6582,30.106299999999997
2,70,24.2108,25.689500000000002
2,75,25.3914,25.8208
2,83,22.692600000000002,23.380599999999998
2,87,24.123399999999997,24.717000000000002
2,89,22.598799999999997,24.392999999999997
2,93,26.4106,25.865
2,94,24.609,25.6316
2,100,27.3276,24.9694
2,101,28.537399999999998,36.0733
2,103,24.1552,23.967499999999998
2,104,23.8516,21.918777777777777
2,105,22.4986,21.68325
2,106,22.836,22.836
2,107,22.9338,22.9338
3,6,23.885199999999998,25.1906
3,12,22.950200000000002,24.163199999999996
3,57,23.523400000000002,23.493299999999998
3,60,22.9096,23.2802
3,67,26.254,29.2494
3,70,24.1012,25.3594
3,75,24.261599999999998,25.008499999999998
3,79,23.435200000000002,24.220100000000002
3,83,22.924799999999998,23.7468
3,87,24.1726,24.1214
3,89,22.925,24.6002
3,93,25.791800000000002,26.101999999999997
3,94,25.5664,25.6144
3,100,24.441399999999998,23.8827
3,101,24.982999999999997,35.9961
3,103,23.124599999999997,24.1523
3,104,24.0934,22.2226
3,105,23.9416,22.046555555555553
3,106,23.987499999999997,23.987499999999997
3,107,25.693,25.693
4,6,23.4234,24.4321
4,12,23.1974,24.023000000000003
4,57,23.0102,23.221799999999998
4,60,23.0414,23.416800000000002
4,67,25.853199999999998,28.480900000000002
4,75,23.7148,24.201900000000002
4,79,22.6472,23.3687
4,83,23.4704,22.9724
4,87,23.899,24.102899999999998
4,89,22.526999999999997,24.589000000000002
4,93,23.4196,25.333199999999998
4,94,25.059800000000003,24.870600000000003
4,100,24.2666,23.7411
4,103,22.6738,23.7494
4,104,26.481600000000004,23.5357
4,105,23.9896,22.2489
4,106,23.788999999999998,23.788999999999998
5,12,22.8862,23.476499999999998
5,57,22.3712,23.1246
5,60,22.938200000000002,23.2374
5,75,24.046200000000002,24.4978
5,79,21.6564,22.922
5,83,22.2868,22.723399999999998
5,87,22.6884,23.955
5,89,20.454,23.035899999999998
5,93,23.1302,24.8545
5,94,24.5522,24.4727
5,100,23.525799999999997,24.1064
5,101,24.4026,34.926
5,103,22.4624,23.3482
5,105,23.324,22.1963
5,106,23.349249999999998,23.349249999999998
5,107,24.208,24.208
6,6,22.6018,23.4336
6,12,22.871199999999998,23.469099999999997
6,57,22.400199999999998,23.070500000000003
6,60,22.8832,23.5044
6,67,25.1744,24.900299999999998
6,70,23.8138,25.3024
6,75,23.5508,24.473499999999998
6,79,21.531,22.837699999999998
6,83,22.6542,22.7817
6,87,22.856,23.979
6,89,20.4026,22.202599999999997
6,93,23.1336,24.8122
6,94,23.087,24.3337
6,100,23.9458,25.118499999999997
6,101,28.240999999999996,37.282700000000006
6,103,22.2566,23.2733
6,104,26.0702,23.721400000000003
6,105,22.9726,22.4499
6,106,23.0784,23.0784
6,107,24.093666666666667,24.093666666666667
7,6,22.952800000000003,23.5303
7,12,23.2048,23.5945
7,57,22.7838,23.174599999999998
7,60,23.3186,22.8893
7,67,24.075400000000002,24.8956
7,70,23.5374,24.8667
7,75,24.961199999999998,25.1763
7,79,22.043200000000002,23.0493
7,83,23.1254,22.909
7,87,23.306800000000003,23.7151
7,89,21.873600000000003,22.2362
7,93,23.3348,24.872700000000002
7,94,23.7186,24.163800000000002
7,100,24.538600000000002,25.933099999999996
7,101,28.332,29.310699999999997
7,104,26.046799999999998,24.2655
7,106,23.2852,23.210333333333335
7,107,24.461,24.461
8,6,23.397600000000004,23.611600000000003
8,12,22.9084,22.9293
8,57,22.5904,23.0569
8,60,23.1196,23.014599999999998
8,67,24.3446,25.0014
8,70,24.008200000000002,25.039800000000003
8,79,22.411,22.923099999999998
8,83,22.659399999999998,22.7921
8,87,23.1826,23.6776
8,89,21.5406,22.232799999999997
8,93,23.1566,24.4742
8,94,22.269799999999996,23.9181
8,100,24.2198,24.330599999999997
8,103,22.9476,23.5514
8,105,23.3786,22.9386
8,106,22.9906,23.27542857142857
8,107,24.275,24.275
9,6,23.2518,23.5685
9,12,23.044,23.1207
9,57,22.959600000000002,22.9849
9,60,24.723599999999998,23.8825
9,67,25.0912,25.6726
9,75,24.769399999999997,24.5155
9,79,22.7346,22.690900000000003
9,87,23.671799999999998,23.785400000000003
9,89,21.8426,22.184800000000003
9,93,23.6178,23.518700000000003
9,94,22.6296,23.8447
9,100,24.3536,24.3101
9,101,29.031799999999997,28.7846
9,103,23.335199999999997,23.2299
9,104,25.8594,24.8555
9,106,23.317400000000003,23.49425
9,107,24.391,24.608
10,6,22.979599999999998,23.201500000000003
10,12,23.0874,22.9868
10,57,22.8898,22.6305
10,60,25.3414,24.1398
10,67,24.768400000000003,25.3108
10,70,24.4858,24.348300000000002
10,75,24.8752,24.294999999999998
10,79,23.001399999999997,22.3289
10,83,24.3732,23.9218
10,87,23.7438,23.2161
10,89,23.146800000000002,21.800400000000003
10,93,24.691399999999998,23.910800000000002
10,94,22.919400000000003,23.7358
10,100,24.663199999999996,24.0945
10,101,28.618000000000002,26.8005
10,103,23.2628,22.9683
10,104,25.2702,24.681800000000003
10,106,23.1842,23.257555555555555
10,107,24.8232,24.64742857142857
11,6,24.546799999999998,23.5743
11,12,24.360200000000003,23.6157
11,57,24.2692,23.334699999999998
11,60,26.1216,24.5024
11,67,26.0678,25.621100000000002
11,70,25.3532,24.7272
11,75,25.4076,24.7269
11,83,25.913600000000002,24.1002
11,87,24.8504,23.8532
11,89,24.3682,22.3854
11,93,25.825200000000002,24.4794
11,94,24.1714,23.6292
11,100,24.9116,24.4287
11,101,29.9726,27.187600000000003
11,103,24.5704,23.516399999999997
11,104,24.2934,25.3875
11,105,23.2474,23.594500000000004
11,106,24.3582,23.7183
11,107,25.695,25.0945
12,6,23.6918,23.322300000000002
12,12,23.6974,23.4511
12,57,23.317,23.0504
12,60,25.060200000000002,24.1894
12,67,25.104599999999998,24.59
12,70,24.8562,24.335
12,75,25.9852,24.768
12,79,24.278,22.904500000000002
12,83,27.926800000000004,25.2905
12,87,25.5502,24.4285
12,89,23.278,22.5758
12,93,24.9564,24.1456
12,100,23.748200000000004,24.1434
12,101,24.3046,26.2728
12,103,24.2054,23.231
12,104,23.9384,25.004299999999997
12,105,22.4304,23.21
12,107,24.9246,24.718555555555554
13,6,23.3286,23.3631
13,57,22.945999999999998,22.7682
13,60,24.9766,24.048099999999998
13,67,24.571199999999997,24.457900000000002
13,75,24.6216,24.7914
13,83,27.3902,25.2578
13,87,25.7738,24.4782
13,89,23.1002,22.3204
13,93,24.456,23.8063
13,94,23.1666,23.4426
13,100,23.3872,23.8035
13,101,23.8236,26.077800000000003
13,103,23.4932,23.2204
13,104,23.416,24.7314
13,105,22.5822,22.9531
13,107,24.5202,24.3976
14,6,25.561,24.406399999999998
14,57,22.559,22.759300000000003
14,60,23.2214,23.9725
14,67,23.221600000000002,24.156399999999998
14,70,24.3436,23.9405
14,75,24.5094,24.639400000000002
14,79,23.642400000000002,22.8428
14,83,27.115,24.8872
14,87,25.550800000000002,24.6113
14,89,22.7528,22.2977
14,93,24.1428,23.8803
14,94,23.0074,22.6386
14,100,23.185200000000002,23.7694
14,101,23.398000000000003,26.2149
14,103,22.758200000000002,23.0467
14,104,23.185200000000002,24.522299999999998
14,106,23.7148,23.5
14,107,23.7334,24.062199999999997
15,6,26.023000000000003,24.5013
15,12,23.436600000000002,23.172500000000003
15,57,23.108600000000003,22.9992
15,60,23.2992,24.3203
15,67,23.7532,24.2608
15,70,24.330599999999997,24.1694
15,75,25.0678,24.9715
15,79,23.9476,23.1793
15,83,25.7344,25.0538
15,87,28.8358,26.289800000000003
15,89,23.564,23.3554
15,93,24.0306,24.361
15,94,22.929,22.7793
15,100,23.4988,24.081
15,103,23.5864,23.4246
15,104,24.3414,24.805799999999998
15,105,23.951,23.4618
15,106,23.7984,23.3945
15,107,23.8056,24.3144
16,6,26.1286,25.3377
16,12,24.4634,23.753700000000002
16,57,23.1014,23.6853
16,60,23.408800000000003,24.7652
16,67,23.805799999999998,24.936799999999998
16,70,25.564,25.0249
16,75,24.1686,24.7881
16,79,24.8416,23.7881
16,83,25.863999999999997,25.888800000000003
16,87,29.0106,26.930500000000002
16,89,23.6946,24.0314
16,93,24.4634,25.144299999999998
16,94,24.6224,23.7709
16,100,23.814,24.3628
16,101,23.858,26.238
16,103,23.785,24.177699999999998
16,105,24.9786,24.1786
16,106,24.6552,23.9863
16,107,24.9652,25.330099999999998
17,6,28.037200000000002,25.8645
17,12,26.2154,24.651400000000002
17,57,25.216,24.2665
17,60,25.637,25.348599999999998
17,67,25.949199999999998,25.5269
17,70,25.9452,25.6492
17,75,25.1274,25.5563
17,79,28.079,25.540200000000002
17,83,25.167,26.5469
17,87,29.444200000000002,27.497200000000003
17,89,25.9558,24.6169
17,93,26.3616,25.659
17,94,24.8964,24.5339
17,100,25.817,24.7826
17,101,24.1044,27.0385
17,103,25.732999999999997,24.969199999999997
17,104,24.1744,24.2339
17,105,26.0028,24.6251
17,106,26.4618,24.823
17,107,26.605399999999996,25.764999999999997
18,6,28.227599999999995,25.778100000000002
18,57,25.4428,24.1944
18,60,25.5644,25.270500000000002
18,67,26.341,25.4561
18,70,26.4938,25.675
18,75,25.3422,24.9819
18,83,25.455000000000002,26.4226
18,87,30.2204,27.9971
18,89,26.076599999999996,24.5884
18,93,26.674200000000003,25.5651
18,94,26.836800000000004,25.0017
18,100,26.1024,24.744799999999998
18,101,24.8536,24.5791
18,103,27.4356,25.464399999999998
18,104,24.947200000000002,24.4428
18,105,26.6278,24.5291
18,106,26.2232,25.2907
18,107,27.032999999999998,25.776599999999995
19,6,25.880200000000002,25.7206
19,57,25.750800000000005,24.1549
19,60,26.0036,24.6125
19,67,28.712200000000003,25.9669
19,70,26.9,25.6218
19,75,25.855399999999996,25.1824
19,79,27.0516,25.664800000000003
19,83,25.670800000000003,26.392900000000004
19,87,30.104200000000002,27.827499999999997
19,89,26.353,24.5529
19,93,27.7666,25.954700000000003
19,94,27.057800000000004,25.032600000000002
19,100,26.263599999999997,24.724399999999996
19,101,25.3088,24.566200000000002
19,103,27.714599999999997,25.236399999999996
19,104,25.4542,24.4351
19,105,27.0254,24.8038
19,106,29.054999999999996,26.3849
19,107,27.3082,25.5208
20,6,25.5112,25.7671
20,12,26.089199999999998,25.224700000000002
20,57,25.485,24.2968
20,60,25.4988,24.399
20,67,28.4416,26.0974
20,75,25.4754,25.2716
20,79,27.1832,25.4128
20,83,25.4206,25.5775
20,87,26.869600000000002,27.852700000000006
20,89,27.5192,25.5416
20,93,27.1438,25.5872
20,94,26.674799999999998,24.8019
20,100,25.8796,24.6892
20,101,25.214999999999996,24.3065
20,103,27.1008,25.343600000000002
20,104,25.474600000000002,24.329900000000002
20,105,25.8728,24.9119
20,106,28.7558,26.2771
20,107,26.8056,25.305600000000002
21,12,26.512999999999998,25.1052
21,57,24.224,23.662699999999997
21,60,24.291,23.849899999999998
21,67,27.218799999999998,25.5123
21,75,25.3084,24.7385
21,79,26.8822,25.4149
21,83,24.257600000000004,25.0608
21,87,25.6278,27.319200000000002
21,93,25.849399999999996,25.156399999999998
21,94,25.425,25.023699999999998
21,100,24.3564,24.085199999999997
21,101,26.4892,25.1736
21,103,26.204,24.9945
21,104,24.6676,24.5045
21,105,24.6644,24.8215
21,106,27.612399999999997,26.133799999999997
21,107,24.6558,24.810499999999998
22,6,24.1618,25.1452
22,56,23.174199999999995,23.174199999999995
22,57,22.5704,23.8932
22,60,22.857400000000002,24.2472
22,67,25.5958,25.772499999999997
22,70,26.616200000000003,25.473399999999998
22,75,23.746000000000002,24.4367
22,79,25.338600000000003,25.0901
22,83,22.5566,23.8618
22,87,23.9644,26.7043
22,88,23.719,26.787
22,94,23.7624,24.3294
22,102,29.017000000000003,29.017000000000003
22,103,24.7886,25.2608
22,104,23.380000000000003,23.7772
22,106,25.8986,26.180199999999996
22,108,22.3762,22.3762
22,109,26.7478,26.7478
22,110,23.174199999999995,23.174199999999995
23,6,22.915399999999998,25.476300000000002
23,56,21.889,21.889
23,57,22.350599999999996,23.8967
23,60,22.7068,24.1356
23,67,26.8536,26.5973
23,70,24.6972,25.1306
23,75,23.665799999999997,24.504
23,79,24.4548,26.2669
23,83,22.404,23.9295
23,87,22.6406,26.430500000000002
23,88,23.614800000000002,26.772199999999998
23,93,24.238,25.299799999999998
23,94,22.236,24.5364
23,102,28.402,28.402
23,103,23.322000000000003,25.378800000000002
23,104,22.958599999999997,23.952900000000003
23,106,25.025399999999998,25.624299999999998
23,108,21.627,21.627
23,109,21.78,21.78
23,110,21.543,21.543
24,6,23.4834,25.8555
24,56,23.101,23.101
24,57,22.4324,24.0916
24,60,24.6556,25.3296
24,67,26.249199999999995,27.480700000000002
24,70,23.6228,24.784
24,75,23.8808,24.8681
24,79,25.0172,26.034399999999998
24,83,22.595000000000002,24.1329
24,87,23.0924,26.598300000000002
24,88,25.230200000000004,27.5714
24,93,24.5396,25.606900000000003
24,94,22.892599999999998,24.9752
24,102,27.5215,27.5215
24,103,23.7828,25.748699999999996
24,104,23.0116,24.2329
24,106,22.9346,25.994799999999998
24,108,23.171999999999997,23.171999999999997
24,109,23.311,23.311
24,110,23.2275,23.2275
25,6,23.5182,24.699199999999998
25,56,26.276333333333337,26.276333333333337
25,57,22.672,24.078500000000002
25,60,24.7634,25.131099999999996
25,67,26.268,27.3548
25,70,23.7332,25.1135
25,75,23.8764,24.6759
25,79,25.314,26.2486
25,83,22.909200000000002,24.1649
25,87,23.291,25.0803
25,88,28.987599999999997,27.763800000000003
25,93,23.1822,25.4744
25,94,22.948,24.8114
25,102,27.044600000000003,27.044600000000003
25,103,23.811600000000002,25.456200000000003
25,106,23.262400000000003,26.0091
25,108,22.956,22.956
25,109,23.279,23.279
25,110,23.473333333333333,23.473333333333333
26,6,23.395,24.4531
26,56,24.883,24.883
26,57,22.1424,23.1832
26,60,24.223,24.257
26,67,25.7686,26.4937
26,70,22.970999999999997,24.935499999999998
26,75,23.3632,24.3358
26,79,24.8308,25.8565
26,83,22.365000000000002,23.3113
26,87,22.839800000000004,24.2338
26,88,28.258,25.9745
26,93,22.6012,24.8725
26,94,22.4562,23.9406
26,102,25.311200000000003,25.99983333333333
26,103,23.574800000000003,24.889400000000002
26,104,22.8822,24.178400000000003
26,106,22.5152,25.0638
26,108,22.737,22.737
26,109,22.63925,22.63925
26,110,22.792749999999998,22.792749999999998
27,6,23.351599999999998,23.756700000000002
27,56,24.3348,24.3348
27,57,22.388,22.4792
27,60,24.0256,23.4415
27,67,25.8442,25.72
27,70,22.8022,24.709200000000003
27,75,23.52,23.633
27,79,25.159,25.2488
27,83,22.5108,22.5337
27,87,23.120800000000003,23.5426
27,88,30.1774,26.948200000000003
27,93,22.1562,24.0028
27,94,22.7528,23.2576
27,102,24.2944,25.643714285714285
27,103,23.8012,24.294900000000002
27,104,22.549799999999998,23.608700000000002
27,106,22.4772,24.1879
27,108,22.5054,22.5054
27,109,25.5804,25.5804
27,110,22.6034,22.6034
28,6,23.951600000000003,23.4335
28,56,24.7462,24.27
28,57,22.938200000000002,22.644399999999997
28,60,24.5232,23.615
28,67,24.6918,25.772700000000004
28,70,23.591,24.1441
28,75,24.565800000000003,24.1158
28,79,23.407400000000003,23.931099999999997
28,83,23.063200000000002,22.733600000000003
28,87,23.727,23.183799999999998
28,88,30.5648,27.089800000000004
28,93,22.522399999999998,23.3802
28,94,23.3236,22.779799999999998
28,102,25.990200000000005,26.894625
28,103,24.2252,23.773600000000002
28,104,22.8228,23.1014
28,106,23.157,24.091199999999997
28,109,26.2368,25.494
28,110,23.5278,23.197
29,6,23.7606,23.621999999999996
29,56,24.5074,24.10557142857143
29,57,22.805799999999998,22.6191
29,60,22.441,23.5483
29,67,23.0896,24.6694
29,70,23.3464,23.4846
29,75,24.0214,23.951100000000004
29,79,23.0576,24.037399999999998
29,83,22.8678,22.7314
29,87,23.4068,23.249599999999997
29,88,29.1776,27.203899999999997
29,93,22.4708,23.5052
29,94,22.662999999999997,22.7778
29,102,25.791000000000004,26.560111111111112
29,103,23.6506,23.7167
29,104,23.266000000000002,23.112299999999998
29,106,23.031799999999997,22.9832
29,108,23.185200000000002,22.9255
29,109,28.8584,27.27342857142857
29,110,23.2826,23.26685714285714
30,6,24.978,24.2481
30,56,23.9404,24.816375
30,57,24.1236,23.3978
30,60,24.0714,24.417399999999997
30,67,24.553,25.410500000000003
30,70,24.7018,24.2175
30,75,26.732,25.304199999999998
30,79,24.5626,24.938299999999998
30,83,24.133599999999998,23.5214
30,87,24.8966,24.0938
30,88,26.583,27.7853
30,93,23.9484,23.5653
30,94,24.213599999999996,23.5808
30,102,27.103,27.0738
30,103,25.1174,24.4645
30,104,24.4148,23.7132
30,106,24.226999999999997,23.7447
30,108,24.357,24.01842857142857
30,109,30.2712,27.649125
30,110,25.988400000000002,25.04525
31,6,25.0396,24.2173
31,56,24.1048,24.450666666666667
31,57,26.1384,24.1404
31,60,24.5254,24.3742
31,67,24.8248,25.2967
31,70,24.9248,23.947899999999997
31,75,27.010199999999998,25.1867
31,79,24.8468,24.8388
31,83,24.6428,23.503899999999998
31,87,25.1866,24.0132
31,88,27.3986,27.828300000000002
31,93,24.250600000000002,23.425900000000002
31,94,24.240999999999996,23.348599999999998
31,103,24.894,24.2344
31,104,24.381,23.6316
31,106,24.6312,23.5732
31,108,24.1616,23.7095
31,109,30.3722,26.935333333333332
31,110,26.392599999999998,24.792666666666666
32,6,26.2026,24.777099999999997
32,56,25.415200000000002,24.875
32,57,27.417199999999998,24.9026
32,60,27.8904,25.958000000000006
32,67,26.9908,26.4175
32,70,26.2714,24.536800000000003
32,79,25.9826,25.5708
32,83,25.874599999999997,24.192700000000002
32,87,27.141600000000004,25.1312
32,88,26.3966,28.287
32,93,25.5376,23.846899999999998
32,94,25.323,24.0379
32,102,27.2822,26.296699999999998
32,103,26.044600000000003,24.922900000000002
32,104,25.543,24.0464
32,106,25.973200000000002,24.225199999999997
32,108,25.3294,24.177222222222223
32,109,28.694,27.1372
32,110,28.0724,25.337899999999998
33,6,25.1288,24.5402
33,56,24.591,24.668599999999998
33,57,26.486,24.7121
33,60,26.911,25.7171
33,67,26.431599999999996,25.5617
33,70,25.2898,24.4404
33,75,28.1804,25.8502
33,79,25.3736,24.3905
33,83,25.121199999999998,24.0922
33,87,26.1978,24.9624
33,88,25.7262,28.1455
33,93,24.9208,23.721600000000002
33,94,24.333199999999998,23.8284
33,102,28.199400000000004,26.2469
33,103,25.156799999999997,24.691
33,104,24.7738,23.7983
33,106,24.895599999999998,24.0263
33,108,25.062,23.7837
33,109,27.6678,26.9523
33,110,27.528399999999998,25.5281
34,6,24.636599999999998,24.198600000000003
34,56,24.318,24.4127
34,57,26.031599999999997,24.418699999999998
34,60,27.1184,24.779700000000002
34,67,26.024400000000004,24.557
34,70,24.830599999999997,24.088500000000003
34,75,26.868000000000002,25.7169
34,79,25.0878,24.0727
34,83,24.778799999999997,23.8233
34,87,25.6452,24.526
34,88,25.5616,27.369600000000002
34,93,24.3418,23.4063
34,102,25.712799999999998,25.851499999999998
34,103,24.724,24.1873
34,104,24.497600000000002,23.8818
34,106,24.464199999999998,23.747999999999998
34,108,25.27,24.2276
34,109,24.813,26.835700000000003
34,110,27.057799999999997,25.170199999999998
35,6,24.0198,24.4989
35,56,23.208999999999996,23.5747
35,57,24.693800000000003,24.4087
35,60,25.582,24.826700000000002
35,67,24.4394,24.496199999999998
35,70,23.2538,23.977800000000002
35,75,26.679399999999998,25.3504
35,79,24.4056,24.4841
35,83,23.212200000000003,23.672900000000002
35,87,23.995600000000003,24.446099999999998
35,88,24.081799999999998,25.3324
35,93,30.215999999999998,27.0822
35,94,23.8808,23.2719
35,102,25.544800000000002,25.667899999999996
35,103,23.6042,24.3608
35,104,23.0064,23.710600000000003
35,106,22.913400000000003,23.5702
35,108,23.7912,24.0741
35,109,23.2584,26.7648
35,110,24.0474,25.0179
36,6,24.5916,24.8156
36,56,23.676,23.8904
36,57,23.4266,24.7825
36,60,26.006999999999998,25.2662
36,67,25.0106,24.9177
36,70,23.675199999999997,24.3
36,75,24.2902,25.511100000000003
36,79,24.808600000000002,24.8277
36,83,23.4418,24.0423
36,87,24.529400000000003,24.858
36,88,23.9594,25.679000000000002
36,93,31.364800000000002,27.8077
36,94,22.717800000000004,23.465700000000002
36,102,24.345,25.724
36,103,24.0916,24.4928
36,104,23.431199999999997,23.906100000000002
36,106,23.3044,23.9678
36,108,24.344,24.2528
36,109,24.9794,27.675800000000002
36,110,24.332600000000003,25.3626
37,6,24.9172,25.559900000000003
37,56,24.0014,24.7083
37,57,23.4316,25.4244
37,60,24.190199999999997,26.040300000000002
37,70,23.720399999999998,24.9959
37,75,25.6406,26.325399999999995
37,79,25.2836,25.633100000000002
37,83,23.653200000000002,24.7639
37,87,24.1592,25.6504
37,88,25.1394,25.767999999999994
37,93,31.893399999999996,28.7155
37,94,24.265000000000004,24.253
37,102,25.8026,26.542400000000004
37,103,24.1688,25.1067
37,104,24.3466,24.944799999999997
37,106,23.4684,24.7208
37,108,24.839599999999997,25.0845
37,109,24.9098,26.8019
37,110,26.034000000000002,27.053199999999997
38,6,28.0336,26.581200000000003
38,56,26.071800000000003,25.3314
38,57,25.4598,25.9729
38,60,26.244999999999997,26.577999999999996
38,67,27.0134,27.002099999999995
38,70,25.552799999999998,25.421300000000002
38,75,25.9454,27.062900000000003
38,79,28.245000000000005,26.809299999999997
38,83,25.338600000000003,25.2299
38,87,26.121,26.159399999999998
38,88,26.919400000000003,26.3228
38,93,33.7718,29.346299999999996
38,102,26.2294,27.2144
38,103,26.172000000000004,25.6644
38,104,26.331199999999995,25.5525
38,106,25.285199999999996,25.0904
38,108,26.649199999999997,25.8556
38,109,26.894399999999997,27.2811
38,110,27.316399999999998,27.4224
39,6,28.2254,26.431
39,56,26.315000000000005,25.316499999999998
39,57,25.9,25.9658
39,60,25.9238,26.5211
39,67,27.4244,26.927999999999997
39,70,26.032400000000003,25.4315
39,75,26.2254,26.546699999999998
39,79,28.4038,26.745799999999996
39,83,25.621199999999998,25.2
39,87,26.592000000000002,26.118600000000004
39,88,26.977599999999995,26.269599999999997
39,93,34.1006,29.2212
39,94,24.6706,24.9968
39,102,26.2682,25.990499999999997
39,103,26.5178,25.6209
39,104,26.5464,25.522
39,106,25.6262,25.0452
39,109,26.8194,25.816200000000002
39,110,27.8082,27.433
40,6,27.4398,25.7298
40,56,25.979599999999998,24.594299999999997
40,57,25.6544,25.1741
40,67,27.843,26.933699999999998
40,70,25.9292,24.5915
40,75,26.0702,26.3748
40,79,27.3488,25.8772
40,83,25.541199999999996,24.3767
40,87,26.692,25.343799999999998
40,88,26.8174,25.449599999999997
40,93,26.678199999999997,28.4471
40,94,25.7568,25.045
40,102,30.3416,27.9432
40,103,26.0168,24.8105
40,104,26.5156,24.761
40,106,26.293599999999998,24.6035
40,108,26.2258,25.747899999999998
40,109,26.718799999999998,24.988599999999998
40,110,27.897199999999998,25.9723
41,6,27.4634,26.027499999999996
41,56,26.040399999999998,24.8582
41,57,25.696800000000003,24.561700000000002
41,60,25.738999999999997,25.660500000000003
41,67,28.1772,26.308299999999996
41,70,25.8476,24.761400000000002
41,75,25.843600000000002,25.066899999999997
41,79,27.235000000000003,26.021800000000002
41,83,25.565,24.503400000000003
41,87,26.642599999999998,25.586
41,88,26.754,25.356699999999996
41,93,26.232999999999997,28.798900000000003
41,94,26.212800000000005,25.046799999999998
41,102,30.043200000000002,27.194100000000002
41,103,26.172000000000004,25.131800000000002
41,104,26.494999999999997,24.9631
41,106,26.295799999999996,24.800099999999997
41,108,26.744600000000002,25.2679
41,109,25.4938,25.2366
41,110,28.8072,26.5699
42,6,26.2332,25.575200000000002
42,56,24.6078,24.3046
42,57,24.5228,23.977200000000003
42,60,25.4914,25.749200000000002
42,67,27.847199999999997,26.4289
42,70,24.5666,24.1435
42,75,24.6556,25.1481
42,79,26.982,26.132800000000003
42,83,24.3602,24.0067
42,87,25.1552,24.6572
42,88,24.4874,24.8134
42,93,24.6624,28.2779
42,94,25.870799999999996,24.2943
42,102,28.956,27.3793
42,103,25.2482,24.708499999999997
42,104,24.7154,24.531
42,106,25.070600000000002,24.2695
42,108,26.5534,25.448700000000002
42,109,24.3868,24.6483
42,110,25.544999999999998,25.789499999999997
43,6,23.4128,25.723200000000002
43,57,23.0082,24.234
43,60,23.986200000000004,24.0882
43,67,23.5256,25.2695
43,75,23.0474,24.4964
43,83,22.702,24.0203
43,88,22.8724,24.895899999999997
43,93,22.935,28.3534
43,101,24.7566,24.430500000000002
43,102,27.3482,26.7888
43,104,34.221799999999995,30.2765
43,106,23.4452,24.365199999999998
43,108,25.068800000000003,24.9542
43,109,22.821599999999997,24.858
43,110,24.028,25.672199999999997
43,111,23.661400000000004,23.661400000000004
44,6,23.093799999999998,25.6596
44,57,21.563,23.7315
44,67,23.486,25.4552
44,75,21.6964,23.960900000000002
44,79,24.1006,26.172800000000002
44,83,21.351999999999997,23.486600000000003
44,87,23.359599999999997,24.7403
44,88,22.145,24.5613
44,93,22.2526,28.1766
44,94,24.306199999999997,24.2856
44,102,26.6014,26.434800000000003
44,103,23.5702,24.871100000000002
44,104,33.568,30.0572
44,106,22.538800000000002,24.082500000000003
44,108,22.8434,24.7463
44,109,21.568399999999997,24.1939
44,110,23.553,25.680600000000005
44,111,19.488,19.488
45,6,22.793,25.116400000000002
45,57,21.455,23.5547
45,60,21.8802,24.062599999999996
45,67,23.1492,25.4961
45,75,21.7772,23.9237
45,79,23.7628,26.0833
45,83,21.191399999999998,23.366300000000003
45,87,22.9604,24.7762
45,88,22.177799999999998,24.4976
45,93,22.191399999999998,24.434800000000003
45,94,22.5288,23.5997
45,101,24.0186,24.436100000000003
45,102,22.2526,26.2971
45,103,23.3354,24.9266
45,104,33.5004,30.008000000000003
45,106,25.324600000000004,25.8091
45,108,22.5348,24.3803
45,109,21.4688,24.093799999999998
45,110,23.315,25.606099999999998
45,111,21.116500000000002,21.116500000000002
46,6,23.281399999999998,25.3724
46,57,21.1516,23.4242
46,60,21.613599999999998,23.768700000000003
46,67,22.7508,25.464000000000002
46,79,23.7084,25.5286
46,83,20.742,23.1535
46,93,21.7222,23.977600000000002
46,94,21.8838,23.8203
46,101,23.4838,24.3963
46,102,21.7776,25.9104
46,103,23.1978,24.607300000000002
46,104,33.1964,29.8457
46,106,25.068600000000004,25.6822
46,108,21.928,24.3363
46,109,21.1626,23.328200000000002
46,110,21.975,25.3911
46,111,22.666666666666668,22.666666666666668
47,6,27.3302,26.7817
47,57,22.3006,23.4117
47,60,23.129,24.434
47,67,24.8198,26.333499999999997
47,70,22.925,24.2389
47,79,24.869999999999997,26.052500000000002
47,83,22.8204,23.5903
47,87,23.0678,24.8799
47,88,21.8824,24.318199999999997
47,93,24.4238,24.5431
47,94,22.849600000000002,24.5312
47,101,25.0862,25.1506
47,102,22.7438,25.8499
47,103,23.902,25.037
47,104,34.3624,29.5389
47,106,26.3642,25.717399999999998
47,108,23.314799999999998,24.9341
47,109,23.21,23.7984
47,110,23.347199999999997,24.446099999999998
47,111,24.84275,24.84275
48,6,28.7074,26.0601
48,57,23.745399999999997,23.3768
48,60,24.171799999999998,24.8316
48,67,26.3868,24.956200000000003
48,75,21.345999999999997,23.5948
48,79,24.583199999999998,25.782600000000002
48,83,24.229,23.4655
48,87,23.999399999999998,25.321
48,88,22.8798,23.6836
48,93,25.885,24.409999999999997
48,94,24.1282,24.9995
48,101,24.4652,25.4772
48,102,23.844800000000003,25.5965
48,103,24.5286,24.888399999999997
48,104,24.5302,29.375999999999998
48,106,27.9932,25.7192
48,108,24.494799999999998,24.781799999999997
48,109,24.376,23.5988
48,110,24.6312,24.3296
48,111,25.683999999999997,25.683999999999997
49,6,28.833000000000006,25.9634
49,57,24.843,23.203
49,60,24.1642,24.075200000000002
49,67,26.532799999999998,25.0094
49,75,21.2458,22.9507
49,79,24.6258,24.3632
49,83,25.469,23.4105
49,87,24.1332,24.6442
49,88,22.996399999999998,22.9344
49,94,24.2438,24.275
49,101,24.5426,24.6496
49,103,24.650600000000004,24.1104
49,104,25.0268,29.2974
49,106,28.698400000000003,25.618600000000004
49,108,25.2144,24.0289
49,109,25.3298,23.4491
49,111,26.2814,25.14916666666667
50,57,25.156799999999997,23.3059
50,87,24.6948,24.0272
50,102,24.268,25.4347
50,106,25.7754,25.550000000000004
51,101,25.4784,24.7485
51,103,24.9648,24.1501
52,6,29.1332,25.963099999999997
52,57,27.0002,24.075899999999997
52,60,24.8946,23.3874
52,67,26.7712,24.9602
52,75,21.4348,22.2411
52,79,25.0224,24.392599999999998
52,83,26.3034,23.7474
52,87,28.314999999999998,25.637700000000002
52,88,23.819,22.982
52,94,24.688399999999998,23.6086
52,101,24.5974,24.0406
52,102,26.2306,24.2416
52,104,25.107,29.3037
52,106,26.131400000000003,25.6
52,108,25.342399999999998,23.9386
52,109,25.5764,23.5226
52,110,24.7256,24.1393
52,111,26.4278,24.910285714285717
53,6,30.371000000000002,26.8262
53,57,29.5096,25.905099999999997
53,60,26.3976,24.005599999999998
53,67,28.250600000000002,25.500700000000002
53,70,23.8458,24.9391
53,75,24.046,22.871199999999998
53,79,26.630200000000002,25.1693
53,83,27.939,24.3405
53,87,29.6284,26.3481
53,88,25.311999999999998,23.7449
53,93,26.305400000000002,24.279
53,94,26.1844,24.0341
53,102,27.8178,24.7977
53,104,26.440800000000003,29.818599999999996
53,106,26.2796,26.321900000000007
53,108,27.0676,24.4978
53,109,27.163800000000002,24.1632
53,110,26.321199999999997,24.818099999999998
53,111,27.2468,25.52925
54,6,28.1572,27.7437
54,57,28.2652,26.0053
54,60,25.383000000000003,24.256
54,67,26.2144,25.5171
54,75,24.016199999999998,22.8967
54,79,25.2244,25.047199999999997
54,83,25.743599999999997,24.282
54,87,28.373399999999997,26.186400000000003
54,88,25.2804,23.5814
54,93,26.431400000000004,24.3114
54,94,25.0434,23.9465
54,101,24.4574,24.7718
54,102,26.7012,24.722500000000004
54,103,25.1226,24.160199999999996
54,104,25.1414,29.7519
54,106,25.018,26.505600000000005
54,108,25.407999999999998,24.361399999999996
54,109,25.2146,24.212300000000003
54,110,26.410800000000002,24.1929
54,111,25.785199999999996,25.366333333333333
55,6,28.1102,28.408800000000003
55,57,29.326999999999998,27.084999999999997
55,60,25.0458,24.6088
55,67,25.650800000000004,26.0188
55,75,24.933,23.139499999999998
55,79,25.0128,24.798000000000002
55,83,25.4084,24.8187
55,87,29.003800000000002,26.5685
55,88,26.195999999999998,24.537899999999997
55,93,27.4036,24.5629
55,94,24.525,24.326600000000003
55,101,24.545799999999996,24.505499999999998
55,102,26.4572,25.151
55,103,26.875999999999998,25.389
55,106,25.9512,27.3248
55,108,25.1832,24.839
55,109,24.819399999999998,24.5977
55,110,27.1486,25.247899999999998
55,111,25.3232,25.5036
56,6,29.643399999999996,29.2382
56,57,30.8524,28.0046
56,60,26.668599999999998,25.4164
56,67,27.088600000000003,26.810700000000004
56,75,26.515800000000002,23.8808
56,79,26.686199999999996,25.656
56,83,26.912799999999997,26.1909
56,88,27.742,25.3692
56,93,26.2708,25.3473
56,94,26.0902,25.166999999999998
56,101,26.1844,25.3635
56,102,28.0474,26.1577
56,103,28.6072,26.567899999999998
56,104,24.921,24.7256
56,106,26.9798,26.3776
56,108,26.8716,26.043
56,109,26.369,25.849399999999996
56,110,27.351599999999998,25.9914
56,111,26.806600000000003,26.544
57,6,29.687399999999997,29.4103
57,57,29.295799999999996,28.148000000000003
57,60,27.1524,26.023500000000002
57,75,26.913400000000003,24.1741
57,79,26.610599999999998,25.8165
57,83,26.3738,26.338600000000003
57,87,30.2776,27.486199999999997
57,88,27.6716,25.745299999999997
57,93,25.2238,25.554399999999998
57,94,25.9848,25.3366
57,101,26.018400000000003,25.748399999999997
57,102,26.837799999999998,26.5342
57,104,25.0998,25.0633
57,106,26.848399999999998,26.4899
57,108,26.999599999999997,26.171
57,109,26.3194,25.947899999999997
57,110,27.5514,26.1385
57,111,29.431,27.929399999999998
58,6,28.077999999999996,29.2245
58,60,26.3622,26.379900000000003
58,75,25.910800000000002,24.9784
58,79,25.5516,26.090899999999998
58,83,25.3588,26.648900000000005
58,87,27.4206,27.8678
58,88,26.566200000000002,25.939099999999996
58,93,25.891000000000002,26.098200000000002
58,101,27.578200000000002,26.087800000000005
58,102,25.851599999999998,26.834699999999998
58,103,28.8596,26.7551
58,104,25.4432,25.275100000000002
58,108,25.6592,26.363400000000002
58,109,25.0668,26.1153
58,110,27.0456,26.6834
58,111,28.2634,27.7551
58,112,28.1098,28.1098
58,113,29.284399999999998,29.284399999999998
59,6,26.412,27.2846
59,57,25.8944,27.701999999999998
59,60,26.450799999999997,25.9169
59,79,25.9846,25.6045
59,83,31.4086,28.576100000000004
59,87,26.4762,28.052300000000002
59,88,26.9072,26.093799999999998
59,93,26.361,26.3962
59,94,25.016399999999997,25.6004
59,101,26.447400000000005,25.4524
59,102,26.2074,26.4543
59,103,29.058600000000002,27.0117
59,104,24.4768,25.4588
59,106,25.767200000000003,26.0234
59,108,26.109999999999996,25.758999999999997
59,109,25.083399999999997,25.149
59,110,27.393400000000003,26.9021
59,111,28.3102,27.0477
59,113,25.78,25.78
60,6,25.0022,26.5562
60,12,26.499200000000002,24.9679
60,57,25.739599999999996,27.0024
60,60,25.5256,25.2857
60,75,26.289800000000003,25.153
60,79,25.0094,25.0111
60,83,30.423600000000004,27.916000000000004
60,93,25.3292,26.3664
60,94,24.7606,24.902
60,101,25.0634,24.8046
60,102,25.2088,25.833
60,103,28.8966,27.0096
60,104,24.2934,24.7174
60,106,25.5806,25.299300000000002
60,108,24.927999999999997,25.055600000000002
60,110,25.212200000000003,26.1804
60,111,27.4392,26.3812
60,114,24.1336,24.1336
60,115,24.6708,24.6708
61,6,23.8388,26.7411
61,12,25.4698,24.9666
61,57,25.1224,27.224700000000002
61,60,24.464,25.566300000000002
61,83,29.311,28.1119
61,101,23.8458,25.0151
61,102,24.1044,26.0759
61,103,26.505000000000003,26.690499999999997
61,104,23.849200000000003,24.3851
61,110,24.1204,25.736
61,114,24.328,24.328
61,115,25.343,25.343
61,116,24.5808,24.5808
62,12,30.9204,28.567899999999998
62,57,32.1114,31.481900000000003
62,60,29.792399999999997,28.4724
62,75,25.801,25.367
62,79,23.8996,25.2929
62,83,30.7738,28.5738
62,93,24.0746,25.1727
62,94,24.251399999999997,24.3882
62,101,30.4974,28.2579
62,102,24.9664,25.9021
62,103,32.257000000000005,30.432100000000002
62,104,30.4082,27.753999999999998
62,106,25.027800000000003,25.4895
62,108,24.0154,25.4435
62,110,25.5394,26.5454
62,111,26.2574,26.532
62,114,43.804,43.804
62,115,38.2825,38.2825
62,116,49.729,49.729
63,6,31.781200000000002,30.734299999999998
63,12,30.718,28.4036
63,57,32.7208,31.0083
63,60,30.0276,28.1949
63,75,25.0114,25.763599999999997
63,79,24.9858,25.7982
63,83,31.153400000000005,28.256100000000004
63,93,24.5456,24.8847
63,94,23.6298,24.86
63,101,30.853199999999998,29.215700000000005
63,102,25.345,25.598300000000002
63,103,32.7324,30.796
63,104,30.762999999999998,28.1031
63,106,24.3956,25.6877
63,108,24.6686,25.8341
63,110,25.4788,26.2622
63,111,24.256600000000002,26.843799999999998
63,115,34.60333333333333,34.60333333333333
63,116,38.3565,38.3565
64,6,31.0416,29.559799999999996
64,12,30.8046,28.658800000000003
64,57,32.267399999999995,29.080899999999996
64,60,29.4604,27.955599999999997
64,75,24.247799999999998,25.5806
64,79,24.3748,24.963199999999997
64,93,23.8164,24.853699999999996
64,94,23.3908,24.6878
64,101,30.529999999999994,28.4887
64,102,25.009,25.6082
64,103,32.082,30.570300000000003
64,104,31.0606,27.768700000000003
64,108,24.2288,24.944
64,110,25.0156,26.204500000000003
64,111,23.932800000000004,26.0981
64,114,37.93666666666667,37.93666666666667
64,115,31.53,31.53
64,116,33.071666666666665,33.071666666666665
65,94,23.3588,24.1876
65,116,31.10425,31.10425
66,6,30.9198,28.6659
66,12,31.22,28.8596
66,57,32.635000000000005,29.1873
66,60,29.9262,27.725900000000003
66,75,24.2396,25.075200000000002
66,79,24.378800000000002,25.1817
66,83,24.9062,28.157400000000003
66,93,23.6758,25.0184
66,94,23.0548,23.9077
66,101,30.994,28.028700000000004
66,102,25.617200000000004,25.413
66,103,32.369600000000005,30.633100000000002
66,104,31.5462,27.919800000000002
66,106,24.1166,25.482499999999998
66,108,24.1546,25.1323
66,110,25.3842,25.2982
66,111,23.814,26.062099999999997
66,114,34.56,34.56
66,115,30.1834,30.1834
66,116,42.1714,42.1714
67,6,32.782799999999995,28.892500000000002
67,12,32.5226,28.996199999999998
67,57,33.8724,29.4974
67,60,31.214800000000004,27.8394
67,75,25.2746,25.7822
67,79,25.9444,25.4769
67,83,26.703200000000002,28.5634
67,93,25.354599999999998,25.3419
67,94,24.3098,24.2806
67,101,32.1412,27.9935
67,102,26.8898,25.4971
67,103,33.4638,29.9844
67,106,25.4192,25.593200000000003
67,108,25.8928,25.410400000000003
67,110,26.553000000000004,25.3367
67,111,25.2922,26.365699999999997
67,114,33.693200000000004,33.693200000000004
67,115,31.406200000000002,30.395666666666667
67,116,38.4222,40.306666666666665
68,6,32.219,28.0289
68,12,25.2286,28.0745
68,57,25.026400000000002,28.568900000000003
68,60,25.1154,27.453899999999997
68,75,24.6286,25.2148
68,79,25.2954,24.597500000000004
68,83,26.1404,27.7257
68,93,24.7316,24.403100000000002
68,94,23.2332,23.4315
68,102,25.1834,25.0749
68,103,24.573,28.415000000000003
68,104,32.705799999999996,28.277500000000003
68,106,25.3684,25.4745
68,108,25.1032,24.5593
68,110,29.8194,27.679399999999998
68,111,24.886200000000002,25.5718
68,114,33.074400000000004,31.61666666666667
68,115,25.6418,29.25342857142857
68,116,37.5772,37.79985714285714
69,6,24.0198,27.9005
69,12,24.4728,27.5954
69,57,23.9292,28.325
69,60,23.959600000000002,26.993600000000004
69,75,23.6542,24.3328
69,79,23.797800000000002,24.3918
69,83,24.321199999999997,27.547500000000003
69,93,23.839399999999998,24.192500000000003
69,101,25.042199999999998,27.769799999999996
69,102,25.262,25.3035
69,103,23.662,28.1972
69,104,25.6592,28.0337
69,106,24.7618,24.894799999999996
69,108,25.0076,24.8381
69,110,28.772000000000002,27.125400000000003
69,111,23.7976,24.0271
69,114,25.7392,30.90057142857143
69,115,24.5524,28.3215
69,116,37.7132,35.972625
70,6,25.3274,28.184500000000003
70,12,25.725599999999996,28.2651
70,57,27.5668,29.917100000000005
70,60,25.194,27.327199999999998
70,79,25.2088,24.791800000000002
70,93,26.97,25.3932
70,94,23.162,23.2764
70,101,25.39,28.1216
70,102,26.315199999999997,25.6621
70,104,26.0608,28.411900000000003
70,108,26.855399999999996,25.542099999999998
70,110,29.9506,27.4831
70,111,24.825200000000002,24.379
70,114,26.3256,30.679750000000002
70,115,25.954199999999997,28.432333333333332
72,12,25.2696,28.244799999999998
72,56,22.910000000000004,24.490900000000003
72,57,26.959600000000002,29.7973
72,60,24.8608,27.3935
72,75,25.2016,24.7247
72,79,24.590400000000002,24.4846
72,83,24.6484,27.9009
72,93,26.530199999999997,25.103
72,94,22.5824,22.9706
72,101,25.1588,27.8444
72,102,25.785800000000002,25.7015
72,103,25.0182,28.550100000000004
72,104,25.1564,28.1085
72,106,25.032,24.7138
72,108,29.734,26.9443
72,110,29.6022,27.4932
72,111,24.625400000000003,24.2197
72,114,25.8034,29.695222222222224
72,115,25.4174,27.800400000000003
72,116,38.523399999999995,35.226
73,12,22.8156,27.669100000000004
73,56,22.257600000000004,24.2863
73,57,24.7474,29.3099
73,60,22.3832,26.799
73,75,24.003,24.121299999999998
73,79,22.490000000000002,24.2172
73,83,24.666800000000002,24.7865
73,93,24.4888,24.9217
73,94,22.344199999999997,22.6995
73,101,24.2198,27.606900000000003
73,102,23.6772,25.2835
73,103,24.2012,28.2854
73,106,24.471600000000002,24.2941
73,108,27.7164,26.8046
73,110,28.6904,27.621699999999997
73,111,22.799599999999998,24.0459
73,115,24.0416,27.723900000000004
73,116,25.2352,33.7033
74,6,24.7464,27.8331
74,12,23.5488,24.3887
74,57,25.5432,25.284799999999997
74,60,23.259400000000003,24.1874
74,75,22.8478,24.0612
74,79,22.9704,24.1329
74,83,23.413999999999998,25.0586
74,93,25.1002,24.9159
74,94,22.8108,23.560299999999998
74,101,24.244999999999997,28.193099999999998
74,102,25.545399999999997,25.3644
74,103,22.9712,28.2175
74,104,24.1034,27.8248
74,106,23.1094,24.2643
74,108,28.211599999999997,26.657400000000003
74,110,24.258599999999998,27.038999999999998
74,111,23.2426,24.0644
74,114,23.728199999999998,28.710700000000003
74,115,24.504399999999997,25.0731
74,116,25.222,31.8221
75,6,24.5072,28.645000000000003
75,12,25.1566,24.8147
75,57,27.268,25.5986
75,60,25.5168,24.7382
75,75,25.118199999999998,24.873399999999997
75,79,24.9434,24.370600000000003
75,83,24.9774,25.5589
75,93,26.949400000000004,25.3944
75,94,24.826999999999998,24.030099999999997
75,102,26.913199999999996,26.0876
75,103,27.408800000000003,25.9909
75,104,24.3302,28.518
75,106,25.2542,25.3113
75,108,29.450800000000005,27.229200000000002
75,110,26.3536,27.5628
75,111,25.023400000000002,24.4105
75,114,25.675800000000002,29.375100000000003
75,115,26.144,25.3482
75,116,27.456399999999995,32.5168
76,6,24.8946,28.556800000000003
76,12,25.0312,25.378400000000003
76,57,23.751600000000003,25.6592
76,60,24.590600000000002,24.8923
76,75,25.263799999999996,24.458999999999996
76,79,23.7856,24.4972
76,83,25.355600000000003,24.8384
76,93,25.1182,26.044100000000004
76,94,25.0682,24.1151
76,101,26.6502,25.8462
76,102,25.915799999999997,26.115499999999997
76,103,30.216200000000004,26.939100000000003
76,104,26.022199999999998,25.8407
76,106,25.7548,25.258300000000002
76,108,27.7574,27.306400000000004
76,110,25.5014,27.726
76,111,24.3356,24.5804
76,114,25.0208,25.380000000000003
76,115,25.058600000000002,25.5064
76,116,27.5858,32.6495
77,6,25.3334,24.6766
77,12,25.389400000000002,25.329500000000003
77,57,24.2452,25.6024
77,60,24.8198,24.8403
77,75,24.168200000000002,24.6849
77,79,24.2682,24.4293
77,83,24.4376,24.543
77,93,26.1012,26.3157
77,94,25.708999999999996,24.145699999999998
77,101,25.6796,25.5348
77,102,26.2414,26.013599999999997
77,103,29.2646,27.141399999999997
77,104,25.1352,25.598000000000003
77,106,24.829200000000004,24.930600000000002
77,108,25.213600000000003,27.4738
77,110,26.0602,27.831200000000003
77,111,24.525399999999998,24.5754
77,116,26.569,32.546200000000006
78,6,24.196199999999997,24.7618
78,12,26.382799999999996,24.5992
78,57,24.8794,24.8134
78,60,25.539,23.9611
78,75,24.88,24.441499999999998
78,79,24.941,23.7155
78,83,25.3802,25.023500000000002
78,93,26.442,25.465400000000002
78,94,26.375,24.3596
78,101,25.9712,25.565
78,102,26.673799999999993,25.175499999999996
78,103,30.598000000000003,27.3996
78,104,25.336399999999998,25.2464
78,106,25.3482,24.9099
78,108,25.6318,26.6741
78,110,25.3504,27.020400000000002
78,111,24.944,23.8718
78,114,23.899800000000003,25.1127
78,115,25.485400000000002,25.4514
78,116,27.2966,26.2659
79,6,24.495,24.6207
79,12,26.298399999999997,24.9236
79,57,24.288400000000003,24.9158
79,60,24.9492,24.104300000000002
79,75,24.682,23.7649
79,79,24.7464,23.8584
79,83,25.0898,24.2519
79,93,26.1344,25.6173
79,94,24.437,23.6239
79,101,26.824,25.5219
79,102,25.1296,25.3375
79,103,30.6282,26.7997
79,104,26.1116,25.1075
79,106,25.049600000000005,24.0795
79,108,25.6404,26.926
79,110,25.1456,24.702099999999998
79,111,24.701999999999998,23.9723
79,114,26.6192,26.2113
79,115,25.4952,24.7684
79,116,25.8224,25.5222
80,6,23.5954,24.0513
80,12,25.3562,25.2564
80,114,27.984,25.856099999999998
81,6,25.8604,25.3775
81,12,23.7524,24.3918
81,57,23.355600000000003,25.311799999999998
81,60,23.668799999999997,24.5928
81,75,23.3034,24.2108
81,79,23.6556,24.299500000000002
81,83,26.444200000000002,25.7108
81,93,25.1268,26.038100000000004
81,94,23.326600000000003,24.0768
81,101,25.8608,25.0529
81,102,23.406799999999997,25.16
81,103,27.2348,27.321800000000003
81,104,24.950400000000002,24.640300000000003
81,106,23.6798,24.467000000000002
81,108,24.416800000000002,26.9338
81,111,23.853,24.438200000000002
81,114,27.3644,26.520099999999996
81,115,25.7286,25.1165
82,12,23.3504,24.3699
82,57,23.1378,23.4447
82,70,23.886200000000002,24.9077
82,75,23.0878,24.175800000000002
82,79,23.4612,23.6234
82,83,26.1856,25.7706
82,87,26.472999999999995,27.423199999999998
82,93,23.8988,24.508499999999998
82,94,23.1288,24.0985
82,101,23.5434,25.0968
82,103,24.6652,27.4407
82,104,23.4724,24.747300000000003
82,106,23.185200000000002,24.470000000000002
82,108,24.203599999999998,25.9805
82,109,24.2086,24.514
82,110,25.730600000000003,26.042099999999998
82,111,23.2804,23.808
82,114,27.080399999999997,26.050600000000003
82,115,24.143400000000003,25.1437
82,117,26.018,26.018
83,12,23.455,24.9189
83,57,23.518400000000003,23.881800000000002
83,70,24.299,25.0733
83,75,23.3564,23.7623
83,79,23.681800000000003,23.975
83,83,26.4994,25.4685
83,87,26.2232,27.6135
83,93,23.383,24.7421
83,94,23.1988,24.453899999999997
83,101,23.6062,24.642900000000004
83,103,24.982,27.1233
83,104,23.898400000000002,24.5168
83,106,23.3468,24.088
83,108,24.089000000000002,24.6513
83,109,23.309199999999997,24.8391
83,110,26.135200000000005,25.8183
83,117,28.647,28.647
84,12,22.8886,24.5935
84,57,23.401400000000002,24.1404
84,75,23.0298,23.954900000000002
84,79,23.2492,24.0951
84,83,25.7528,25.566499999999998
84,87,24.5564,27.417
84,94,22.9634,24.669199999999996
84,101,23.2144,24.5928
84,103,24.2386,27.4183
84,104,23.9526,24.6445
84,106,23.1374,24.2428
84,108,23.6588,24.6453
84,109,22.9478,24.633599999999998
84,110,25.422200000000004,25.741200000000003
84,111,23.4814,24.0034
84,114,27.212199999999996,25.556
84,115,24.482200000000002,24.770400000000002
84,117,21.875,21.875
85,57,22.444,23.3662
85,60,23.2102,23.900399999999998
85,75,21.933400000000002,23.3077
85,79,22.3114,23.5289
85,83,24.8642,24.977
85,87,23.22,25.3203
85,94,22.066399999999998,23.2517
85,101,22.339199999999998,24.5816
85,103,23.3196,26.973899999999997
85,104,23.13,24.6208
85,106,22.1192,23.5844
85,108,22.3278,23.9841
85,109,22.147199999999998,23.607
85,110,24.721200000000003,25.035800000000002
85,111,22.5208,23.7324
85,114,23.8176,25.2184
85,115,23.440600000000003,24.463
85,117,20.709999999999997,20.709999999999997
86,12,21.3692,23.3627
86,57,23.9158,23.6357
86,60,24.537200000000002,24.6785
86,75,22.774800000000003,23.0391
86,79,23.23,23.4428
86,83,25.7874,26.1158
86,87,24.8798,25.678000000000004
86,93,23.281,24.8615
86,94,22.9618,23.1442
86,101,23.517599999999998,24.6892
86,103,24.6216,25.928199999999997
86,104,23.9892,24.4698
86,106,24.2714,23.9756
86,108,23.031399999999998,23.7241
86,109,23.5768,24.330099999999998
86,110,26.3106,25.7281
86,111,24.154200000000003,24.4281
86,114,24.557199999999998,26.2706
86,115,24.712,25.1036
87,12,21.4774,22.6149
87,57,23.3608,23.249299999999998
87,60,24.054000000000002,24.7965
87,75,22.1844,22.636100000000003
87,79,22.674799999999998,23.068
87,83,25.3764,25.781
87,87,24.394799999999996,25.4339
87,93,23.1446,24.6395
87,94,22.430799999999998,22.7798
87,101,22.986,23.264699999999998
87,103,23.9042,24.284699999999997
87,104,23.4066,23.4395
87,106,23.9762,23.5807
87,108,22.594,23.3988
87,109,23.287,23.747799999999998
87,110,23.1164,24.4235
87,111,22.829,23.341
87,114,22.906,25.1352
87,115,26.012,25.870299999999997
87,117,23.58325,23.58325
88,108,22.032,23.0605
88,114,22.9874,25.0339
88,115,26.223400000000005,25.1834
89,12,22.298,22.824199999999998
89,57,22.693199999999997,23.1058
89,60,23.949599999999997,24.449400000000004
89,75,21.5338,22.4451
89,79,22.0778,22.8798
89,83,24.847,25.673199999999998
89,87,23.9602,25.0917
89,94,21.9386,22.5687
89,101,22.546,23.0761
89,103,23.6588,24.3204
89,104,22.599200000000003,23.2488
89,106,23.412399999999998,23.3796
89,108,22.8768,23.2678
89,109,22.956799999999998,23.133
89,110,22.564600000000002,24.3499
89,111,23.133,23.206699999999998
89,114,23.203,25.2076
89,115,28.476999999999997,26.479599999999998
89,117,23.488400000000002,23.488400000000002
90,12,21.5106,22.4828
90,57,22.5018,22.951600000000003
90,60,22.8542,23.2615
90,79,22.3066,22.777900000000002
90,83,24.5008,25.126799999999996
90,87,23.7964,24.176399999999997
90,93,22.4772,23.802
90,94,21.936799999999998,22.4501
90,101,22.8454,23.0299
90,103,23.602800000000002,23.9207
90,104,22.574800000000003,23.2637
90,106,23.8472,23.4923
90,108,23.6542,22.991
90,109,23.1282,23.038
90,110,22.387,23.9046
90,111,22.615199999999998,23.0483
90,114,27.8144,25.815999999999995
90,117,22.3592,23.40716666666667
91,12,22.2298,22.5592
91,57,23.6946,23.069300000000002
91,60,23.346200000000003,23.2782
91,75,21.9074,22.4686
91,79,23.6432,22.9773
91,87,27.626600000000003,25.4233
91,93,23.0108,23.4548
91,94,23.0214,22.5439
91,101,23.808799999999998,23.074
91,103,24.5728,23.9462
91,104,23.5122,23.3211
91,106,25.4924,23.805799999999998
91,108,22.467,22.749200000000002
91,111,25.034799999999997,23.7778
91,114,26.43,25.493599999999997
91,115,29.1154,26.278000000000002
92,12,24.319200000000002,22.8442
92,57,22.945800000000002,23.430799999999998
92,60,22.9574,23.747300000000003
92,75,24.0516,22.9925
92,79,23.481199999999998,23.355600000000003
92,83,26.036,25.4501
92,87,26.7682,25.824
92,93,23.8404,23.6117
92,94,22.7748,22.868299999999998
92,101,23.5954,23.5565
92,103,23.9954,24.308500000000002
92,104,23.3576,23.6734
92,106,23.941399999999998,24.1064
92,108,24.2016,23.3978
92,109,23.865199999999998,23.0062
92,110,23.505000000000003,24.113100000000003
92,111,24.4974,24.325799999999997
92,114,28.396000000000004,25.651
92,115,29.085,26.898500000000002
92,117,24.1346,23.489
93,12,24.842000000000002,23.159699999999997
93,57,23.7212,23.541
93,60,23.301799999999997,23.6779
93,75,22.8624,22.8186
93,79,24.002999999999997,23.3389
93,83,22.3002,24.043799999999997
93,87,27.0512,25.723000000000003
93,93,23.834600000000002,23.557799999999997
93,94,23.279,22.854899999999997
93,101,24.2134,23.5997
93,103,24.571,24.2376
93,104,25.078200000000002,24.2424
93,108,25.2334,23.6327
93,109,22.131,22.8539
93,110,21.6354,23.973000000000003
93,111,24.9016,23.8653
93,114,28.2366,25.612000000000002
93,115,27.184800000000003,26.598399999999998
93,117,26.230600000000003,24.160375000000002
94,12,27.0654,24.6817
94,57,26.7108,24.701999999999998
94,60,26.144799999999996,25.0472
94,75,26.788,24.4862
94,79,26.825,24.4514
94,83,25.681399999999996,25.5289
94,87,29.5562,26.7582
94,93,27.880399999999998,25.5125
94,94,25.944,23.941300000000002
94,101,28.7562,25.651100000000003
94,103,27.7774,25.718100000000003
94,104,27.9044,25.2518
94,106,24.332,24.1541
94,108,27.819799999999997,25.348300000000002
94,109,25.5952,24.4411
94,110,25.4838,24.300099999999997
94,111,27.7378,25.435399999999998
94,114,30.713,26.958000000000006
94,115,29.96,28.091700000000003
94,117,29.948,27.119222222222223
95,12,27.3678,24.4392
95,60,27.101,24.977600000000002
95,75,26.6826,24.108200000000004
95,79,26.770400000000002,24.5385
95,87,29.874599999999997,26.835500000000003
95,93,28.111200000000004,25.2942
95,94,26.0452,23.991
95,101,28.944799999999997,25.895099999999996
95,103,27.6886,25.645699999999998
95,104,27.662599999999998,25.1187
95,106,24.282,23.8472
95,108,27.9022,25.7782
95,109,25.774,24.3654
95,110,25.269399999999997,23.917
95,111,29.0794,25.847299999999997
95,114,26.838599999999996,27.3265
95,115,27.1024,27.7897
95,117,30.9698,27.2291
96,12,27.1308,24.6803
96,57,26.963599999999996,24.7327
96,60,26.931399999999996,25.1388
96,75,26.7428,24.3251
96,79,26.433000000000003,25.0381
96,83,25.6276,25.2373
96,87,26.901400000000002,27.264
96,93,27.685000000000002,25.347900000000003
96,94,25.7688,24.3951
96,101,28.853999999999996,26.331400000000002
96,103,27.308,25.9404
96,104,27.4484,25.4803
96,106,24.3064,24.076800000000002
96,108,27.7874,25.1272
96,109,26.349,24.738599999999998
96,110,25.7594,24.073200000000003
96,111,27.755399999999998,26.395100000000003
96,114,26.999199999999995,26.714599999999997
96,115,27.6526,28.383999999999997
96,117,31.042399999999997,26.700800000000005
97,57,25.026400000000002,24.3605
97,75,23.9344,23.993000000000002
97,79,23.462600000000002,23.471899999999998
97,83,25.6416,25.071199999999997
97,87,23.8418,25.305
97,93,26.2308,25.0356
97,94,22.8496,22.812199999999997
97,101,25.593799999999998,24.594600000000003
97,103,24.175599999999996,24.0855
97,104,24.3166,23.8371
97,106,21.868199999999998,23.6803
97,108,26.3084,25.255000000000003
97,110,25.218200000000003,24.3616
97,111,24.959600000000002,24.7285
97,114,31.6464,30.0212
97,115,24.314999999999998,26.7
97,117,29.072000000000003,26.6033
97,118,21.035800000000002,21.035800000000002
98,57,24.083599999999997,23.514699999999998
98,60,24.093200000000003,23.525299999999998
98,75,23.858,23.3602
98,79,24.117600000000003,24.0603
98,83,25.3754,25.7057
98,87,24.393400000000003,25.7223
98,93,26.837400000000002,25.336
98,94,23.404,23.3415
98,103,24.636,24.603500000000004
98,104,23.869799999999998,24.473999999999997
98,106,20.851000000000003,22.3962
98,108,25.800400000000003,25.5169
98,110,25.694799999999997,23.6651
98,114,32.1234,30.18
98,115,24.7024,25.943599999999996
99,12,24.515,24.417099999999998
99,57,27.748,25.7346
99,60,25.717400000000005,24.5096
99,75,22.1558,24.471899999999998
99,79,23.054000000000002,24.939500000000002
99,83,27.353199999999998,24.8267
99,87,23.6334,26.5948
99,94,22.305799999999998,24.1249
99,101,26.0392,25.1263
99,103,22.6398,25.2086
99,104,22.6494,25.2769
99,106,22.9326,23.632299999999997
99,108,24.3982,26.109
99,110,24.018,24.750899999999998
99,111,25.571000000000005,25.2363
99,114,30.8524,30.7827
99,115,24.246199999999998,27.1031
99,117,28.373199999999997,27.3019
100,12,24.489200000000004,24.6656
100,57,25.322,26.016399999999997
100,60,23.2268,24.6858
100,75,22.9868,24.8347
100,79,23.825200000000002,25.297800000000002
100,83,25.023,25.3522
100,87,24.1228,26.998700000000003
100,94,22.921799999999998,24.4835
100,101,22.1242,25.440199999999997
100,103,23.0908,25.389699999999998
100,104,23.1448,25.4037
100,106,23.8036,24.0428
100,108,24.946199999999997,26.424200000000003
100,109,24.4658,24.1655
100,110,25.415,25.3422
100,111,23.1396,25.4387
100,114,31.178000000000004,29.0083
100,115,24.6546,25.878500000000003
100,117,23.068400000000004,26.5082
101,12,25.125799999999998,26.0956
101,57,25.73,26.3468
101,60,25.8522,26.476599999999998
101,75,23.416999999999998,25.0799
101,79,24.083199999999998,25.2581
101,83,25.571199999999997,25.5994
101,87,25.2514,26.0764
101,93,24.4996,26.189999999999998
101,94,24.9082,25.3385
101,101,22.350199999999997,25.647499999999997
101,103,23.5044,25.4062
101,104,24.419999999999998,25.934199999999997
101,106,23.8878,24.0971
101,108,24.9746,26.381
101,109,24.9036,23.5173
101,110,25.609,25.684199999999997
101,111,22.2232,25.6513
101,114,30.975599999999996,28.9874
101,115,24.5884,26.1205
101,117,22.4278,26.6988
102,12,25.340999999999998,26.3544
102,57,27.537799999999997,26.282099999999996
102,60,25.792399999999997,26.361900000000002
102,75,25.5728,24.7536
102,83,26.133999999999997,25.8878
102,93,24.5022,26.3067
102,94,26.583,24.716299999999997
102,101,22.1206,25.487299999999998
102,103,25.3046,24.740099999999998
102,104,27.458999999999996,25.8878
102,106,25.5248,23.696499999999997
102,108,25.238799999999998,25.7736
102,109,22.064,23.8296
102,110,25.96,25.5891
102,111,22.3482,25.0518
102,114,24.9324,28.289399999999993
102,115,26.4954,25.4052
102,117,22.598599999999998,26.8205
103,12,25.3082,26.2195
103,57,27.3644,25.724
103,60,27.728199999999998,25.9107
103,75,25.5434,24.7007
103,79,25.6406,24.5516
103,83,26.1056,25.740499999999997
103,87,27.160800000000002,25.5013
103,93,24.7154,26.200200000000002
103,94,26.585199999999997,24.9946
103,101,24.2014,24.8976
103,103,25.2066,24.9213
103,104,26.985599999999998,25.427699999999998
103,106,25.4058,23.1284
103,108,25.2158,25.5081
103,109,21.8688,23.8214
103,110,25.833199999999998,25.764
103,111,24.1844,24.572000000000003
103,114,24.8786,28.501000000000005
103,115,26.563200000000002,25.632799999999996
103,117,24.7952,26.933600000000002
104,12,26.503800000000002,25.5094
104,57,23.4146,25.5813
104,70,24.0346,24.3006
104,75,23.9068,23.031299999999998
104,83,24.186799999999998,25.77
104,87,26.669,25.531200000000002
104,93,24.7976,25.5142
104,94,25.1772,23.741500000000002
104,101,23.681,24.8601
104,103,23.5944,23.1171
104,104,25.3832,24.0163
104,106,23.4362,23.1844
104,108,23.422,23.9101
104,109,21.345399999999998,23.847199999999997
104,110,25.4408,24.729400000000002
104,114,23.0724,26.962400000000002
104,117,24.3538,26.3635
104,118,24.628,24.628
104,119,23.594600000000003,23.594600000000003
105,12,26.653,25.5711
105,57,23.340799999999998,24.3314
105,70,25.134999999999998,24.029999999999998
105,75,23.860599999999998,23.4237
105,83,24.3416,24.6823
105,87,25.1734,24.403399999999998
105,93,24.738,25.7877
105,94,25.297599999999996,24.1097
105,101,27.5502,24.8372
105,103,23.7482,23.4195
105,104,25.5372,24.341
105,106,23.185200000000002,23.4944
105,108,24.8018,24.874000000000002
105,109,23.4142,23.94
105,110,24.5764,24.9957
105,114,23.4848,27.331400000000002
105,117,25.534000000000002,24.3012
105,118,24.931,24.931
105,119,25.047,25.047
105,120,24.378999999999998,24.378999999999998
106,118,23.659333333333336,23.659333333333336
106,119,23.055500000000002,23.055500000000002
107,12,24.0874,24.6066
107,57,22.734199999999998,24.232099999999996
107,70,23.7012,23.773500000000002
107,75,23.0434,23.2302
107,83,23.7006,24.6359
107,87,24.2286,24.1757
107,93,22.769399999999997,23.634500000000003
107,94,23.011599999999998,23.959899999999998
107,101,26.760400000000004,24.5553
107,103,22.894799999999996,23.1996
107,104,23.8974,24.1587
107,106,22.4394,23.163600000000002
107,108,24.3318,24.653200000000002
107,109,22.8314,23.8675
107,110,23.9526,24.780800000000003
107,114,23.119400000000002,27.047500000000003
107,117,24.787399999999998,23.607599999999998
107,119,40.10366666666667,40.10366666666667
107,120,31.534,31.534
108,12,24.085199999999997,24.7131
108,57,22.1602,24.849
108,70,24.113599999999998,23.999900000000004
108,75,22.1428,23.8578
108,83,23.1304,24.6322
108,87,24.611,24.9312
108,93,22.4696,23.4859
108,94,22.6556,24.6193
108,101,26.365199999999998,24.2429
108,103,22.9032,24.103900000000003
108,104,22.2976,24.878300000000003
108,106,22.226,23.8754
108,108,23.884000000000004,24.5614
108,109,22.415599999999998,22.2398
108,110,23.6068,24.783399999999997
108,114,22.7252,23.8288
108,117,24.3932,23.4959
108,118,36.053,36.053
108,119,35.331500000000005,35.331500000000005
108,120,26.218,26.218
109,12,23.8534,24.5808
109,57,21.9072,24.6358
109,70,23.588,23.9435
109,75,21.8892,23.716299999999997
109,83,22.8388,24.4722
109,87,24.3898,25.775299999999998
109,93,22.162,23.4387
109,94,22.3728,24.479
109,101,25.864600000000003,25.032999999999998
109,103,22.6806,23.9436
109,104,22.1792,24.5824
109,106,22.0148,23.7103
109,108,23.7682,24.492
109,109,22.2476,22.0582
109,110,23.3778,24.6055
109,114,22.4762,23.6774
109,117,23.9302,24.3627
109,118,33.5398,33.5398
109,119,38.052800000000005,38.052800000000005
109,120,24.88033333333333,24.88033333333333
110,12,24.6886,25.5962
110,57,22.990199999999998,23.2024
110,70,24.4374,24.236
110,75,22.709,23.3079
110,83,24.403200000000002,24.294999999999998
110,87,30.1228,28.3959
110,93,23.707,24.2523
110,94,22.7854,23.981299999999997
110,101,26.4592,25.0701
110,103,23.2514,23.4229
110,104,23.798,24.590600000000002
110,106,22.7154,23.0758
110,108,26.141999999999996,24.782
110,109,23.286,22.3157
110,110,23.9876,24.714199999999998
110,114,24.765000000000004,23.9187
110,117,24.3504,24.3521
110,118,33.522,32.03966666666667
110,119,38.232600000000005,36.035000000000004
110,120,25.122999999999998,25.122999999999998
111,12,24.294,25.4735
111,57,22.5984,22.9696
111,70,23.918200000000002,24.5266
111,75,21.9982,22.9294
111,83,24.094,24.2178
111,87,29.556,27.3647
111,93,23.336599999999997,24.0373
111,94,22.2748,23.7862
111,101,22.3776,24.963900000000002
111,103,22.997799999999998,23.373
111,104,23.5728,24.555
111,106,22.3872,22.7862
111,108,24.255599999999998,24.5287
111,109,23.084200000000003,23.2492
111,110,23.5172,24.046799999999998
111,114,24.0032,23.744
111,117,22.8948,24.2144
111,118,32.870400000000004,30.602
111,120,24.6708,24.6708
112,12,23.7038,23.8956
112,57,23.1278,22.931
112,70,24.4448,24.073
112,75,22.4988,22.7711
112,83,24.54,24.1203
112,87,30.285000000000004,27.2568
112,93,24.0112,23.3903
112,94,22.892,22.9518
112,101,22.9648,24.8626
112,103,23.5356,23.215200000000003
112,104,24.2524,24.074900000000003
112,106,23.2506,22.845
112,108,24.699199999999998,24.515499999999996
112,109,23.8176,23.3245
112,110,37.14020000000001,30.5464
112,114,25.225,24.1722
112,117,24.1402,24.4638
112,118,33.404399999999995,29.75
112,119,38.7852,34.291000000000004
112,120,23.051199999999998,24.465
113,12,23.4728,23.779
113,57,24.6078,23.383999999999997
113,70,23.8734,23.9935
113,75,22.6744,22.4086
113,83,24.732599999999998,23.9315
113,93,25.3338,23.901699999999998
113,94,23.016199999999998,22.835900000000002
113,103,23.2708,23.087
113,104,25.5794,23.938499999999998
113,106,23.319399999999998,22.7727
113,108,25.0476,24.4658
113,109,25.1336,23.7746
113,110,37.2028,30.4048
113,114,25.404000000000003,24.064600000000002
113,117,24.0728,24.233
113,118,22.9724,28.786
113,119,28.253800000000002,32.697500000000005
113,120,23.333399999999997,24.15757142857143
114,12,24.6824,24.2679
114,57,26.011599999999998,23.9594
114,70,25.25,24.419
114,75,23.9096,22.8994
114,79,24.986399999999996,24.552
114,83,26.0334,24.436100000000003
114,87,28.544800000000002,26.5779
114,93,26.651999999999997,24.407
114,94,24.2898,23.3313
114,103,24.452800000000003,23.5667
114,106,24.666800000000002,23.3408
114,108,25.9172,24.8427
114,109,26.564,24.4058
114,110,38.626799999999996,31.002299999999998
114,114,26.6466,24.5614
114,117,26.3884,25.159299999999998
114,119,29.8202,32.269666666666666
114,120,24.623399999999997,24.719749999999998
115,12,24.329600000000003,24.509099999999997
115,57,25.0202,24.005200000000002
115,70,24.5066,24.472
115,75,22.992399999999996,22.8507
115,79,23.2378,23.1459
115,83,24.602800000000002,24.503
115,87,28.452000000000005,26.4209
115,93,25.202199999999998,24.4546
115,94,23.6662,23.2258
115,101,24.9768,25.671
115,103,24.0022,23.6268
115,104,26.787599999999998,24.4834
115,106,23.814600000000002,23.265
115,108,23.517599999999998,24.8298
115,109,25.5184,24.4022
115,110,36.7658,30.3767
115,114,24.141600000000004,24.453300000000002
115,117,25.907,25.128700000000002
115,119,24.472,31.262400000000003
116,70,24.657400000000003,24.2878
116,75,23.227,22.6126
116,83,24.5406,24.3173
116,87,22.956,26.5394
116,101,25.2562,25.5604
116,103,24.407400000000003,23.702599999999997
116,106,23.8436,23.1154
116,108,23.854000000000003,24.0548
116,109,25.534399999999998,24.3093
116,110,37.1224,30.319799999999997
116,114,24.287200000000002,24.1452
116,117,26.1382,24.5165
116,120,23.859199999999998,24.42088888888889
116,121,23.564799999999998,23.564799999999998
117,12,24.51,24.401999999999997
117,57,25.1052,23.8518
117,70,26.3942,25.4195
117,75,25.701800000000002,24.100299999999997
117,83,26.2366,25.3883
117,87,24.6234,27.0897
117,93,25.3878,24.3622
117,94,23.797199999999997,23.035999999999998
117,101,27.722199999999997,27.0907
117,103,26.3502,24.942899999999998
117,104,25.9306,24.8643
117,106,24.415399999999998,23.833
117,108,27.994399999999995,26.346799999999995
117,109,28.3684,26.093
117,110,27.3028,32.221500000000006
117,117,24.924200000000003,24.5322
117,119,23.904600000000002,31.068599999999996
117,120,26.9774,25.824099999999998
117,121,31.306,31.306
118,12,24.683999999999997,24.1939
118,57,25.206400000000002,24.167099999999998
118,70,26.8816,25.3775
118,75,26.212200000000003,24.4433
118,83,26.773200000000003,25.7529
118,87,24.6734,27.479200000000002
118,93,25.5978,24.804499999999997
118,94,23.8608,23.3764
118,101,27.75,25.0638
118,104,26.1458,24.8593
118,106,24.907600000000002,24.113500000000002
118,108,28.3222,26.6849
118,109,27.7394,26.436500000000002
118,110,27.8054,32.5041
118,117,25.734,24.903399999999998
118,119,24.095,31.4401
118,120,28.65,25.850600000000004
118,121,27.7935,27.7935
119,12,30.826999999999998,27.149900000000002
119,57,26.3778,25.4928
119,70,27.980399999999996,26.615200000000005
119,75,26.3956,25.1526
119,83,26.938200000000002,26.4858
119,87,26.839,27.691899999999997
119,93,25.781,25.557399999999998
119,94,25.534799999999997,24.2755
119,101,28.961399999999998,25.963099999999997
119,103,27.1162,25.193499999999997
119,104,27.682799999999997,25.967599999999997
119,106,25.724199999999996,25.1955
119,108,28.531599999999997,27.224399999999996
119,109,27.77,27.167
119,110,27.922199999999997,33.274499999999996
119,114,25.7628,25.493900000000004
119,117,24.986600000000003,25.6875
119,119,25.99,27.1219
119,120,30.061200000000003,26.697300000000002
119,121,29.311666666666667,29.311666666666667
120,12,29.95,27.3162
120,70,28.256999999999998,26.3818
120,75,28.3498,25.671100000000003
120,83,32.992200000000004,28.797500000000003
120,87,27.180200000000003,27.8161
120,94,24.462799999999998,24.3763
120,101,27.633799999999997,26.3053
120,103,26.0922,25.2725
120,104,27.0522,26.315800000000003
120,106,26.019,24.916800000000002
120,108,28.881999999999998,26.1998
120,109,33.8506,29.684500000000003
120,110,28.394,32.5799
120,114,26.1498,25.7769
120,117,25.239200000000004,25.573100000000004
120,119,27.256999999999998,28.538600000000002
120,120,28.9698,26.7966
120,121,27.9015,27.9015
121,12,30.798199999999998,27.5639
121,57,25.2702,25.6409
121,70,28.9276,26.7925
121,75,30.440800000000003,26.8339
121,79,22.8204,23.322799999999997
121,83,34.0242,29.282400000000003
121,87,28.532,25.744
121,93,24.682,25.667
121,94,26.072000000000003,24.8691
121,103,27.4914,25.7468
121,104,28.331799999999998,27.5597
121,106,26.892000000000003,25.3678
121,108,29.668599999999998,26.7613
121,109,34.941,30.2377
121,110,29.2648,33.193599999999996
121,114,25.990999999999996,26.3188
121,117,26.1932,26.165700000000005
121,119,28.692200000000003,26.582100000000004
122,87,27.355400000000003,25.9894
123,12,31.0032,27.7566
123,57,25.8542,25.437199999999997
123,70,27.212400000000002,26.8033
123,75,28.071799999999996,26.8868
123,79,23.2358,23.6595
123,83,32.52460000000001,29.380600000000005
123,93,25.0064,25.1043
123,94,26.4644,25.1308
123,101,28.799799999999998,27.028
123,103,27.203000000000003,25.805199999999996
123,104,28.175,27.052799999999998
123,108,25.4864,26.7404
123,110,26.0896,26.696199999999997
123,114,26.4492,25.2954
123,117,26.8488,25.8865
123,119,29.1798,26.5422
123,120,30.0616,26.9604
124,12,30.809599999999996,27.746799999999997
124,57,26.037800000000004,25.5715
124,70,27.115,26.9983
124,75,28.012399999999996,27.112299999999998
124,79,23.4814,24.561
124,83,32.4084,29.5908
124,87,27.1308,25.9021
124,93,25.086599999999997,25.2372
124,94,26.298199999999998,25.0795
124,101,26.1122,26.9172
124,103,25.5512,25.9507
124,104,27.9544,27.050099999999997
124,106,26.2442,25.3298
124,109,31.964999999999996,30.166700000000002
124,110,26.038999999999998,26.922199999999997
124,114,26.592400000000005,25.4398
124,117,26.4476,26.0908
124,119,29.0514,26.573200000000003
124,120,27.038600000000002,27.008000000000003
125,12,24.910800000000002,27.868899999999996
125,57,25.6884,25.447400000000002
125,70,25.1062,26.5433
125,75,26.5306,26.463099999999997
125,79,23.5512,24.2688
125,83,30.625999999999998,28.782100000000003
125,87,24.8888,25.8639
125,93,24.576,25.0869
125,94,24.6232,25.079
125,101,25.615000000000002,26.682499999999997
125,103,24.931800000000003,26.024
125,104,26.0464,26.864599999999996
125,106,25.9698,25.4387
125,108,25.4738,26.897999999999996
125,109,31.305800000000005,29.522600000000004
125,110,24.4216,26.1719
125,114,23.791,24.7769
125,117,24.7512,24.8689
125,119,27.121199999999998,26.5556
125,120,24.785800000000002,26.717900000000004
126,12,24.4202,27.1851
126,57,23.3812,24.8795
126,70,24.8548,26.5559
126,75,24.6552,26.502499999999998
126,79,23.4586,23.3482
126,83,24.4566,28.724400000000003
126,87,24.549799999999998,25.865
126,93,22.988999999999997,24.384999999999998
126,94,24.139,24.300900000000002
126,101,24.096000000000004,26.528699999999997
126,103,24.577,25.334600000000002
126,104,25.811799999999998,26.432
126,106,23.641399999999997,24.6828
126,108,23.8632,26.1974
126,109,29.7322,28.7511
126,110,24.0316,26.212799999999998
126,114,23.422800000000002,24.786300000000004
126,117,24.397,24.818099999999998
126,119,24.4608,25.8589
126,120,23.1432,26.602200000000003
127,12,23.7634,27.2808
127,57,23.473800000000004,24.372
127,70,24.014,26.470800000000004
127,75,22.934800000000003,26.6878
127,79,23.7718,23.296100000000003
127,83,33.622,33.8231
127,87,23.3728,25.9524
127,94,23.0356,24.553800000000003
127,101,24.3672,26.0005
127,106,23.8834,24.9512
127,108,24.1678,26.524899999999995
127,109,24.2212,29.035900000000005
127,110,23.3666,26.3157
127,114,22.7258,24.3584
127,117,23.6528,24.923000000000002
127,119,23.6554,26.1738
127,120,23.474,26.221899999999998
127,122,22.688399999999998,22.688399999999998
128,12,23.2246,27.1139
128,57,22.578200000000002,24.2162
128,70,23.3594,25.285899999999998
128,75,22.6246,25.3482
128,79,31.142000000000003,27.1889
128,83,33.27419999999999,32.8994
128,87,22.7158,25.035600000000002
128,93,23.0874,23.884700000000002
128,101,23.0338,25.916800000000002
128,103,23.6062,25.5488
128,104,23.888600000000004,26.110200000000003
128,106,23.0646,24.9783
128,108,23.074599999999997,26.3716
128,109,22.769600000000004,28.8553
128,110,22.7754,24.4325
128,114,22.3702,24.4097
128,117,27.985599999999998,27.417199999999998
128,120,22.261599999999998,26.161600000000004
129,12,22.0576,26.433600000000002
129,57,21.282600000000002,23.6602
129,70,22.2202,24.6676
129,75,21.3646,24.688499999999998
129,83,32.2464,32.3274
129,87,21.617600000000003,24.374200000000002
129,93,21.900799999999997,23.453599999999998
129,94,22.162200000000002,24.3133
129,101,21.915399999999998,24.0138
129,103,22.410600000000002,24.806800000000003
129,104,22.448999999999998,25.312
129,106,21.733600000000003,23.9889
129,108,21.933,23.709699999999998
129,110,21.5758,23.8074
129,114,21.186600000000002,23.8895
129,117,30.5682,28.5079
129,119,23.275,26.2274
129,120,21.3006,24.1696
130,12,22.0462,23.4785
130,57,21.572200000000002,23.6303
130,70,21.928199999999997,23.5172
130,75,21.6422,24.086399999999998
130,79,29.9906,26.736
130,83,33.1206,31.8733
130,87,22.483600000000003,23.6862
130,93,21.8782,23.4824
130,94,22.1296,24.213900000000002
130,101,22.399,24.006999999999998
130,103,21.934000000000005,23.742600000000003
130,104,22.3528,25.1536
130,106,21.878800000000002,23.9243
130,108,21.8466,23.660199999999996
130,109,21.447799999999997,26.706400000000002
130,110,21.7836,23.102600000000002
130,114,21.705000000000002,22.747999999999998
130,117,31.4678,28.109500000000004
130,119,23.105,26.078200000000002
130,120,21.763199999999998,23.2745
131,12,22.3138,23.366999999999997
131,57,21.695600000000002,22.538400000000003
131,70,22.1792,23.517000000000003
131,75,21.8616,23.2584
131,79,30.061799999999998,26.8065
131,83,33.17739999999999,28.817
131,87,23.1964,23.8731
131,93,21.878,23.226999999999997
131,94,22.319,23.4711
131,101,22.608600000000003,23.3523
131,103,24.375400000000003,24.6536
131,104,22.467599999999997,24.256999999999998
131,106,22.101599999999998,22.8715
131,108,21.992399999999996,22.9278
131,109,21.919400000000003,26.612599999999997
131,110,21.9082,22.969900000000003
131,114,21.885200000000005,22.654
131,117,31.649199999999997,28.0231
131,119,23.3684,25.244799999999998
131,120,21.9844,22.5638
132,12,21.7668,22.765099999999997
132,57,21.2982,22.386000000000003
132,70,21.799199999999995,22.9066
132,75,21.4282,22.1815
132,79,30.2218,26.8402
132,83,22.7758,28.1989
132,87,24.4536,23.9132
132,93,22.1262,22.5576
132,94,22.5014,23.3202
132,101,22.112199999999998,23.239700000000003
132,103,24.5682,24.5726
132,104,22.2652,24.0385
132,106,21.639400000000002,22.761400000000002
132,108,21.459600000000002,22.8137
132,109,22.049,25.8906
132,110,21.495,22.430799999999998
132,114,21.451,22.0884
132,117,31.233799999999995,27.4433
132,119,23.5146,23.9877
132,120,23.0958,23.2849
133,57,23.1736,22.8759
133,83,24.1676,28.7209
133,94,23.7428,23.3892
133,103,25.653399999999998,24.6298
133,117,28.006399999999996,27.996000000000002
133,119,24.662399999999998,24.1589
134,12,23.3272,23.2759
134,57,24.500799999999998,22.8917
134,70,23.541999999999998,23.4507
134,75,22.922800000000002,22.773699999999998
134,79,31.2642,27.518
134,83,25.227800000000002,28.737099999999998
134,87,26.421999999999997,24.5689
134,93,23.4546,23.271
134,94,24.383999999999997,23.2731
134,101,23.7436,23.3887
134,103,27.700200000000002,25.0554
134,104,23.348,23.618299999999998
134,106,22.9854,23.025
134,108,23.008599999999998,23.0416
134,109,23.353199999999998,23.787200000000002
134,110,23.2134,22.994400000000002
134,114,23.0378,22.704
134,117,25.5066,28.037399999999998
134,120,24.764400000000002,23.512999999999998
135,12,24.5974,23.3275
135,57,25.473000000000003,23.5226
135,70,24.8632,23.5417
135,75,24.363,22.8638
135,79,23.363400000000002,27.252699999999997
135,83,25.024400000000004,29.0725
135,87,28.160800000000002,24.8892
135,93,24.731599999999997,23.316200000000002
135,94,24.5864,23.358
135,101,25.041199999999996,23.4783
135,103,28.123,25.0285
135,104,24.6932,23.571099999999998
135,106,24.4496,23.0916
135,108,24.2746,23.1038
135,109,23.9694,23.3695
135,110,25.252000000000002,23.413899999999998
135,114,24.6446,22.915599999999998
135,117,25.851,28.659399999999998
135,119,24.810200000000002,24.0426
135,120,25.752999999999997,23.5268
136,12,24.4802,23.2632
136,57,25.2612,23.4784
136,70,24.5682,23.2482
136,75,24.066200000000002,22.8542
136,79,24.2348,27.1127
136,83,25.0272,29.102299999999996
136,87,28.714599999999997,25.5991
136,93,24.4632,23.1707
136,94,24.6004,23.4597
136,101,24.589199999999998,23.4941
136,103,25.843799999999998,25.109600000000004
136,104,24.4102,23.3815
136,106,24.117399999999996,22.9981
136,108,24.154400000000003,23.0005
136,109,24.7988,23.1233
136,110,25.1938,23.4887
136,114,24.460199999999997,23.082600000000003
136,117,26.0512,28.850199999999994
136,119,24.654000000000003,23.8795
136,120,25.667399999999997,23.715300000000003
137,12,24.3418,23.3278
137,57,26.296,23.7971
137,70,24.2638,23.2215
137,75,25.092000000000002,23.4768
137,79,23.933799999999998,26.9978
137,83,24.8724,23.8241
137,87,27.9356,25.566
137,93,24.194,23.035999999999998
137,94,24.708799999999997,23.6051
137,101,24.1938,23.4012
137,103,25.578,25.073100000000004
137,106,23.826,22.9638
137,108,24.0044,22.9984
137,109,24.4172,23.1683
137,110,24.898200000000003,23.4032
137,114,24.671599999999998,23.278399999999998
137,117,25.7666,28.5002
137,119,24.535800000000002,23.952099999999998
137,120,25.369999999999997,23.6772
138,12,25.8042,23.785500000000003
138,57,26.3942,24.7839
138,70,25.819399999999995,23.8093
138,75,26.387,23.907600000000002
138,79,25.4004,27.8111
138,83,25.1298,24.6487
138,87,27.766000000000002,26.1098
138,93,25.374200000000002,23.7502
138,94,24.4408,24.0918
138,101,25.4784,23.7953
138,103,25.4776,25.5655
138,104,24.251600000000003,23.3596
138,106,25.2942,23.4668
138,108,25.6736,23.5666
138,109,25.785800000000002,23.917399999999997
138,110,26.7472,24.121100000000002
138,114,26.1726,23.811799999999998
138,117,26.3344,27.1704
138,119,25.9024,24.7085
138,120,25.1282,24.112000000000002
139,12,24.178,23.752599999999997
139,57,25.9298,25.2153
139,70,24.363999999999997,23.953
139,75,24.664399999999997,23.7936
139,79,23.662399999999998,27.463299999999997
139,83,24.678199999999997,24.953
139,87,26.0118,26.2169
139,93,23.560399999999998,23.5075
139,94,23.946999999999996,24.1655
139,101,23.612599999999997,23.6781
139,103,24.2906,25.9954
139,104,24.0394,23.1523
139,106,23.609,23.2972
139,108,23.9322,23.4704
139,109,24.2416,23.797400000000003
139,110,25.0918,24.1526
139,114,24.540399999999998,23.789099999999998
139,119,24.067,24.3647
139,120,23.538800000000002,24.1516
140,12,23.9238,24.2606
140,57,24.7072,25.0901
140,70,24.0674,24.4653
140,75,24.3062,24.334600000000002
140,79,23.356,23.3597
140,83,24.2822,24.653299999999998
140,87,25.3666,26.7637
140,93,23.353199999999998,24.0424
140,94,23.6864,24.1364
140,101,23.4228,24.232
140,103,23.8876,26.0053
140,104,22.4774,22.9127
140,106,23.3492,23.8994
140,108,23.6576,23.9661
140,109,23.91,23.9397
140,110,23.9976,24.6248
140,114,24.116999999999997,24.3808
140,117,25.8976,25.7021
140,119,23.9286,24.369400000000002
140,120,23.6686,24.7108
141,12,23.679199999999998,24.0797
141,57,24.5918,24.926499999999997
141,70,23.8876,24.227899999999998
141,75,24.598599999999998,24.3324
141,79,23.1228,23.678800000000003
141,83,23.944200000000002,24.4857
141,87,23.8538,26.2842
141,93,23.0714,23.7673
141,94,23.375400000000003,23.987900000000003
141,101,23.2416,23.915399999999998
141,103,23.488400000000002,24.6661
141,104,22.125,23.409100000000002
141,106,23.1926,23.654999999999998
141,108,23.4386,23.7965
141,109,23.7348,24.266799999999996
141,110,23.6894,24.4416
141,117,24.6314,25.2412
141,120,23.3784,24.5229
141,123,22.3584,22.3584
142,12,24.082,24.2119
142,57,23.9666,25.1313
142,70,26.839999999999996,25.5519
142,75,23.9046,24.4983
142,79,24.967599999999997,24.4507
142,83,24.428,24.6502
142,93,23.6774,23.9357
142,94,23.6596,24.184199999999997
142,101,23.8246,24.0092
142,103,24.281799999999997,24.929899999999996
142,104,22.6282,23.5192
142,106,23.922199999999997,23.874100000000002
142,108,24.1304,24.0674
142,109,24.356599999999997,24.3869
142,110,24.702999999999996,24.8006
142,114,23.7802,24.1202
142,117,25.2084,25.6298
142,120,24.1574,24.7637
142,122,22.457,22.457
142,123,25.147,25.147
143,12,22.159399999999998,23.9818
143,57,22.2168,24.305500000000002
143,70,25.110400000000002,25.4649
143,75,22.256400000000003,24.3217
143,79,23.3898,24.3951
143,83,22.1316,23.630699999999997
143,87,24.6218,26.278699999999997
143,93,22.2328,23.8035
143,94,21.9894,23.2151
143,101,22.1342,23.8063
143,103,22.430799999999998,23.9542
143,104,22.271000000000004,23.2613
143,106,22.2232,23.758699999999997
143,108,21.9954,23.8345
143,109,22.532,24.1589
143,110,22.2848,24.516000000000002
143,114,23.2758,23.9737
143,117,24.9936,25.3801
143,120,22.3536,23.740900000000003
143,123,22.871499999999997,22.871499999999997
144,12,23.6496,23.913800000000002
144,70,26.5776,25.4708
144,75,23.843200000000003,24.253800000000002
144,83,23.82,24.249100000000002
144,87,24.903200000000002,26.334600000000002
144,93,23.822,23.6912
144,94,23.651600000000002,23.7993
144,101,23.788400000000003,23.700499999999998
144,103,23.938799999999997,24.1147
144,104,24.291800000000002,24.1656
144,106,23.687,23.648
144,108,23.5638,23.748
144,109,23.6752,23.958399999999997
144,110,23.767000000000003,24.429399999999998
144,114,23.2766,24.724600000000002
144,117,24.249000000000002,25.2917
144,120,23.8194,23.6791
144,121,27.955399999999997,27.955399999999997
144,123,25.171666666666667,25.171666666666667
145,57,23.6892,24.8095
145,70,26.824,25.4457
145,75,24.0328,24.1695
145,83,24.118000000000002,24.2001
145,87,25.2144,25.613100000000003
145,93,23.9968,23.675
145,94,23.9086,23.7975
145,101,24.3142,23.8685
145,103,24.6166,24.2521
145,104,25.3686,23.923000000000002
145,106,23.784399999999998,23.5668
145,108,23.788,23.7228
145,110,25.0952,24.5464
145,117,24.7904,25.344
145,120,23.815800000000003,23.7422
145,121,26.462,27.269333333333332
145,123,24.871499999999997,24.871499999999997
146,70,27.1156,25.5016
146,117,24.9686,24.8
146,123,24.6762,24.6762
147,12,23.884000000000004,23.9039
147,57,23.656,24.1816
147,70,25.5184,26.1792
147,75,23.830000000000002,24.2143
147,83,24.3644,24.1543
147,87,25.157,25.2618
147,93,24.2786,23.675
147,94,28.4976,25.936500000000002
147,101,24.7602,24.0009
147,103,24.857999999999997,24.1732
147,104,25.480200000000004,23.8026
147,106,24.1542,23.6734
147,108,23.903,23.6708
147,109,23.9242,23.917099999999998
147,110,25.355800000000002,24.5226
147,114,23.821800000000003,24.1811
147,117,33.249399999999994,29.2289
147,120,23.987000000000002,23.682700000000004
147,121,27.6656,27.702142857142857
147,123,24.6946,24.77
148,12,23.8958,23.7875
148,57,23.721799999999998,24.1568
148,70,25.5354,25.3229
148,75,23.2308,23.5677
148,83,24.0466,24.237299999999998
148,87,25.269,24.5614
148,93,23.5918,23.6346
148,94,28.118399999999998,25.889
148,103,24.1218,24.2018
148,104,25.0754,23.8518
148,106,23.561,23.741600000000002
148,108,23.140800000000002,23.6356
148,109,24.123399999999997,23.9291
148,110,24.2914,24.4972
148,114,23.373,23.745
148,117,33.4976,29.245600000000003
148,120,23.2694,23.7134
148,121,25.3244,26.819625
149,12,25.5578,24.8199
149,57,23.4318,23.6992
149,70,27.1122,26.844900000000003
149,83,25.6656,23.898600000000002
149,87,26.8072,25.714499999999997
149,93,26.1664,24.199599999999997
149,94,28.514,25.2517
149,103,28.413800000000002,25.4223
149,104,27.1216,24.6963
149,106,25.2234,23.723300000000002
149,108,26.412200000000002,24.2038
149,109,27.100599999999996,25.7286
149,110,27.108000000000004,24.6964
149,114,25.0512,24.415699999999998
149,117,34.58919999999999,29.419100000000004
149,120,25.098399999999998,23.726
149,121,27.5212,27.69022222222222
149,123,24.8196,24.263
149,124,24.1948,24.1948
150,12,26.0306,24.095
150,57,23.5128,22.8648
150,70,26.5182,26.671100000000003
150,94,29.113400000000002,26.3825
150,101,24.3026,24.0636
150,103,26.861200000000004,25.4
150,104,25.231599999999997,24.761699999999998
150,106,23.788800000000002,23.737900000000003
150,108,24.849200000000003,24.2065
150,109,27.456200000000003,24.994099999999996
150,110,25.691399999999998,24.7292
150,114,25.2406,24.2582
150,120,25.8228,24.8211
150,121,28.3504,28.1529
150,122,21.866500000000002,21.866500000000002
150,125,24.2134,24.2134
150,126,0.0,0.0
151,57,21.8188,22.753999999999998
151,70,25.9446,26.530099999999997
151,93,24.5454,24.183699999999998
151,94,28.012,25.9603
151,101,24.147399999999998,23.1408
151,103,25.3616,24.9891
151,104,23.482400000000002,24.4255
151,106,23.931,23.8577
151,108,23.709200000000003,23.7486
151,109,25.4214,24.548299999999998
151,110,23.701600000000003,24.398400000000002
151,114,23.1706,23.223599999999998
151,120,24.9714,24.3936
151,121,27.596000000000004,27.028999999999996
151,122,21.034333333333333,21.034333333333333
151,124,22.08,22.08
151,125,21.946,21.946
151,126,26.214,26.214
151,127,27.4848,27.4848
152,12,23.187199999999997,23.4184
152,57,21.784,22.72
152,70,24.818400000000004,25.1684
152,93,24.297000000000004,24.1469
152,94,23.756800000000002,26.1272
152,101,22.85,23.319200000000002
152,103,25.4422,25.1501
152,104,23.469199999999997,24.4747
152,106,23.8232,23.9887
152,108,23.7296,23.8163
152,109,25.215600000000002,24.569899999999997
152,110,23.674,24.5149
152,114,25.9524,24.887099999999997
152,120,25.394,24.6905
152,121,26.0072,26.836400000000005
152,122,21.47775,21.47775
152,124,22.4365,22.4365
152,125,22.3105,22.3105
152,126,24.502,24.502
152,127,22.234,22.234
153,12,23.4794,23.6817
153,57,22.1004,22.9111
153,70,25.181,25.3582
153,93,24.5146,24.3966
153,94,24.185399999999998,26.1519
153,101,22.5078,23.411
153,103,25.8462,24.984
153,104,24.2416,24.6585
153,106,24.175400000000003,23.868199999999998
153,108,24.1622,23.651500000000002
153,109,25.4318,24.7776
153,110,24.1158,24.2036
153,114,26.546999999999997,24.96
153,120,25.784999999999997,24.5272
153,121,26.611200000000004,25.9678
153,122,22.149,22.149
153,124,22.751666666666665,22.751666666666665
153,125,23.000333333333334,23.000333333333334
153,126,24.141000000000002,24.141000000000002
153,127,22.7835,22.7835
154,12,24.1672,24.0315
154,57,22.4294,22.930600000000002
154,70,22.5008,24.8065
154,93,27.762,25.6769
154,94,25.2582,26.8861
154,101,22.825200000000002,23.7927
154,103,22.4298,25.4218
154,106,23.226999999999997,24.2252
154,108,21.755399999999998,24.0838
154,109,22.6924,24.896499999999996
154,110,22.1284,24.618199999999998
154,120,24.8998,24.9991
154,121,24.5184,26.019799999999996
154,122,22.6366,22.606666666666666
154,124,23.337,23.337
154,125,23.4235,23.4235
154,126,24.45475,24.45475
154,127,23.40233333333333,23.40233333333333
155,12,21.9832,23.770500000000002
155,57,22.119400000000002,22.8161
155,70,22.282999999999998,24.4006
155,93,25.7204,25.943400000000004
155,94,23.9338,26.5236
155,101,22.756,23.5293
155,103,22.1166,24.4889
155,104,23.1356,25.1286
155,106,22.879399999999997,23.3341
155,108,21.5856,23.217400000000005
155,109,22.706400000000002,25.081300000000002
155,110,21.863,23.7772
155,114,25.647000000000002,25.3491
155,120,22.6226,24.2227
155,121,22.1618,25.2561
155,125,22.8186,22.8186
155,126,23.9346,23.9346
155,127,22.7585,22.7585
156,12,22.2162,24.123399999999997
156,57,22.5798,22.1993
156,70,22.662799999999997,24.3037
156,93,25.9474,25.2464
156,94,24.6898,26.350900000000003
156,101,23.4168,23.7821
156,103,22.799799999999998,24.0807
156,104,23.1358,24.183699999999998
156,106,22.410400000000003,23.1707
156,108,22.3882,23.0487
156,109,23.2972,24.3593
156,110,22.838800000000003,23.2702
156,114,25.785199999999996,25.512900000000002
156,120,23.0738,24.0226
156,121,22.6362,25.1161
156,122,22.8004,22.53357142857143
156,123,23.8534,24.347749999999998
156,125,23.306,23.079333333333334
156,126,23.129399999999997,23.6435
156,127,22.6298,22.6298
157,12,25.386599999999998,24.2869
157,57,24.097,22.9405
157,70,24.107799999999997,24.4631
157,93,27.5302,25.913599999999995
157,94,26.130399999999998,24.943599999999996
157,101,24.8952,23.8726
157,103,25.1,25.271099999999997
157,104,25.639999999999997,24.561199999999996
157,106,24.3598,24.0915
157,108,24.2806,24.005100000000002
157,109,24.582,24.8988
157,110,24.5248,24.0994
157,114,27.8842,25.5274
157,120,24.408,24.901
157,121,24.223399999999998,25.1153
157,122,30.277800000000003,26.8115
157,123,25.2806,25.09877777777778
157,125,24.7812,24.075285714285712
157,126,24.5548,24.539714285714286
157,127,24.202199999999998,23.874166666666667
158,12,25.32,24.399700000000003
158,57,24.3608,23.230600000000003
158,70,24.284200000000002,24.7326
158,93,27.6726,26.0936
158,94,26.041000000000004,25.1132
158,101,24.957,23.7324
158,104,25.8876,24.6784
158,106,24.4262,24.3008
158,108,24.377000000000002,24.269600000000004
158,109,24.8014,25.1166
158,110,24.693,24.404400000000003
158,114,25.081,25.516699999999997
158,120,24.5822,25.183600000000002
158,121,24.355,25.4831
158,122,30.6322,26.563555555555556
158,123,25.401,25.0386
158,125,24.8726,24.1705
158,126,24.7202,24.503
158,127,24.3418,23.89657142857143
159,12,24.794,24.4806
159,57,24.0568,23.2431
159,70,23.8068,23.1538
159,93,24.6462,26.2041
159,94,24.866999999999997,25.0626
159,101,24.484199999999998,23.654700000000002
159,103,25.5616,25.703899999999997
159,104,25.243000000000002,24.7423
159,106,24.0546,23.6408
159,108,24.2824,23.0189
159,109,27.1382,24.915300000000002
159,110,24.506400000000003,23.3174
159,114,24.7014,25.624199999999995
159,120,24.1518,24.5258
159,121,23.9422,24.2303
159,122,30.218400000000003,26.183699999999998
159,123,24.727999999999998,24.7113
159,125,24.6254,24.09122222222222
159,126,24.231599999999997,24.33077777777778
159,127,23.782,23.639625
160,12,25.0976,23.5404
160,57,24.6956,23.4075
160,70,24.4138,23.3484
160,101,25.0722,23.9141
160,103,25.3976,23.9137
160,104,25.0488,24.0922
160,106,24.800199999999997,23.8398
160,108,24.8912,23.238400000000002
160,109,27.4908,25.0986
160,110,25.293,23.578
160,114,24.7828,25.2149
160,120,25.1512,23.8869
160,121,24.4914,23.326600000000003
160,122,30.836399999999998,26.7365
160,123,25.430799999999998,25.1252
160,126,24.6038,24.2692
160,127,24.3552,23.645555555555557
161,12,24.7502,23.4832
161,57,24.3064,23.4431
161,70,24.2012,23.432
161,93,24.4704,25.0954
161,94,24.285199999999996,24.1095
161,101,24.8966,24.1567
161,103,25.652800000000003,23.8847
161,104,25.0578,24.0968
161,106,24.6708,23.5406
161,108,24.7678,23.578
161,109,27.3516,25.3244
161,110,24.8124,23.8256
161,114,26.799400000000002,26.2923
161,120,24.936600000000006,24.005200000000002
161,122,30.7716,26.786
161,125,25.2288,24.023699999999998
161,127,24.2682,23.449
162,12,24.2798,24.833199999999998
162,57,24.1418,24.119400000000002
162,70,24.1548,24.1313
162,93,25.718400000000003,25.832900000000002
162,94,25.722799999999996,25.2063
162,101,24.5246,24.709899999999998
162,103,26.9,24.849899999999998
162,104,24.351,24.9955
162,106,24.0592,24.209500000000002
162,108,24.075599999999998,24.1781
162,110,24.302599999999998,24.4137
162,114,26.5468,27.2155
162,120,26.870800000000003,25.639400000000002
162,121,24.290399999999998,23.4633
162,122,25.2382,27.758
162,123,24.66,24.256700000000002
162,125,26.297800000000002,24.8019
162,126,24.423399999999997,23.776400000000002
162,127,23.9536,24.0779
163,12,23.9432,24.6316
163,57,23.9474,24.1541
163,70,24.0534,24.1688
163,93,24.3454,25.9378
163,94,24.973999999999997,25.5522
163,101,24.330399999999997,24.643700000000003
163,103,24.7582,24.9291
163,104,24.840799999999998,25.3642
163,106,24.084799999999998,24.2555
163,108,24.21,24.2935
163,109,27.2528,25.917400000000004
163,110,24.224600000000002,24.4588
163,114,26.3956,25.738300000000002
163,120,26.858000000000004,25.720100000000002
163,121,22.886000000000003,23.5547
163,122,25.148199999999996,27.8902
163,123,23.1284,24.204500000000003
163,125,24.8994,24.8403
163,126,23.0948,23.824800000000003
163,127,23.8226,24.0822
164,12,23.9408,24.3674
164,70,25.428000000000004,24.6174
164,93,23.8202,25.7464
164,94,24.4356,25.238300000000002
164,101,24.3256,24.4049
164,103,23.8678,24.7147
164,104,24.617,24.93
164,106,23.8354,23.945
164,108,23.6856,23.984
164,109,26.96,25.8807
164,110,23.8812,24.193800000000003
164,114,26.2472,25.4743
164,120,26.4964,25.3241
164,121,22.449199999999998,23.4021
164,122,24.946,27.5822
164,123,23.485,24.443
164,125,24.3976,24.6351
164,126,22.6002,23.6602
164,127,23.6736,23.727800000000002
165,12,22.8488,23.9732
165,57,23.6114,23.8341
165,93,23.032,23.839100000000002
165,94,23.648400000000002,24.2577
165,101,23.089199999999998,24.0807
165,103,22.633,24.015300000000003
165,104,23.6642,24.3565
165,106,22.472,23.6361
165,108,23.512999999999998,24.2021
165,109,22.9932,25.0657
165,110,22.4976,23.8953
165,114,24.841,24.811899999999998
165,120,24.9372,25.0442
165,121,21.734199999999998,22.8382
165,122,23.0734,26.954900000000002
165,123,22.725600000000004,23.7268
165,125,23.1792,23.902300000000004
165,126,21.507799999999996,22.8697
165,127,22.642000000000003,23.498600000000003
166,12,23.507799999999996,24.128999999999998
166,57,23.738,24.2168
166,70,24.3216,24.367700000000003
166,93,23.2992,23.884800000000002
166,94,23.933200000000003,24.109199999999998
166,101,24.7832,24.8399
166,103,25.964,25.8084
166,104,24.245600000000003,24.651699999999998
166,106,23.0118,23.8413
166,108,24.727200000000003,24.747500000000002
166,109,23.157,25.323900000000002
166,110,23.131,23.9717
166,114,23.186799999999998,24.9931
166,121,21.909399999999998,23.200400000000002
166,122,23.7936,27.282599999999995
166,123,22.7728,24.1018
166,125,23.4792,24.354000000000003
166,126,21.9934,23.2986
166,127,23.1712,23.7197
167,12,22.9546,23.6172
167,57,23.5188,23.9126
167,70,24.1066,24.1539
167,93,21.669800000000002,23.6941
167,94,22.0396,23.8812
167,101,23.2058,23.8652
167,103,24.617399999999996,25.758699999999997
167,104,22.851800000000004,23.6014
167,106,21.3522,22.7057
167,108,23.4794,23.7775
167,109,23.0128,25.1822
167,110,21.4518,22.877200000000002
167,114,21.5426,24.0447
167,120,25.451,25.193800000000003
167,121,21.6792,22.9848
167,122,22.2144,23.726300000000002
167,123,22.773000000000003,23.7165
167,125,21.6674,23.982599999999998
167,126,21.9052,23.1643
167,127,21.525399999999998,22.7395
168,12,24.366,24.1546
168,57,22.3622,23.252
168,70,24.494999999999997,24.3249
168,94,21.6586,23.316300000000002
168,101,23.461000000000002,23.895699999999998
168,103,24.6624,24.7103
168,104,22.5244,23.6826
168,106,21.317,22.7009
168,108,23.267000000000003,23.738500000000002
168,109,22.3008,24.7768
168,110,21.518,22.871299999999998
168,114,21.7986,24.0971
168,120,22.7224,24.7966
168,121,21.8308,22.3584
168,122,22.1842,23.666199999999996
168,123,22.8912,23.0098
168,125,21.8168,23.3581
168,126,23.8216,23.458199999999998
168,127,21.6156,22.7191
169,12,24.736,24.3384
169,57,22.492800000000003,23.2201
169,93,21.7308,23.0381
169,94,22.2044,23.32
169,101,23.9842,24.154899999999998
169,103,25.208000000000002,24.5379
169,104,23.5108,24.0639
169,106,21.8334,22.8344
169,108,23.995,23.840300000000003
169,109,22.672,24.816
169,110,21.939,22.9101
169,114,22.398200000000003,24.3227
169,120,22.644,24.750999999999998
169,121,22.1398,22.2945
169,122,22.6554,23.8007
169,123,22.444200000000002,22.9646
169,125,22.141,23.2693
169,126,24.268400000000003,23.4343
169,127,22.1626,22.918100000000003
170,12,26.5094,24.6791
170,57,22.9312,23.2713
170,70,24.4676,24.2605
170,93,23.5554,23.6878
170,94,23.104599999999998,23.3765
170,101,24.970800000000004,24.029999999999998
170,103,26.431,24.532000000000004
170,104,24.232999999999997,23.9486
170,108,23.9868,23.7499
170,109,23.512,23.252599999999997
170,110,22.964199999999998,22.7309
170,114,25.0948,24.9679
170,120,22.887800000000002,24.6921
170,121,25.2718,23.502999999999997
170,122,23.3658,23.2196
170,123,23.3866,23.0561
170,125,23.5726,23.3759
170,127,22.894799999999996,22.7684
171,12,26.189999999999998,24.8489
171,57,24.287399999999998,24.012700000000002
171,70,23.3294,24.3787
171,93,24.593600000000002,23.812800000000003
171,94,22.857799999999997,23.395500000000002
171,101,23.6554,24.219299999999997
171,104,23.960199999999997,24.102899999999998
171,106,22.868000000000002,22.669999999999998
171,108,23.134800000000002,23.931
171,109,23.190999999999995,23.174
171,110,22.5856,22.8583
171,114,26.988599999999998,25.0877
171,120,23.7926,24.3649
171,121,25.020400000000002,23.4649
171,122,23.2222,23.5079
171,123,23.617200000000004,23.195
171,125,23.269600000000004,23.3744
171,126,25.2522,23.380000000000003
171,127,22.721600000000002,22.9464
172,12,25.25,24.1023
172,57,24.602600000000002,24.0607
172,93,23.9054,23.6023
172,94,23.155199999999997,22.5974
172,101,23.9814,23.5936
172,103,23.341,24.6525
172,104,24.4408,23.6463
172,106,22.291199999999996,22.6515
172,108,22.9496,23.2145
172,109,24.9548,23.983800000000002
172,110,22.8096,22.1307
172,114,27.059999999999995,24.301299999999998
172,120,23.3464,24.398699999999998
172,121,25.2212,23.4502
172,122,23.2816,22.747999999999998
172,123,23.968,23.3705
172,125,23.5294,22.5984
172,126,26.669599999999996,24.3315
172,127,22.9276,22.2265
173,12,24.8872,24.626600000000003
173,57,25.642000000000003,24.002100000000002
173,70,24.2072,24.2644
173,93,25.44,23.5549
173,94,23.987199999999998,22.822899999999997
173,101,25.0596,24.260299999999997
173,103,26.111199999999997,25.364300000000004
173,104,25.515,24.0197
173,106,23.982599999999998,22.6674
173,108,23.935399999999998,23.6012
173,109,25.6998,24.000300000000003
173,110,23.831799999999998,22.6749
173,114,27.804000000000002,24.8013
173,120,23.5896,23.156
173,121,26.0314,23.9311
173,122,25.988400000000002,24.0863
173,123,24.9484,23.9198
173,125,24.477,23.1469
173,126,28.147399999999998,25.0263
173,127,23.748400000000004,22.682
