race_id,driver_id,start_position
1,57,1
1,6,2
1,60,3
1,94,4
1,87,5
1,67,6
1,70,7
1,79,8
1,93,9
1,12,10
1,100,11
1,75,12
1,103,13
1,101,14
1,83,15
1,105,16
1,89,17
1,106,18
1,107,19
1,104,20
2,60,1
2,6,2
2,83,3
2,79,4
2,104,5
2,87,6
2,70,7
2,101,8
2,57,9
2,93,10
2,105,11
2,75,12
2,12,13
2,100,14
2,94,15
2,67,16
2,89,17
2,107,18
2,106,19
2,103,20
3,60,1
3,6,2
3,83,3
3,57,4
3,94,5
3,79,6
3,70,7
3,75,8
3,93,9
3,67,10
3,87,11
3,101,12
3,12,13
3,100,14
3,105,15
3,107,16
3,104,17
3,103,18
3,106,19
3,89,20
4,60,1
4,57,2
4,83,3
4,79,4
4,94,5
4,6,6
4,101,7
4,75,8
4,93,9
4,103,10
4,107,11
4,12,12
4,106,13
4,70,14
4,87,15
4,100,16
4,104,17
4,89,18
4,105,19
4,67,20
5,57,1
5,83,2
5,60,3
5,6,4
5,94,5
5,79,6
5,87,7
5,12,8
5,93,9
5,67,10
5,100,11
5,104,12
5,101,13
5,106,14
5,75,15
5,70,16
5,89,17
5,103,18
5,107,19
5,105,20
6,79,1
6,60,2
6,57,3
6,6,4
6,83,5
6,101,6
6,12,7
6,93,8
6,75,9
6,104,10
6,70,11
6,100,12
6,107,13
6,106,14
6,105,15
6,89,16
6,103,17
6,67,18
6,87,19
6,94,20
7,60,1
7,83,2
7,94,3
7,57,4
7,6,5
7,79,6
7,70,7
7,101,8
7,93,9
7,75,10
7,87,11
7,105,12
7,106,13
7,12,14
7,100,15
7,103,16
7,107,17
7,89,18
7,104,19
7,67,20
8,57,1
8,83,2
8,60,3
8,94,4
8,79,5
8,6,6
8,93,7
8,106,8
8,87,9
8,67,10
8,101,11
8,70,12
8,75,13
8,104,14
8,89,15
8,12,16
8,100,17
8,107,18
8,103,19
8,105,20
9,83,1
9,57,2
9,6,3
9,94,4
9,67,5
9,60,6
9,79,7
9,87,8
9,93,9
9,70,10
9,101,11
9,104,12
9,103,13
9,100,14
9,75,15
9,107,16
9,106,17
9,89,18
9,105,19
9,12,20
10,57,1
10,60,2
10,6,3
10,83,4
10,94,5
10,79,6
10,87,7
10,67,8
10,106,9
10,101,10
10,70,11
10,75,12
10,12,13
10,104,14
10,89,15
10,93,16
10,100,17
11,60,1
11,83,2
11,6,3
11,94,4
11,87,5
11,67,6
11,70,7
11,93,8
11,106,9
11,75,10
11,12,11
11,107,12
11,89,13
11,57,14
11,101,15
11,105,16
11,103,17
11,100,18
11,79,19
11,104,20
12,57,1
12,83,2
12,6,3
12,60,4
12,93,5
12,104,6
12,94,7
12,105,8
12,87,9
12,67,10
12,12,11
12,79,12
12,70,13
12,89,14
12,100,15
12,106,16
12,101,17
12,75,18
12,107,19
12,103,20
13,57,1
13,60,2
13,101,3
13,75,4
13,67,5
13,6,6
13,94,7
13,79,8
13,87,9
13,104,10
13,105,11
13,106,12
13,89,13
13,12,14
13,107,15
13,103,16
13,83,17
13,70,18
13,93,19
13,100,20
14,6,1
14,60,2
14,57,3
14,83,4
14,94,5
14,67,6
14,93,7
14,101,8
14,104,9
14,103,10
14,87,11
14,107,12
14,12,13
14,75,14
14,106,15
14,105,16
14,100,17
14,89,18
14,79,19
14,70,20
15,57,1
15,94,2
15,60,3
15,83,4
15,6,5
15,79,6
15,75,7
15,67,8
15,101,9
15,70,10
15,12,11
15,93,12
15,106,13
15,89,14
15,104,15
15,87,16
15,105,17
15,100,18
15,107,19
15,103,20
16,83,1
16,57,2
16,60,3
16,6,4
16,87,5
16,101,6
16,106,7
16,75,8
16,67,9
16,89,10
16,93,11
16,70,12
16,107,13
16,103,14
16,100,15
16,12,16
16,104,17
16,79,18
16,94,19
16,105,20
17,57,1
17,83,2
17,94,3
17,6,4
17,67,5
17,105,6
17,104,7
17,60,8
17,75,9
17,106,10
17,101,11
17,87,12
17,93,13
17,103,14
17,79,15
17,70,16
17,107,17
17,12,18
17,100,19
17,89,20
18,57,1
18,6,2
18,83,3
18,79,4
18,60,5
18,101,6
18,70,7
18,67,8
18,106,9
18,75,10
18,93,11
18,87,12
18,12,13
18,107,14
18,103,15
18,89,16
18,100,17
18,94,18
18,104,19
18,105,20
19,79,1
19,94,2
19,57,3
19,60,4
19,83,5
19,6,6
19,70,7
19,93,8
19,106,9
19,89,10
19,101,11
19,12,12
19,75,13
19,105,14
19,100,15
19,87,16
19,103,17
19,67,18
19,107,19
19,104,20
20,57,1
20,60,2
20,83,3
20,6,4
20,94,5
20,89,6
20,106,7
20,67,8
20,104,9
20,87,10
20,79,11
20,75,12
20,70,13
20,107,14
20,93,15
20,105,16
20,12,17
20,101,18
20,103,19
20,100,20
21,57,1
21,83,2
21,60,3
21,6,4
21,79,5
21,94,6
21,67,7
21,106,8
21,101,9
21,70,10
21,93,11
21,89,12
21,87,13
21,75,14
21,12,15
21,105,16
21,104,17
21,100,18
21,107,19
21,103,20
22,57,1
22,83,2
22,60,3
22,94,4
22,106,5
22,67,6
22,87,7
22,108,8
22,6,9
22,75,10
22,70,11
22,79,12
22,109,13
22,102,14
22,88,15
22,103,16
22,104,17
22,93,18
22,110,19
22,56,20
23,106,1
23,60,2
23,57,3
23,83,4
23,94,5
23,87,6
23,93,7
23,6,8
23,108,9
23,79,10
23,67,11
23,109,12
23,104,13
23,75,14
23,88,15
23,102,16
23,70,17
23,103,18
23,110,19
23,56,20
24,83,1
24,57,2
24,60,3
24,106,4
24,94,5
24,104,6
24,79,7
24,70,8
24,87,9
24,67,10
24,88,11
24,75,12
24,6,13
24,93,14
24,108,15
24,103,16
24,110,17
24,56,18
24,102,19
24,109,20
25,83,1
25,57,2
25,60,3
25,94,4
25,75,5
25,88,6
25,108,7
25,106,8
25,93,9
25,79,10
25,109,11
25,87,12
25,103,13
25,67,14
25,70,15
25,110,16
25,102,17
25,56,18
25,6,19
25,104,20
26,83,1
26,57,2
26,60,3
26,94,4
26,106,5
26,104,6
26,67,7
26,87,8
26,88,9
26,108,10
26,109,11
26,93,12
26,79,13
26,6,14
26,75,15
26,103,16
26,56,17
26,102,18
26,110,19
26,70,20
27,57,1
27,83,2
27,94,3
27,60,4
27,87,5
27,79,6
27,88,7
27,104,8
27,93,9
27,109,10
27,70,11
27,108,12
27,67,13
27,6,14
27,106,15
27,75,16
27,103,17
27,102,18
27,110,19
27,56,20
28,60,1
28,57,2
28,106,3
28,79,4
28,104,5
28,83,6
28,70,7
28,108,8
28,94,9
28,88,10
28,93,11
28,102,12
28,109,13
28,67,14
28,75,15
28,6,16
28,103,17
28,110,18
28,56,19
28,87,20
29,57,1
29,83,2
29,106,3
29,94,4
29,108,5
29,93,6
29,60,7
29,79,8
29,104,9
29,102,10
29,109,11
29,6,12
29,70,13
29,75,14
29,87,15
29,67,16
29,103,17
29,56,18
29,88,19
29,110,20
30,106,1
30,94,2
30,83,3
30,57,4
30,108,5
30,6,6
30,102,7
30,104,8
30,60,9
30,87,10
30,67,11
30,79,12
30,75,13
30,103,14
30,70,15
30,88,16
30,56,17
30,109,18
30,93,19
30,110,20
31,83,1
31,57,2
31,106,3
31,94,4
31,104,5
31,60,6
31,79,7
31,108,8
31,109,9
31,70,10
31,102,11
31,6,12
31,93,13
31,67,14
31,75,15
31,87,16
31,88,17
31,103,18
31,110,19
31,56,20
32,57,1
32,94,2
32,83,3
32,104,4
32,6,5
32,67,6
32,93,7
32,75,8
32,70,9
32,106,10
32,102,11
32,87,12
32,79,13
32,88,14
32,103,15
32,109,16
32,110,17
32,56,18
32,108,19
32,60,20
33,94,1
33,83,2
33,57,3
33,106,4
33,60,5
33,104,6
33,108,7
33,93,8
33,67,9
33,6,10
33,70,11
33,109,12
33,88,13
33,87,14
33,110,15
33,75,16
33,102,17
33,103,18
33,56,19
33,79,20
34,106,1
34,60,2
34,57,3
34,83,4
34,94,5
34,6,6
34,75,7
34,87,8
34,67,9
34,79,10
34,108,11
34,70,12
34,104,13
34,110,14
34,93,15
34,103,16
34,109,17
34,102,18
34,88,19
34,56,20
35,106,1
35,57,2
35,83,3
35,60,4
35,79,5
35,70,6
35,93,7
35,109,8
35,103,9
35,102,10
35,87,11
35,88,12
35,67,13
35,110,14
35,56,15
35,108,16
35,104,17
35,75,18
35,94,19
35,6,20
36,106,1
36,57,2
36,60,3
36,94,4
36,83,5
36,109,6
36,93,7
36,70,8
36,108,9
36,102,10
36,104,11
36,6,12
36,87,13
36,88,14
36,75,15
36,103,16
36,67,17
36,110,18
36,56,19
36,79,20
37,106,1
37,57,2
37,60,3
37,83,4
37,93,5
37,70,6
37,108,7
37,67,8
37,94,9
37,79,10
37,75,11
37,102,12
37,87,13
37,103,14
37,6,15
37,104,16
37,110,17
37,56,18
37,88,19
37,109,20
38,60,1
38,106,2
38,83,3
38,57,4
38,94,5
38,109,6
38,93,7
38,108,8
38,104,9
38,67,10
38,102,11
38,103,12
38,6,13
38,88,14
38,70,15
38,79,16
38,75,17
38,110,18
38,87,19
39,106,1
39,60,2
39,57,3
39,94,4
39,109,5
39,83,6
39,93,7
39,108,8
39,88,9
39,104,10
39,75,11
39,70,12
39,79,13
39,6,14
39,102,15
39,103,16
39,87,17
39,67,18
39,110,19
39,56,20
40,83,1
40,60,2
40,94,3
40,106,4
40,57,5
40,109,6
40,93,7
40,108,8
40,79,9
40,104,10
40,70,11
40,87,12
40,88,13
40,103,14
40,67,15
40,102,16
40,6,17
40,110,18
40,56,19
40,75,20
41,94,1
41,60,2
41,57,3
41,83,4
41,109,5
41,104,6
41,67,7
41,6,8
41,87,9
41,108,10
41,79,11
41,102,12
41,70,13
41,106,14
41,75,15
41,88,16
41,103,17
41,110,18
41,56,19
41,93,20
42,57,1
42,94,2
42,106,3
42,60,4
42,109,5
42,108,6
42,79,7
42,93,8
42,70,9
42,75,10
42,104,11
42,103,12
42,88,13
42,87,14
42,67,15
42,102,16
42,6,17
42,110,18
42,56,19
42,83,20
43,83,1
43,94,2
43,108,3
43,109,4
43,57,5
43,75,6
43,106,7
43,93,8
43,103,9
43,79,10
43,60,11
43,104,12
43,88,13
43,101,14
43,67,15
43,87,16
43,110,17
43,102,18
43,6,19
43,111,20
44,57,1
44,94,2
44,93,3
44,83,4
44,101,5
44,109,6
44,104,7
44,79,8
44,108,9
44,60,10
44,110,11
44,103,12
44,88,13
44,106,14
44,87,15
44,6,16
44,75,17
44,111,18
44,102,19
45,57,1
45,83,2
45,103,3
45,75,4
45,60,5
45,106,6
45,94,7
45,108,8
45,93,9
45,104,10
45,79,11
45,110,12
45,109,13
45,101,14
45,111,15
45,87,16
45,88,17
45,67,18
45,102,19
45,6,20
46,57,1
46,83,2
46,94,3
46,106,4
46,108,5
46,103,6
46,93,7
46,79,8
46,101,9
46,60,10
46,104,11
46,109,12
46,70,13
46,87,14
46,102,15
46,6,16
46,67,17
46,111,18
46,88,19
46,110,20
47,83,1
47,57,2
47,70,3
47,94,4
47,79,5
47,103,6
47,104,7
47,106,8
47,109,9
47,108,10
47,60,11
47,93,12
47,67,13
47,101,14
47,110,15
47,88,16
47,87,17
47,111,18
47,102,19
47,6,20
48,57,1
48,83,2
48,94,3
48,75,4
48,103,5
48,109,6
48,93,7
48,108,8
48,106,9
48,104,10
48,60,11
48,88,12
48,79,13
48,6,14
48,101,15
48,87,16
48,67,17
48,110,18
48,111,19
48,102,20
49,57,1
49,83,2
49,94,3
49,79,4
49,109,5
49,101,6
49,93,7
49,75,8
49,103,9
49,108,10
49,88,11
49,104,12
49,106,13
49,60,14
49,110,15
49,6,16
49,67,17
49,102,18
49,111,19
49,87,20
50,57,1
50,83,2
50,93,3
50,75,4
50,94,5
50,108,6
50,79,7
50,103,8
50,109,9
50,104,10
50,88,11
50,101,12
50,106,13
50,6,14
50,87,15
50,67,16
50,60,17
50,102,18
50,110,19
50,111,20
51,57,1
51,83,2
51,94,3
51,109,4
51,106,5
51,103,6
51,75,7
51,79,8
51,93,9
51,101,10
51,108,11
51,88,12
51,6,13
51,60,14
51,67,15
51,104,16
51,102,17
51,110,18
51,111,19
51,87,20
52,57,1
52,94,2
52,83,3
52,75,4
52,79,5
52,93,6
52,101,7
52,108,8
52,104,9
52,106,10
52,88,11
52,103,12
52,110,13
52,60,14
52,109,15
52,67,16
52,102,17
52,87,18
52,6,19
52,111,20
53,83,1
53,57,2
53,94,3
53,106,4
53,109,5
53,79,6
53,101,7
53,108,8
53,75,9
53,93,10
53,60,11
53,104,12
53,88,13
53,102,14
53,87,15
53,67,16
53,110,17
53,111,18
53,6,19
53,70,20
54,57,1
54,83,2
54,94,3
54,106,4
54,75,5
54,109,6
54,93,7
54,108,8
54,104,9
54,79,10
54,101,11
54,103,12
54,88,13
54,110,14
54,60,15
54,6,16
54,102,17
54,67,18
54,87,19
54,111,20
55,83,1
55,57,2
55,94,3
55,104,4
55,79,5
55,109,6
55,106,7
55,88,8
55,108,9
55,93,10
55,75,11
55,101,12
55,110,13
55,60,14
55,103,15
55,67,16
55,87,17
55,6,18
55,111,19
55,102,20
56,103,1
56,94,2
56,75,3
56,109,4
56,79,5
56,57,6
56,101,7
56,6,8
56,83,9
56,102,10
56,60,11
56,106,12
56,87,13
56,108,14
56,93,15
56,88,16
56,67,17
56,111,18
56,104,19
56,110,20
57,57,1
57,83,2
57,94,3
57,109,4
57,75,5
57,79,6
57,101,7
57,104,8
57,108,9
57,88,10
57,60,11
57,106,12
57,103,13
57,110,14
57,93,15
57,102,16
57,6,17
57,87,18
57,67,19
57,111,20
58,83,1
58,110,2
58,94,3
58,106,4
58,75,5
58,88,6
58,79,7
58,93,8
58,104,9
58,103,10
58,101,11
58,109,12
58,60,13
58,102,14
58,87,15
58,111,16
58,112,17
58,6,18
58,108,19
58,113,20
59,94,1
59,83,2
59,57,3
59,108,4
59,109,5
59,93,6
59,88,7
59,103,8
59,104,9
59,101,10
59,79,11
59,106,12
59,60,13
59,102,14
59,6,15
59,110,16
59,113,17
59,111,18
59,75,19
59,87,20
60,94,1
60,57,2
60,83,3
60,106,4
60,104,5
60,79,6
60,108,7
60,93,8
60,12,9
60,103,10
60,75,11
60,102,12
60,114,13
60,6,14
60,110,15
60,101,16
60,111,17
60,115,18
60,116,19
60,60,20
61,57,1
61,75,2
61,94,3
61,106,4
61,104,5
61,79,6
61,108,7
61,83,8
61,101,9
61,103,10
61,93,11
61,110,12
61,60,13
61,111,14
61,12,15
61,6,16
61,102,17
61,115,18
61,116,19
61,114,20
62,83,1
62,57,2
62,94,3
62,75,4
62,93,5
62,101,6
62,108,7
62,106,8
62,104,9
62,60,10
62,110,11
62,102,12
62,12,13
62,114,14
62,6,15
62,79,16
62,103,17
62,111,18
62,115,19
62,116,20
63,57,1
63,94,2
63,83,3
63,106,4
63,101,5
63,93,6
63,79,7
63,75,8
63,108,9
63,12,10
63,103,11
63,104,12
63,60,13
63,102,14
63,110,15
63,114,16
63,6,17
63,115,18
63,111,19
63,116,20
64,106,1
64,94,2
64,83,3
64,93,4
64,108,5
64,104,6
64,57,7
64,60,8
64,75,9
64,102,10
64,101,11
64,79,12
64,103,13
64,6,14
64,110,15
64,114,16
64,12,17
64,111,18
64,116,19
64,115,20
65,106,1
65,57,2
65,94,3
65,104,4
65,93,5
65,75,6
65,114,7
65,12,8
65,108,9
65,83,10
65,60,11
65,101,12
65,79,13
65,6,14
65,110,15
65,111,16
65,115,17
65,116,18
65,103,19
65,102,20
66,94,1
66,57,2
66,83,3
66,75,4
66,93,5
66,104,6
66,106,7
66,108,8
66,12,9
66,79,10
66,101,11
66,60,12
66,102,13
66,110,14
66,115,15
66,111,16
66,6,17
66,116,18
66,103,19
67,94,1
67,57,2
67,108,3
67,75,4
67,83,5
67,104,6
67,106,7
67,12,8
67,103,9
67,110,10
67,114,11
67,93,12
67,79,13
67,60,14
67,102,15
67,111,16
67,101,17
67,6,18
67,115,19
67,116,20
68,94,1
68,108,2
68,75,3
68,57,4
68,83,5
68,104,6
68,114,7
68,110,8
68,103,9
68,93,10
68,60,11
68,106,12
68,79,13
68,12,14
68,102,15
68,6,16
68,101,17
68,111,18
68,115,19
68,116,20
70,57,1
70,83,2
70,94,3
70,75,4
70,104,5
70,108,6
70,106,7
70,101,8
70,12,9
70,60,10
70,79,11
70,103,12
70,6,13
70,102,14
70,93,15
70,114,16
70,110,17
70,111,18
70,116,19
70,115,20
71,94,1
71,110,2
71,57,3
71,79,4
71,60,5
71,104,6
71,75,7
71,101,8
71,106,9
71,111,10
71,93,11
71,12,12
71,83,13
71,102,14
71,108,15
71,114,16
71,115,17
71,116,18
71,103,19
71,6,20
72,94,1
72,57,2
72,83,3
72,104,4
72,106,5
72,93,6
72,102,7
72,101,8
72,12,9
72,79,10
72,110,11
72,103,12
72,108,13
72,114,14
72,60,15
72,56,16
72,115,17
72,116,18
74,108,1
74,93,2
74,110,3
74,57,4
74,79,5
74,12,6
74,103,7
74,75,8
74,101,9
74,60,10
74,104,11
74,114,12
74,6,13
74,115,14
74,116,15
74,83,16
74,102,17
74,111,18
74,106,19
74,94,20
75,83,1
75,94,2
75,106,3
75,104,4
75,12,5
75,75,6
75,108,7
75,103,8
75,114,9
75,60,10
75,57,11
75,101,12
75,110,13
75,115,14
75,111,15
75,102,16
75,6,17
75,116,18
75,93,19
75,79,20
76,94,1
76,57,2
76,75,3
76,106,4
76,93,5
76,79,6
76,108,7
76,104,8
76,83,9
76,114,10
76,101,11
76,102,12
76,103,13
76,111,14
76,6,15
76,115,16
76,116,17
76,60,18
76,12,19
76,110,20
77,83,1
77,57,2
77,94,3
77,75,4
77,104,5
77,93,6
77,79,7
77,106,8
77,60,9
77,6,10
77,102,11
77,12,12
77,111,13
77,115,14
77,116,15
77,110,16
77,114,17
77,108,18
77,101,19
77,103,20
79,57,1
79,104,2
79,12,3
79,108,4
79,93,5
79,83,6
79,94,7
79,114,8
79,101,9
79,60,10
79,75,11
79,103,12
79,106,13
79,79,14
79,110,15
79,6,16
79,111,17
79,102,18
79,115,19
79,116,20
80,57,1
80,83,2
80,94,3
80,106,4
80,75,5
80,104,6
80,108,7
80,114,8
80,101,9
80,102,10
80,79,11
80,6,12
80,12,13
80,110,14
80,93,15
80,111,16
80,60,17
80,103,18
80,115,19
80,116,20
81,94,1
81,57,2
81,108,3
81,75,4
81,93,5
81,83,6
81,106,7
81,114,8
81,101,9
81,79,10
81,12,11
81,104,12
81,103,13
81,102,14
81,60,15
81,111,16
81,110,17
81,6,18
81,115,19
82,106,1
82,94,2
82,93,3
82,75,4
82,57,5
82,83,6
82,87,7
82,12,8
82,110,9
82,104,10
82,101,11
82,115,12
82,108,13
82,109,14
82,117,15
82,114,16
82,70,17
82,79,18
82,103,19
82,111,20
83,75,1
83,106,2
83,93,3
83,94,4
83,101,5
83,110,6
83,12,7
83,83,8
83,104,9
83,87,10
83,108,11
83,117,12
83,103,13
83,79,14
83,57,15
83,109,16
83,70,17
83,111,18
83,114,19
84,106,1
84,94,2
84,75,3
84,108,4
84,57,5
84,110,6
84,79,7
84,101,8
84,93,9
84,12,10
84,104,11
84,83,12
84,114,13
84,117,14
84,115,15
84,87,16
84,60,17
84,111,18
84,103,19
84,109,20
86,106,1
86,93,2
86,94,3
86,75,4
86,83,5
86,57,6
86,104,7
86,108,8
86,114,9
86,103,10
86,12,11
86,110,12
86,60,13
86,79,14
86,115,15
86,87,16
86,117,17
86,109,18
86,111,19
86,101,20
87,106,1
87,94,2
87,93,3
87,110,4
87,75,5
87,57,6
87,83,7
87,87,8
87,79,9
87,115,10
87,108,11
87,101,12
87,114,13
87,104,14
87,117,15
87,60,16
87,103,17
87,109,18
87,111,19
87,12,20
88,106,1
88,93,2
88,75,3
88,94,4
88,108,5
88,110,6
88,12,7
88,57,8
88,60,9
88,101,10
88,114,11
88,83,12
88,87,13
88,79,14
88,115,15
88,109,16
88,104,17
88,103,18
88,111,19
88,117,20
89,106,1
89,75,2
89,94,3
89,93,4
89,110,5
89,104,6
89,57,7
89,114,8
89,60,9
89,12,10
89,108,11
89,79,12
89,101,13
89,117,14
89,83,15
89,87,16
89,109,17
89,111,18
89,103,19
89,115,20
90,94,1
90,12,2
90,93,3
90,57,4
90,87,5
90,115,6
90,101,7
90,110,8
90,79,9
90,117,10
90,83,11
90,109,12
90,75,13
90,108,14
90,104,15
90,60,16
90,103,17
90,111,18
90,106,19
90,114,20
91,93,1
91,94,2
91,106,3
91,75,4
91,57,5
91,108,6
91,12,7
91,110,8
91,117,9
91,111,10
91,104,11
91,83,12
91,114,13
91,79,14
91,101,15
91,109,16
91,87,17
91,60,18
91,115,19
91,103,20
93,106,1
93,94,2
93,75,3
93,57,4
93,108,5
93,110,6
93,12,7
93,114,8
93,79,9
93,101,10
93,83,11
93,60,12
93,109,13
93,104,14
93,103,15
93,117,16
93,115,17
93,111,18
93,93,19
93,87,20
94,110,1
94,93,2
94,106,3
94,108,4
94,101,5
94,12,6
94,57,7
94,83,8
94,79,9
94,94,10
94,75,11
94,117,12
94,87,13
94,103,14
94,115,15
94,114,16
94,109,17
94,60,18
94,111,19
94,104,20
95,93,1
95,75,2
95,12,3
95,57,4
95,110,5
95,109,6
95,79,7
95,104,8
95,103,9
95,60,10
95,111,11
95,87,12
95,83,13
95,94,14
95,106,15
95,101,16
95,108,17
95,117,18
95,115,19
95,114,20
96,94,1
96,106,2
96,93,3
96,57,4
96,75,5
96,110,6
96,108,7
96,115,8
96,114,9
96,103,10
96,104,11
96,101,12
96,12,13
96,117,14
96,109,15
96,83,16
96,79,17
96,87,18
96,60,19
96,111,20
97,106,1
97,110,2
97,108,3
97,79,4
97,104,5
97,12,6
97,94,7
97,118,8
97,117,9
97,111,10
97,60,11
97,103,12
97,75,13
97,101,14
97,83,15
97,87,16
97,115,17
97,93,18
97,57,19
97,114,20
98,106,1
98,75,2
98,57,3
98,93,4
98,12,5
98,108,6
98,104,7
98,94,8
98,87,9
98,114,10
98,103,11
98,115,12
98,60,13
98,117,14
98,83,15
98,79,16
98,101,17
98,109,18
98,111,19
98,110,20
99,94,1
99,106,2
99,93,3
99,75,4
99,101,5
99,57,6
99,12,7
99,110,8
99,60,9
99,108,10
99,79,11
99,83,12
99,114,13
99,117,14
99,115,15
99,109,16
99,87,17
99,103,18
99,111,19
100,93,1
100,94,2
100,57,3
100,110,4
100,103,5
100,108,6
100,83,7
100,109,8
100,75,9
100,60,10
100,104,11
100,106,12
100,87,13
100,12,14
100,79,15
100,115,16
100,111,17
100,117,18
100,114,19
100,101,20
101,94,1
101,110,2
101,57,3
101,75,4
101,93,5
101,83,6
101,106,7
101,108,8
101,12,9
101,101,10
101,79,11
101,117,12
101,114,13
101,104,14
101,115,15
101,60,16
101,109,17
101,111,18
101,87,19
101,103,20
103,94,1
103,75,2
103,106,3
103,93,4
103,57,5
103,110,6
103,108,7
103,101,8
103,60,9
103,12,10
103,114,11
103,115,12
103,79,13
103,103,14
103,117,15
103,87,16
103,104,17
103,83,18
103,109,19
103,111,20
104,94,1
104,75,2
104,106,3
104,93,4
104,12,5
104,110,6
104,57,7
104,103,8
104,101,9
104,70,10
104,108,11
104,83,12
104,117,13
104,114,14
104,109,15
104,119,16
104,87,17
104,120,18
104,118,19
104,104,20
105,75,1
105,12,2
105,110,3
105,93,4
105,103,5
105,101,6
105,57,7
105,120,8
105,104,9
105,70,10
105,117,11
105,106,12
105,87,13
105,83,14
105,94,15
105,114,16
105,109,17
105,118,18
105,108,19
105,119,20
106,94,1
106,110,2
106,57,3
106,12,4
106,93,5
106,103,6
106,106,7
106,109,8
106,104,9
106,70,10
106,101,11
106,114,12
106,108,13
106,87,14
106,118,15
106,120,16
106,117,17
106,119,18
107,106,1
107,94,2
107,75,3
107,93,4
107,57,5
107,12,6
107,108,7
107,114,8
107,103,9
107,120,10
107,110,11
107,109,12
107,83,13
107,119,14
107,117,15
107,87,16
107,104,17
107,118,18
107,101,19
107,70,20
108,75,1
108,12,2
108,93,3
108,87,4
108,104,5
108,110,6
108,106,7
108,101,8
108,94,9
108,83,10
108,109,11
108,70,12
108,57,13
108,117,14
108,118,15
108,108,16
108,114,17
108,103,18
108,120,19
108,119,20
109,94,1
109,12,2
109,101,3
109,93,4
109,57,5
109,106,6
109,104,7
109,110,8
109,114,9
109,108,10
109,120,11
109,118,12
109,109,13
109,103,14
109,83,15
109,119,16
109,87,17
109,70,18
109,117,19
109,75,20
110,94,1
110,93,2
110,108,3
110,57,4
110,103,5
110,101,6
110,70,7
110,12,8
110,120,9
110,104,10
110,75,11
110,110,12
110,117,13
110,118,14
110,114,15
110,83,16
110,87,17
110,109,18
110,106,19
110,119,20
111,94,1
111,12,2
111,57,3
111,110,4
111,70,5
111,101,6
111,108,7
111,120,8
111,109,9
111,106,10
111,93,11
111,75,12
111,87,13
111,83,14
111,104,15
111,103,16
111,118,17
111,119,18
111,114,19
111,117,20
112,94,1
112,106,2
112,93,3
112,108,4
112,57,5
112,103,6
112,12,7
112,70,8
112,104,9
112,109,10
112,110,11
112,101,12
112,120,13
112,83,14
112,75,15
112,114,16
112,117,17
112,119,18
112,87,19
112,118,20
113,94,1
113,108,2
113,120,3
113,106,4
113,93,5
113,110,6
113,57,7
113,109,8
113,12,9
113,104,10
113,70,11
113,103,12
113,101,13
113,119,14
113,75,15
113,114,16
113,117,17
113,118,18
113,87,19
113,83,20
114,57,1
114,94,2
114,108,3
114,120,4
114,117,5
114,106,6
114,83,7
114,12,8
114,75,9
114,70,10
114,93,11
114,101,12
114,79,13
114,103,14
114,104,15
114,109,16
114,114,17
114,110,18
114,87,19
114,119,20
115,106,1
115,75,2
115,57,3
115,93,4
115,120,5
115,94,6
115,108,7
115,110,8
115,12,9
115,103,10
115,114,11
115,104,12
115,83,13
115,101,14
115,109,15
115,87,16
115,117,17
115,119,18
115,79,19
115,70,20
116,94,1
116,108,2
116,110,3
116,109,4
116,12,5
116,93,6
116,75,7
116,120,8
116,106,9
116,119,10
116,103,11
116,104,12
116,57,13
116,70,14
116,117,15
116,101,16
116,114,17
116,83,18
116,121,19
117,93,1
117,94,2
117,106,3
117,110,4
117,75,5
117,109,6
117,120,7
117,57,8
117,108,9
117,12,10
117,114,11
117,121,12
117,70,13
117,83,14
117,119,15
117,117,16
117,104,17
117,101,18
117,87,19
117,103,20
118,93,1
118,110,2
118,106,3
118,108,4
118,57,5
118,87,6
118,12,7
118,101,8
118,70,9
118,121,10
118,94,11
118,104,12
118,75,13
118,109,14
118,114,15
118,83,16
118,120,17
118,119,18
118,117,19
118,103,20
119,94,1
119,120,2
119,108,3
119,106,4
119,75,5
119,93,6
119,57,7
119,110,8
119,114,9
119,12,10
119,121,11
119,104,12
119,109,13
119,101,14
119,87,15
119,83,16
119,103,17
119,70,18
119,117,19
119,119,20
120,94,1
120,110,2
120,57,3
120,12,4
120,106,5
120,120,6
120,104,7
120,101,8
120,83,9
120,108,10
120,114,11
120,93,12
120,109,13
120,70,14
120,119,15
120,103,16
120,121,17
120,87,18
120,117,19
120,75,20
121,106,1
121,108,2
121,57,3
121,93,4
121,110,5
121,94,6
121,104,7
121,101,8
121,75,9
121,120,10
121,114,11
121,117,12
121,83,13
121,79,14
121,109,15
121,119,16
121,87,17
121,70,18
121,12,19
121,103,20
122,106,1
122,93,2
122,94,3
122,79,4
122,75,5
122,57,6
122,120,7
122,110,8
122,83,9
122,117,10
122,104,11
122,70,12
122,12,13
122,109,14
122,101,15
122,87,16
122,108,17
122,114,18
122,119,19
122,103,20
123,94,1
123,106,2
123,103,3
123,12,4
123,57,5
123,108,6
123,93,7
123,110,8
123,75,9
123,120,10
123,70,11
123,87,12
123,109,13
123,101,14
123,104,15
123,114,16
123,79,17
123,83,18
123,119,19
123,117,20
124,106,1
124,94,2
124,110,3
124,104,4
124,109,5
124,119,6
124,83,7
124,87,8
124,12,9
124,57,10
124,75,11
124,93,12
124,70,13
124,79,14
124,108,15
124,101,16
124,117,17
124,120,18
124,103,19
124,114,20
125,94,1
125,106,2
125,120,3
125,110,4
125,108,5
125,114,6
125,12,7
125,70,8
125,75,9
125,104,10
125,57,11
125,101,12
125,103,13
125,109,14
125,79,15
125,93,16
125,87,17
125,83,18
125,117,19
125,119,20
126,94,1
126,106,2
126,110,3
126,93,4
126,75,5
126,12,6
126,108,7
126,120,8
126,57,9
126,70,10
126,114,11
126,103,12
126,109,13
126,79,14
126,87,15
126,83,16
126,117,17
126,119,18
126,101,19
126,104,20
127,94,1
127,106,2
127,75,3
127,12,4
127,120,5
127,108,6
127,110,7
127,57,8
127,114,9
127,103,10
127,122,11
127,109,12
127,87,13
127,79,14
127,70,15
127,83,16
127,101,17
127,104,18
127,119,19
127,117,20
128,94,1
128,93,2
128,108,3
128,106,4
128,120,5
128,75,6
128,110,7
128,114,8
128,103,9
128,12,10
128,57,11
128,109,12
128,83,13
128,87,14
128,101,15
128,70,16
128,104,17
128,79,18
128,117,19
129,94,1
129,75,2
129,108,3
129,93,4
129,12,5
129,120,6
129,57,7
129,106,8
129,110,9
129,114,10
129,79,11
129,70,12
129,83,13
129,109,14
129,101,15
129,103,16
129,104,17
129,87,18
129,119,19
129,117,20
130,94,1
130,75,2
130,12,3
130,108,4
130,120,5
130,106,6
130,93,7
130,110,8
130,70,9
130,83,10
130,103,11
130,79,12
130,101,13
130,109,14
130,104,15
130,117,16
130,87,17
130,57,18
130,114,19
130,119,20
131,94,1
131,106,2
131,93,3
131,75,4
131,108,5
131,120,6
131,110,7
131,57,8
131,70,9
131,114,10
131,103,11
131,104,12
131,101,13
131,109,14
131,12,15
131,83,16
131,119,17
131,87,18
131,117,19
131,79,20
132,94,1
132,108,2
132,106,3
132,93,4
132,120,5
132,110,6
132,114,7
132,57,8
132,79,9
132,70,10
132,75,11
132,101,12
132,103,13
132,109,14
132,104,15
132,83,16
132,117,17
132,87,18
132,119,19
132,12,20
133,106,1
133,120,2
133,93,3
133,108,4
133,110,5
133,94,6
133,57,7
133,114,8
133,109,9
133,104,10
133,101,11
133,79,12
133,103,13
133,12,14
133,119,15
133,75,16
133,83,17
133,117,18
133,70,19
133,87,20
134,110,1
134,94,2
134,108,3
134,120,4
134,79,5
134,12,6
134,57,7
134,114,8
134,103,9
134,109,10
134,106,11
134,93,12
134,119,13
134,87,14
134,104,15
134,75,16
134,70,17
134,101,18
134,83,19
134,117,20
135,108,1
135,94,2
135,57,3
135,110,4
135,106,5
135,93,6
135,104,7
135,101,8
135,120,9
135,12,10
135,75,11
135,83,12
135,70,13
135,103,14
135,117,15
135,87,16
135,114,17
135,79,18
135,119,19
135,109,20
136,94,1
136,108,2
136,110,3
136,93,4
136,57,5
136,106,6
136,120,7
136,75,8
136,70,9
136,101,10
136,79,11
136,87,12
136,104,13
136,114,14
136,12,15
136,109,16
136,103,17
136,83,18
136,119,19
136,117,20
137,110,1
137,57,2
137,108,3
137,94,4
137,120,5
137,70,6
137,93,7
137,103,8
137,109,9
137,12,10
137,106,11
137,119,12
137,114,13
137,117,14
137,79,15
137,83,16
137,87,17
137,101,18
137,75,19
137,104,19
138,108,1
138,120,2
138,94,3
138,93,4
138,57,5
138,106,6
138,12,7
138,103,8
138,79,9
138,114,10
138,70,11
138,83,12
138,109,13
138,119,14
138,87,15
138,75,16
138,110,17
138,117,18
138,101,19
138,104,20
139,106,1
139,75,2
139,57,3
139,108,4
139,120,5
139,110,6
139,93,7
139,12,8
139,101,9
139,109,10
139,94,11
139,104,12
139,79,13
139,83,14
139,103,15
139,70,16
139,87,17
139,119,18
139,117,19
139,114,20
140,108,1
140,94,2
140,120,3
140,110,4
140,75,5
140,106,6
140,12,7
140,103,8
140,104,9
140,93,10
140,114,11
140,70,12
140,79,13
140,57,14
140,101,15
140,83,16
140,117,17
140,119,18
140,109,19
140,87,20
141,108,1
141,120,2
141,110,3
141,106,4
141,93,5
141,57,6
141,94,7
141,75,8
141,109,9
141,70,10
141,12,11
141,79,12
141,87,13
141,104,14
141,101,15
141,114,16
141,103,17
141,123,18
141,83,19
141,117,20
142,106,1
142,120,2
142,93,3
142,75,4
142,110,5
142,94,6
142,12,7
142,123,8
142,109,9
142,122,10
142,114,11
142,70,12
142,103,13
142,79,14
142,108,15
142,83,16
142,117,17
142,104,18
142,57,19
142,101,20
143,108,1
143,94,2
143,57,3
143,110,4
143,120,5
143,70,6
143,12,7
143,114,8
143,106,9
143,93,10
143,109,11
143,123,12
143,75,13
143,87,14
143,101,15
143,79,16
143,103,17
143,104,18
143,83,19
143,117,20
144,108,1
144,94,2
144,93,3
144,106,4
144,120,5
144,104,6
144,12,7
144,87,8
144,75,9
144,114,10
144,70,11
144,101,12
144,103,13
144,109,14
144,123,15
144,83,16
144,57,17
144,117,18
144,121,19
144,110,20
145,93,1
145,94,2
145,108,3
145,106,4
145,110,5
145,57,6
145,87,7
145,104,8
145,109,9
145,70,10
145,114,11
145,121,12
145,12,13
145,103,14
145,83,15
145,123,16
145,120,17
145,75,18
145,117,19
145,101,20
146,108,1
146,110,2
146,114,3
146,101,4
146,121,5
146,106,6
146,109,7
146,120,8
146,12,9
146,103,10
146,83,11
146,75,12
146,104,13
146,57,14
146,122,15
146,123,16
146,94,17
146,70,18
146,117,19
146,93,20
147,110,1
147,93,2
147,104,3
147,106,4
147,94,5
147,108,6
147,114,7
147,120,8
147,70,9
147,57,10
147,101,11
147,87,12
147,117,13
147,121,14
147,75,15
147,12,16
147,109,17
147,103,18
147,83,19
147,123,20
148,110,1
148,94,2
148,108,3
148,120,4
148,106,5
148,57,6
148,93,7
148,12,8
148,75,9
148,87,10
148,104,11
148,117,12
148,83,13
148,114,14
148,103,15
148,109,16
148,121,17
148,70,18
148,123,19
148,101,20
149,108,1
149,120,2
149,93,3
149,94,4
149,104,5
149,110,6
149,70,7
149,12,8
149,83,9
149,75,10
149,114,11
149,121,12
149,103,13
149,87,14
149,117,15
149,57,16
149,124,17
149,109,18
149,106,19
149,123,20
150,108,1
150,120,2
150,94,3
150,110,4
150,114,5
150,109,6
150,106,7
150,57,8
150,104,9
150,93,10
150,127,11
150,12,12
150,103,13
150,124,14
150,126,15
150,125,16
150,70,17
150,121,18
150,101,19
150,122,20
151,120,1
151,110,2
151,108,3
151,94,4
151,57,5
151,106,6
151,127,7
151,125,8
151,114,9
151,109,10
151,101,11
151,70,12
151,12,13
151,103,14
151,93,15
151,104,16
151,122,17
151,124,18
151,126,19
151,121,20
152,94,1
152,108,2
152,120,3
152,106,4
152,110,5
152,125,6
152,127,7
152,57,8
152,109,9
152,122,10
152,104,11
152,12,12
152,121,13
152,114,14
152,93,15
152,70,16
152,126,17
152,101,18
152,124,19
152,103,20
153,120,1
153,106,2
153,110,3
153,104,4
153,125,5
153,108,6
153,94,7
153,93,8
153,57,9
153,114,10
153,124,11
153,127,12
153,12,13
153,101,14
153,109,15
153,70,16
153,121,17
153,126,18
153,103,19
153,122,20
154,94,1
154,120,2
154,110,3
154,106,4
154,125,5
154,93,6
154,57,7
154,114,8
154,104,9
154,108,10
154,109,11
154,121,12
154,12,13
154,127,14
154,122,15
154,103,16
154,124,17
154,70,18
154,101,19
154,126,20
155,94,1
155,108,2
155,125,3
155,120,4
155,110,5
155,93,6
155,109,7
155,106,8
155,101,9
155,114,10
155,127,11
155,57,12
155,126,13
155,124,14
155,121,15
155,70,16
155,12,17
155,103,18
155,122,19
155,104,20
156,120,1
156,94,2
156,110,3
156,108,4
156,12,5
156,93,6
156,109,7
156,103,8
156,127,9
156,104,10
156,106,11
156,57,12
156,125,13
156,126,14
156,121,15
156,123,16
156,70,17
156,101,18
156,122,19
156,114,20
157,108,1
157,106,2
157,120,3
157,94,4
157,127,5
157,12,6
157,57,7
157,101,8
157,121,9
157,109,10
157,93,11
157,114,12
157,70,13
157,110,14
157,125,15
157,126,16
157,104,17
157,123,18
157,103,19
157,122,20
158,120,1
158,108,2
158,94,3
158,110,4
158,57,5
158,125,6
158,106,7
158,104,8
158,127,9
158,12,10
158,109,11
158,126,12
158,121,13
158,103,14
158,122,14
158,70,15
158,101,16
158,93,17
158,123,18
158,114,19
159,110,1
159,94,2
159,120,3
159,125,4
159,57,5
159,12,6
159,108,7
159,106,8
159,109,9
159,123,10
159,70,11
159,127,12
159,122,13
159,101,14
159,126,15
159,93,16
159,103,17
159,114,18
159,121,19
159,104,20
160,108,1
160,106,2
160,120,3
160,57,4
160,110,5
160,121,6
160,94,7
160,126,8
160,125,9
160,104,10
160,12,11
160,109,12
160,127,13
160,123,14
160,122,15
160,103,16
160,101,17
160,114,18
160,93,19
160,70,20
161,94,1
161,120,2
161,108,3
161,110,4
161,57,5
161,106,6
161,12,7
161,104,8
161,93,9
161,125,10
161,114,11
161,127,12
161,109,13
161,101,14
161,121,15
161,126,16
161,103,17
161,122,18
161,70,19
161,123,20
162,108,1
162,120,2
162,106,3
162,94,4
162,109,5
162,110,6
162,114,7
162,127,8
162,121,9
162,126,10
162,101,11
162,122,12
162,104,13
162,70,14
162,123,15
162,103,16
162,93,17
162,57,18
162,125,19
162,12,20
163,106,1
163,120,2
163,108,3
163,110,4
163,12,5
163,103,6
163,126,7
163,94,8
163,121,9
163,127,10
163,122,11
163,57,12
163,93,13
163,123,14
163,125,15
163,104,16
163,101,17
163,70,18
163,109,19
163,114,20
164,120,1
164,108,2
164,94,3
164,127,4
164,110,5
164,106,6
164,57,7
164,121,8
164,93,9
164,12,10
164,125,11
164,114,12
164,126,13
164,104,14
164,109,15
164,123,16
164,70,17
164,101,18
164,103,19
164,122,20
165,94,1
165,108,2
165,120,3
165,106,4
165,110,5
165,125,6
165,126,7
165,12,8
165,114,9
165,57,10
165,122,11
165,70,12
165,93,13
165,109,14
165,101,15
165,103,16
165,123,17
165,121,18
165,127,19
165,104,20
166,94,1
166,93,2
166,121,3
166,125,4
166,110,5
166,114,6
166,108,7
166,127,8
166,120,9
166,106,10
166,12,11
166,57,12
166,126,13
166,103,14
166,122,15
166,123,16
166,70,17
166,104,18
166,109,19
166,101,20
167,110,1
167,94,2
167,120,3
167,125,4
167,108,5
167,57,6
167,106,7
167,127,8
167,122,9
167,12,10
167,70,11
167,121,12
167,114,13
167,126,14
167,103,15
167,123,16
167,101,17
167,93,18
167,104,19
167,109,20
