AirTemp_mean,AirTemp_min,AirTemp_max,AirTemp_std,TrackTemp_mean,TrackTemp_min,TrackTemp_max,TrackTemp_std,WindSpeed_mean,WindSpeed_min,WindSpeed_max,WindSpeed_std,Humidity_mean,Humidity_min,Humidity_max,Humidity_std,Pressure_mean,Pressure_min,Pressure_max,Pressure_std,Rainfall_any,Rainfall_mean,race_id
31.860975609756093,31.0,32.2,0.2909143090331603,39.5719512195122,36.9,44.4,2.304653070500821,1.602439024390244,0.0,3.0,0.7076261148786807,29.797560975609752,29.0,30.8,0.4055100765233825,1015.898780487805,1015.5,1016.4,0.2180122900822768,False,0.0,21
31.860975609756093,31.0,32.2,0.2909143090331603,39.5719512195122,36.9,44.4,2.304653070500821,1.602439024390244,0.0,3.0,0.7076261148786807,29.797560975609752,29.0,30.8,0.4055100765233825,1015.898780487805,1015.5,1016.4,0.2180122900822768,False,0.0,21
19.772058823529417,18.6,21.0,0.5405485296493349,24.75882352941176,22.2,28.3,1.247712569048053,0.7544117647058824,0.0,1.3,0.2728696717665297,86.83823529411765,81.2,92.3,3.2682566173641705,1010.2205882352944,1009.6,1011.5,0.5239228676082094,True,0.2205882352941176,1
19.772058823529417,18.6,21.0,0.5405485296493349,24.75882352941176,22.2,28.3,1.247712569048053,0.7544117647058824,0.0,1.3,0.2728696717665297,86.83823529411765,81.2,92.3,3.2682566173641705,1010.2205882352944,1009.6,1011.5,0.5239228676082094,True,0.2205882352941176,1
22.31,21.6,23.3,0.4827907999555698,30.99,29.6,35.2,1.4093013995532009,1.0542857142857145,0.0,2.2,0.5015008530302438,63.77857142857142,58.7,68.5,3.1383505709876043,934.3485714285712,934.2,934.6,0.1113069357877045,True,0.2285714285714285,9
22.31,21.6,23.3,0.4827907999555698,30.99,29.6,35.2,1.4093013995532009,1.0542857142857145,0.0,2.2,0.5015008530302438,63.77857142857142,58.7,68.5,3.1383505709876043,934.3485714285712,934.2,934.6,0.1113069357877045,True,0.2285714285714285,9
24.03283582089552,23.5,24.5,0.2382944827636675,29.402985074626866,28.3,30.5,0.6249776115393041,1.4074626865671642,0.6,2.5,0.4906129230394151,41.44626865671641,40.2,43.2,0.7991147295428929,1015.3835820895524,1015.0,1016.0,0.3188982049634243,True,0.1791044776119403,4
24.03283582089552,23.5,24.5,0.2382944827636675,29.402985074626866,28.3,30.5,0.6249776115393041,1.4074626865671642,0.6,2.5,0.4906129230394151,41.44626865671641,40.2,43.2,0.7991147295428929,1015.3835820895524,1015.0,1016.0,0.3188982049634243,True,0.1791044776119403,4
29.482089552238808,28.7,30.2,0.3805599435657492,37.723880597014926,35.8,41.4,1.6423458418721653,0.8925373134328359,0.3,1.7,0.3349868531277467,44.0089552238806,40.8,45.7,1.2653579375362272,1008.4014925373134,1008.2,1008.6,0.0929198698675062,False,0.0,2
29.482089552238808,28.7,30.2,0.3805599435657492,37.723880597014926,35.8,41.4,1.6423458418721653,0.8925373134328359,0.3,1.7,0.3349868531277467,44.0089552238806,40.8,45.7,1.2653579375362272,1008.4014925373134,1008.2,1008.6,0.0929198698675062,False,0.0,2
12.769620253164556,11.6,13.7,0.4724063956610594,21.98860759493672,18.0,25.1,1.685989577922905,1.6898734177215189,0.5,3.6,0.6749349326110496,66.75949367088606,61.6,75.3,3.488020487300959,964.327848101266,964.1,964.6,0.1348662289377304,False,0.0,13
12.769620253164556,11.6,13.7,0.4724063956610594,21.98860759493672,18.0,25.1,1.685989577922905,1.6898734177215189,0.5,3.6,0.6749349326110496,66.75949367088606,61.6,75.3,3.488020487300959,964.327848101266,964.1,964.6,0.1348662289377304,False,0.0,13
24.4025974025974,23.5,25.3,0.5160513096618312,35.23376623376623,32.3,39.5,1.8578857812613945,1.6571428571428577,0.3,3.7,0.7376043318581718,58.26233766233767,55.7,60.9,1.3925590756663715,925.577922077922,925.2,926.1,0.2663710197526124,False,0.0,20
24.4025974025974,23.5,25.3,0.5160513096618312,35.23376623376623,32.3,39.5,1.8578857812613945,1.6571428571428577,0.3,3.7,0.7376043318581718,58.26233766233767,55.7,60.9,1.3925590756663715,925.577922077922,925.2,926.1,0.2663710197526124,False,0.0,20
21.08181818181818,19.7,21.9,0.7394195417631718,36.01969696969697,33.0,38.1,1.3685724957015155,2.37878787878788,0.8,3.9,0.7205799270278289,33.50606060606061,27.8,41.0,4.110432460417639,1018.7196969696968,1018.3,1019.2,0.273563209947603,False,0.0,7
21.08181818181818,19.7,21.9,0.7394195417631718,36.01969696969697,33.0,38.1,1.3685724957015155,2.37878787878788,0.8,3.9,0.7205799270278289,33.50606060606061,27.8,41.0,4.110432460417639,1018.7196969696968,1018.3,1019.2,0.273563209947603,False,0.0,7
12.588059701492536,12.3,12.9,0.1692428666055949,15.119402985074624,14.8,15.5,0.1884858373991139,2.26268656716418,0.9,3.8,0.6577822751363035,81.58358208955224,79.8,83.2,0.8382154591976895,1013.6880597014924,1013.4,1014.1,0.1895148415549683,False,0.0,3
12.588059701492536,12.3,12.9,0.1692428666055949,15.119402985074624,14.8,15.5,0.1884858373991139,2.26268656716418,0.9,3.8,0.6577822751363035,81.58358208955224,79.8,83.2,0.8382154591976895,1013.6880597014924,1013.4,1014.1,0.1895148415549683,False,0.0,3
21.74090909090909,19.7,25.2,2.153707163347549,29.75,26.1,40.7,4.666945962338177,1.8681818181818184,0.0,3.1,0.6300571624638736,77.49696969696969,49.3,89.7,15.4163546493972,969.25,968.7,969.6,0.2824344716376373,True,0.8787878787878788,8
21.74090909090909,19.7,25.2,2.153707163347549,29.75,26.1,40.7,4.666945962338177,1.8681818181818184,0.0,3.1,0.6300571624638736,77.49696969696969,49.3,89.7,15.4163546493972,969.25,968.7,969.6,0.2824344716376373,True,0.8787878787878788,8
19.336764705882352,19.0,19.9,0.2129427165384572,23.55,22.7,24.7,0.5765310570138377,1.0441176470588236,0.4,1.8,0.2964377324771124,90.03970588235295,83.2,93.4,2.5423657865855374,1001.0882352941176,1000.7,1001.4,0.1966354394537403,True,1.0,11
19.336764705882352,19.0,19.9,0.2129427165384572,23.55,22.7,24.7,0.5765310570138377,1.0441176470588236,0.4,1.8,0.2964377324771124,90.03970588235295,83.2,93.4,2.5423657865855374,1001.0882352941176,1000.7,1001.4,0.1966354394537403,True,1.0,11
23.83943661971832,22.9,25.2,0.6062717149547097,42.70845070422536,39.4,45.3,1.7071066983870888,2.138028169014085,0.5,4.1,0.8161523312265914,50.58028169014085,45.3,55.1,2.8079285561887004,1006.7901408450704,1006.6,1006.9,0.0795611706755968,False,0.0,10
23.83943661971832,22.9,25.2,0.6062717149547097,42.70845070422536,39.4,45.3,1.7071066983870888,2.138028169014085,0.5,4.1,0.8161523312265914,50.58028169014085,45.3,55.1,2.8079285561887004,1006.7901408450704,1006.6,1006.9,0.0795611706755968,False,0.0,10
28.449253731343283,27.1,29.9,0.7443470057358916,55.346268656716425,52.0,59.0,1.9419084925394017,1.2014925373134329,0.0,2.6,0.513895561053739,52.05074626865672,47.3,57.3,2.584884566576184,982.4014925373134,982.2,982.6,0.1186956093153384,False,0.0,12
28.449253731343283,27.1,29.9,0.7443470057358916,55.346268656716425,52.0,59.0,1.9419084925394017,1.2014925373134329,0.0,2.6,0.513895561053739,52.05074626865672,47.3,57.3,2.584884566576184,982.4014925373134,982.2,982.6,0.1186956093153384,False,0.0,12
18.78846153846154,17.7,19.7,0.6913154727887136,28.584615384615383,26.6,31.1,1.1309204299954172,1.4256410256410257,0.4,3.0,0.5869657609510154,76.56794871794872,71.8,86.1,3.076914189963857,993.9384615384612,993.8,994.1,0.0668993608005824,False,0.0,14
18.78846153846154,17.7,19.7,0.6913154727887136,28.584615384615383,26.6,31.1,1.1309204299954172,1.4256410256410257,0.4,3.0,0.5869657609510154,76.56794871794872,71.8,86.1,3.076914189963857,993.9384615384612,993.8,994.1,0.0668993608005824,False,0.0,14
25.824,25.3,26.5,0.3352449689244999,27.58666666666668,25.8,29.9,1.080457027089642,5.919999999999999,4.0,8.0,0.8731737698948775,90.24933333333334,87.6,92.8,1.4988620308044995,1009.3866666666668,1008.4,1010.4,0.630815288280118,True,0.2,17
25.824,25.3,26.5,0.3352449689244999,27.58666666666668,25.8,29.9,1.080457027089642,5.919999999999999,4.0,8.0,0.8731737698948775,90.24933333333334,87.6,92.8,1.4988620308044995,1009.3866666666668,1008.4,1010.4,0.630815288280118,True,0.2,17
15.83076923076923,15.0,16.7,0.5454195792988346,19.77435897435897,17.1,21.8,1.457754535252175,0.9243589743589744,0.0,1.8,0.4864891177320019,83.17051282051283,76.6,88.8,3.525716615906283,784.2666666666668,784.1,784.4,0.1089103845437451,True,0.0384615384615384,19
15.83076923076923,15.0,16.7,0.5454195792988346,19.77435897435897,17.1,21.8,1.457754535252175,0.9243589743589744,0.0,1.8,0.4864891177320019,83.17051282051283,76.6,88.8,3.525716615906283,784.2666666666668,784.1,784.4,0.1089103845437451,True,0.0384615384615384,19
24.700000000000003,23.4,25.7,0.7946512368550711,41.89130434782607,40.0,44.2,1.20924613492612,0.915942028985507,0.0,2.1,0.4139562311353976,58.9840579710145,52.8,64.9,3.8725893142172896,1018.6927536231882,1018.3,1018.9,0.162080989722188,False,0.0,6
24.700000000000003,23.4,25.7,0.7946512368550711,41.89130434782607,40.0,44.2,1.20924613492612,0.915942028985507,0.0,2.1,0.4139562311353976,58.9840579710145,52.8,64.9,3.8725893142172896,1018.6927536231882,1018.3,1018.9,0.162080989722188,False,0.0,6
23.50875,23.0,24.2,0.3428081169740458,33.39375,30.0,36.8,2.1779297887115097,1.63,0.5,2.4,0.4447727338879111,61.06875,58.3,63.3,1.3614580558998808,1016.5475,1016.2,1016.8,0.1799964837912639,False,0.0,16
23.50875,23.0,24.2,0.3428081169740458,33.39375,30.0,36.8,2.1779297887115097,1.63,0.5,2.4,0.4447727338879111,61.06875,58.3,63.3,1.3614580558998808,1016.5475,1016.2,1016.8,0.1799964837912639,False,0.0,16
29.93552631578948,29.7,30.3,0.1638730788290508,36.18815789473684,34.8,37.3,0.7218434004248032,2.4473684210526314,1.5,3.5,0.4547449641899736,66.89473684210525,65.1,68.9,0.936076170240023,1006.5473684210529,1006.3,1006.8,0.1237994983409833,False,0.0,15
29.93552631578948,29.7,30.3,0.1638730788290508,36.18815789473684,34.8,37.3,0.7218434004248032,2.4473684210526314,1.5,3.5,0.4547449641899736,66.89473684210525,65.1,68.9,0.936076170240023,1006.5473684210529,1006.3,1006.8,0.1237994983409833,False,0.0,15
21.15230769230769,20.7,21.5,0.1937360416808234,32.43230769230769,30.7,36.2,1.266035605283735,1.5769230769230769,0.6,2.5,0.4432723594082814,60.93538461538461,58.8,64.7,1.5147638810668205,1000.2015384615386,999.9,1000.4,0.1484211782524396,False,0.0,5
21.15230769230769,20.7,21.5,0.1937360416808234,32.43230769230769,30.7,36.2,1.266035605283735,1.5769230769230769,0.6,2.5,0.4432723594082814,60.93538461538461,58.8,64.7,1.5147638810668205,1000.2015384615386,999.9,1000.4,0.1484211782524396,False,0.0,5
18.60128205128205,18.4,19.0,0.1724488177361469,20.674358974358977,20.2,21.8,0.4426707308568932,1.8384615384615388,0.6,3.0,0.5382103024565116,80.8076923076923,78.9,81.8,0.7110937671322569,1003.3115384615384,1002.9,1003.8,0.2553229527281339,False,0.0,18
18.60128205128205,18.4,19.0,0.1724488177361469,20.674358974358977,20.2,21.8,0.4426707308568932,1.8384615384615388,0.6,3.0,0.5382103024565116,80.8076923076923,78.9,81.8,0.7110937671322569,1003.3115384615384,1002.9,1003.8,0.2553229527281339,False,0.0,18
27.24878048780488,26.3,28.0,0.4058960222139924,38.88536585365853,36.7,40.7,0.914508834133668,1.7512195121951222,0.8,3.2,0.4838742573215943,54.67317073170732,53.1,57.6,0.9850799028176652,1016.4536585365852,1016.1,1016.8,0.1932152397634395,True,0.073170731707317,42
27.24878048780488,26.3,28.0,0.4058960222139924,38.88536585365853,36.7,40.7,0.914508834133668,1.7512195121951222,0.8,3.2,0.4838742573215943,54.67317073170732,53.1,57.6,0.9850799028176652,1016.4536585365852,1016.1,1016.8,0.1932152397634395,True,0.073170731707317,42
22.96410256410256,22.0,23.7,0.4617792689587671,44.68974358974359,42.5,46.2,0.959516889206574,0.8846153846153845,0.3,1.9,0.2998167938760434,60.52820512820512,57.7,63.1,1.3008386341822535,1018.15641025641,1017.7,1018.7,0.2675476622617976,False,0.0,22
22.96410256410256,22.0,23.7,0.4617792689587671,44.68974358974359,42.5,46.2,0.959516889206574,0.8846153846153845,0.3,1.9,0.2998167938760434,60.52820512820512,57.7,63.1,1.3008386341822535,1018.15641025641,1017.7,1018.7,0.2675476622617976,False,0.0,22
25.996296296296293,24.4,27.8,0.8320823944244411,48.806172839506175,46.1,51.3,1.332980277330871,1.571604938271605,0.4,3.6,0.804710284497041,34.635802469135804,32.0,38.3,1.4349484870523497,943.4407407407408,943.1,943.7,0.155545634604276,False,0.0,30
25.996296296296293,24.4,27.8,0.8320823944244411,48.806172839506175,46.1,51.3,1.332980277330871,1.571604938271605,0.4,3.6,0.804710284497041,34.635802469135804,32.0,38.3,1.4349484870523497,943.4407407407408,943.1,943.7,0.155545634604276,False,0.0,30
17.115384615384617,16.5,17.6,0.2396300845523728,43.5897435897436,42.5,44.3,0.4456396959369061,1.3538461538461537,0.4,2.3,0.5278459800182045,67.08974358974359,64.9,70.4,1.3134261475576938,1024.7628205128203,1024.3,1025.1,0.2279832383670984,False,0.0,25
17.115384615384617,16.5,17.6,0.2396300845523728,43.5897435897436,42.5,44.3,0.4456396959369061,1.3538461538461537,0.4,2.3,0.5278459800182045,67.08974358974359,64.9,70.4,1.3134261475576938,1024.7628205128203,1024.3,1025.1,0.2279832383670984,False,0.0,25
26.117721518987345,25.9,26.5,0.1421082051357131,38.27594936708861,36.0,40.5,1.246555787254134,2.277215189873417,1.3,3.4,0.409486660215586,52.52025316455696,51.2,54.7,0.982719897338236,1009.7063291139248,1009.5,1009.9,0.0867382921263464,False,0.0,23
26.117721518987345,25.9,26.5,0.1421082051357131,38.27594936708861,36.0,40.5,1.246555787254134,2.277215189873417,1.3,3.4,0.409486660215586,52.52025316455696,51.2,54.7,0.982719897338236,1009.7063291139248,1009.5,1009.9,0.0867382921263464,False,0.0,23
26.86075949367088,25.7,28.1,0.6451828843325264,35.82658227848101,33.2,38.3,1.425923799593101,2.6468354430379746,1.2,4.1,0.5721832777555373,47.40886075949368,39.3,53.2,4.070349001398287,966.6227848101264,966.1,967.1,0.2841764381004072,False,0.0,34
26.86075949367088,25.7,28.1,0.6451828843325264,35.82658227848101,33.2,38.3,1.425923799593101,2.6468354430379746,1.2,4.1,0.5721832777555373,47.40886075949368,39.3,53.2,4.070349001398287,966.6227848101264,966.1,967.1,0.2841764381004072,False,0.0,34
20.72077922077922,18.8,21.8,0.8931519677284934,36.83116883116883,29.3,44.5,4.321709570975106,1.0155844155844156,0.0,2.7,0.467936380928044,66.14285714285714,61.8,74.2,3.496141804732325,923.6324675324674,923.3,923.9,0.1866896935964776,False,0.0,41
20.72077922077922,18.8,21.8,0.8931519677284934,36.83116883116883,29.3,44.5,4.321709570975106,1.0155844155844156,0.0,2.7,0.467936380928044,66.14285714285714,61.8,74.2,3.496141804732325,923.6324675324674,923.3,923.9,0.1866896935964776,False,0.0,41
19.145454545454548,18.3,20.3,0.4311995064399621,39.06363636363636,36.3,42.0,1.4506721754985,1.150649350649351,0.0,2.6,0.6277829361338906,35.58181818181818,27.7,41.5,3.351029978062805,1023.1337662337664,1022.9,1023.3,0.0852402017990127,False,0.0,28
19.145454545454548,18.3,20.3,0.4311995064399621,39.06363636363636,36.3,42.0,1.4506721754985,1.150649350649351,0.0,2.6,0.6277829361338906,35.58181818181818,27.7,41.5,3.351029978062805,1023.1337662337664,1022.9,1023.3,0.0852402017990127,False,0.0,28
19.67777777777778,18.8,20.6,0.5454607103554489,39.62777777777777,36.2,42.5,1.556469662112527,1.3166666666666669,0.4,2.8,0.595996029857275,48.225,46.4,49.9,0.954714026941805,1017.4111111111112,1016.9,1018.1,0.3574382860376085,False,0.0,24
19.67777777777778,18.8,20.6,0.5454607103554489,39.62777777777777,36.2,42.5,1.556469662112527,1.3166666666666669,0.4,2.8,0.595996029857275,48.225,46.4,49.9,0.954714026941805,1017.4111111111112,1016.9,1018.1,0.3574382860376085,False,0.0,24
25.38076923076924,24.6,26.0,0.3384677821601924,49.87307692307693,47.4,52.4,1.2658012273863324,1.8705128205128203,0.9,3.0,0.5137357384146142,47.28076923076923,44.6,50.5,1.4363606330347083,965.803846153846,965.7,965.9,0.0728676218198926,False,0.0,29
25.38076923076924,24.6,26.0,0.3384677821601924,49.87307692307693,47.4,52.4,1.2658012273863324,1.8705128205128203,0.9,3.0,0.5137357384146142,47.28076923076923,44.6,50.5,1.4363606330347083,965.803846153846,965.7,965.9,0.0728676218198926,False,0.0,29
25.94102564102564,24.8,26.9,0.6018231818326231,38.01025641025641,33.9,41.1,2.3413055378808685,1.53974358974359,0.4,3.6,0.7621466170412788,61.45641025641025,55.2,65.6,2.1294221973199434,992.2128205128204,991.8,992.7,0.2326353673008808,False,0.0,32
25.94102564102564,24.8,26.9,0.6018231818326231,38.01025641025641,33.9,41.1,2.3413055378808685,1.53974358974359,0.4,3.6,0.7621466170412788,61.45641025641025,55.2,65.6,2.1294221973199434,992.2128205128204,991.8,992.7,0.2326353673008808,False,0.0,32
16.58888888888889,15.9,17.5,0.4086563348340506,24.14444444444445,22.1,26.8,1.4807937060914325,1.1296296296296295,0.0,3.2,0.550555275255002,77.17530864197532,73.1,81.7,2.2655314422998827,1005.2407407407408,1005.0,1005.5,0.1751983003468921,True,0.0864197530864197,31
16.58888888888889,15.9,17.5,0.4086563348340506,24.14444444444445,22.1,26.8,1.4807937060914325,1.1296296296296295,0.0,3.2,0.550555275255002,77.17530864197532,73.1,81.7,2.2655314422998827,1005.2407407407408,1005.0,1005.5,0.1751983003468921,True,0.0864197530864197,31
24.713924050632908,24.1,25.2,0.293403623811011,38.30886075949368,34.5,45.9,3.539418678671346,1.2139240506329112,0.5,2.3,0.4703338086865949,50.66075949367088,43.4,56.7,3.545904742292879,982.2139240506332,982.1,982.4,0.071133996371554,False,0.0,33
24.713924050632908,24.1,25.2,0.293403623811011,38.30886075949368,34.5,45.9,3.539418678671346,1.2139240506329112,0.5,2.3,0.4703338086865949,50.66075949367088,43.4,56.7,3.545904742292879,982.2139240506332,982.1,982.4,0.071133996371554,False,0.0,33
20.662025316455697,19.7,21.5,0.4672076893544087,28.79240506329113,25.1,31.3,1.4399761529274278,1.0113924050632912,0.0,2.4,0.5327690945866751,58.45822784810127,55.0,62.3,1.904623766261834,993.953164556962,993.7,994.3,0.1483546020804894,False,0.0,35
20.662025316455697,19.7,21.5,0.4672076893544087,28.79240506329113,25.1,31.3,1.4399761529274278,1.0113924050632912,0.0,2.4,0.5327690945866751,58.45822784810127,55.0,62.3,1.904623766261834,993.953164556962,993.7,994.3,0.1483546020804894,False,0.0,35
28.283962264150947,27.6,28.8,0.3168706488241746,32.53018867924528,31.5,33.9,0.571909052263641,1.3603773584905663,0.3,2.2,0.4228428156189662,57.801886792452834,55.3,60.6,1.4920092641149556,1003.682075471698,1003.2,1004.3,0.2913996338891472,False,0.0,38
28.283962264150947,27.6,28.8,0.3168706488241746,32.53018867924528,31.5,33.9,0.571909052263641,1.3603773584905663,0.3,2.2,0.4228428156189662,57.801886792452834,55.3,60.6,1.4920092641149556,1003.682075471698,1003.2,1004.3,0.2913996338891472,False,0.0,38
15.964102564102564,14.7,17.0,0.5761435515055183,20.67692307692308,17.2,22.2,1.104527057151621,1.017948717948718,0.0,2.3,0.5516783341304826,80.16666666666667,74.3,85.8,2.81469551150934,782.8192307692308,782.7,782.9,0.0559630961604827,False,0.0,39
15.964102564102564,14.7,17.0,0.5761435515055183,20.67692307692308,17.2,22.2,1.104527057151621,1.017948717948718,0.0,2.3,0.5516783341304826,80.16666666666667,74.3,85.8,2.81469551150934,782.8192307692308,782.7,782.9,0.0559630961604827,False,0.0,39
20.63875,19.8,21.4,0.4538147031665306,34.303749999999994,31.7,36.5,1.4064448177288915,0.8225,0.0,1.7,0.3272342868359192,67.13499999999999,64.2,69.7,1.4200285252973723,1014.83875,1014.7,1015.0,0.0605747785589747,True,0.1125,27
20.63875,19.8,21.4,0.4538147031665306,34.303749999999994,31.7,36.5,1.4064448177288915,0.8225,0.0,1.7,0.3272342868359192,67.13499999999999,64.2,69.7,1.4200285252973723,1014.83875,1014.7,1015.0,0.0605747785589747,True,0.1125,27
21.882278481012666,21.3,22.7,0.3521944005986577,26.983544303797466,25.7,28.8,0.9125099760251074,2.087341772151899,0.3,3.5,0.6984170909823916,66.56075949367089,62.5,71.2,2.839890649823261,1015.4822784810128,1015.3,1015.7,0.0957554225162053,False,0.0,37
21.882278481012666,21.3,22.7,0.3521944005986577,26.983544303797466,25.7,28.8,0.9125099760251074,2.087341772151899,0.3,3.5,0.6984170909823916,66.56075949367089,62.5,71.2,2.839890649823261,1015.4822784810128,1015.3,1015.7,0.0957554225162053,False,0.0,37
31.31410256410257,30.8,31.8,0.2160593707332585,39.04358974358974,37.1,40.9,0.955175885562953,2.2820512820512824,1.4,3.1,0.3660046092050945,58.83717948717949,55.6,63.0,1.7687848183427326,1007.8243589743588,1007.4,1008.3,0.2750140007939671,False,0.0,36
31.31410256410257,30.8,31.8,0.2160593707332585,39.04358974358974,37.1,40.9,0.955175885562953,2.2820512820512824,1.4,3.1,0.3660046092050945,58.83717948717949,55.6,63.0,1.7687848183427326,1007.8243589743588,1007.4,1008.3,0.2750140007939671,False,0.0,36
20.95,19.8,21.4,0.3612193960113362,27.986486486486488,26.1,29.1,0.9235613505923872,1.5527027027027025,0.4,2.9,0.6934572851257425,60.49594594594594,58.3,65.1,1.7654553674823896,1004.8594594594596,1004.6,1005.1,0.1270518381088008,False,0.0,26
20.95,19.8,21.4,0.3612193960113362,27.986486486486488,26.1,29.1,0.9235613505923872,1.5527027027027025,0.4,2.9,0.6934572851257425,60.49594594594594,58.3,65.1,1.7654553674823896,1004.8594594594596,1004.6,1005.1,0.1270518381088008,False,0.0,26
18.66582278481012,17.9,19.6,0.40156299628703,25.96075949367088,24.5,27.2,0.6070985476373091,1.5000000000000002,0.5,3.1,0.6283882516977819,27.293670886075947,25.4,28.6,0.6379739107582528,1010.3556962025316,1009.5,1011.1,0.4581867370527353,False,0.0,40
18.66582278481012,17.9,19.6,0.40156299628703,25.96075949367088,24.5,27.2,0.6070985476373091,1.5000000000000002,0.5,3.1,0.6283882516977819,27.293670886075947,25.4,28.6,0.6379739107582528,1010.3556962025316,1009.5,1011.1,0.4581867370527353,False,0.0,40
24.595121951219515,23.7,25.6,0.5374614402532601,36.58414634146342,33.1,39.6,1.8985679796576969,2.884146341463415,1.2,4.3,0.692190923529108,60.5560975609756,56.6,64.2,2.1903885196255843,1003.6792682926828,1003.5,1003.8,0.0732622633362216,False,0.0,47
24.595121951219515,23.7,25.6,0.5374614402532601,36.58414634146342,33.1,39.6,1.8985679796576969,2.884146341463415,1.2,4.3,0.692190923529108,60.5560975609756,56.6,64.2,2.1903885196255843,1003.6792682926828,1003.5,1003.8,0.0732622633362216,False,0.0,47
24.567073170731703,24.4,25.0,0.1333841366627951,36.93414634146342,35.4,38.0,0.7679087381789815,2.385365853658536,1.6,3.3,0.4329405488281648,49.552439024390246,48.0,51.4,1.012053969399268,1016.021951219512,1015.8,1016.3,0.1602655129094561,False,0.0,59
24.567073170731703,24.4,25.0,0.1333841366627951,36.93414634146342,35.4,38.0,0.7679087381789815,2.385365853658536,1.6,3.3,0.4329405488281648,49.552439024390246,48.0,51.4,1.012053969399268,1016.021951219512,1015.8,1016.3,0.1602655129094561,False,0.0,59
22.28674698795181,21.1,24.0,0.7653743041467578,45.60361445783133,41.0,49.6,2.3123974352011825,1.302409638554217,0.4,3.5,0.6686309098183406,40.28072289156626,37.4,43.1,1.3492055323841243,942.0253012048192,941.8,942.2,0.0947955096883358,False,0.0,43
22.28674698795181,21.1,24.0,0.7653743041467578,45.60361445783133,41.0,49.6,2.3123974352011825,1.302409638554217,0.4,3.5,0.6686309098183406,40.28072289156626,37.4,43.1,1.3492055323841243,942.0253012048192,941.8,942.2,0.0947955096883358,False,0.0,43
28.15443037974684,27.7,28.4,0.2011489232425787,31.837974683544303,30.6,32.7,0.619409105823043,0.9151898734177216,0.0,1.7,0.3836693981484904,46.3126582278481,44.5,48.0,1.0159455730182008,1015.591139240506,1015.4,1015.9,0.1178763731113172,True,0.050632911392405,57
28.15443037974684,27.7,28.4,0.2011489232425787,31.837974683544303,30.6,32.7,0.619409105823043,0.9151898734177216,0.0,1.7,0.3836693981484904,46.3126582278481,44.5,48.0,1.0159455730182008,1015.591139240506,1015.4,1015.9,0.1178763731113172,True,0.050632911392405,57
14.93,13.8,16.8,0.8661569419575564,21.61625,18.7,26.7,2.690181103027937,1.25,0.3,3.4,0.6182867304193567,73.57000000000001,64.5,78.5,4.326205107586948,957.37875,957.2,957.5,0.0806520107340414,True,0.225,49
14.93,13.8,16.8,0.8661569419575564,21.61625,18.7,26.7,2.690181103027937,1.25,0.3,3.4,0.6182867304193567,73.57000000000001,64.5,78.5,4.326205107586948,957.37875,957.2,957.5,0.0806520107340414,True,0.225,49
8.277215189873417,7.3,9.1,0.4320343549636692,15.4506329113924,11.6,18.4,1.711190425175014,2.8987341772151898,0.9,4.2,0.634579139936528,68.0632911392405,62.8,73.6,2.8993888487408044,949.348101265823,949.1,949.6,0.1475098949255202,False,0.0,53
8.277215189873417,7.3,9.1,0.4320343549636692,15.4506329113924,11.6,18.4,1.711190425175014,2.8987341772151898,0.9,4.2,0.634579139936528,68.0632911392405,62.8,73.6,2.8993888487408044,949.348101265823,949.1,949.6,0.1475098949255202,False,0.0,53
16.952727272727273,15.4,17.9,0.7444854255058717,20.516363636363632,16.9,23.1,1.7196931277735068,1.4681818181818185,0.5,2.6,0.4834759119796494,70.90636363636362,68.1,77.5,2.2583292221750515,1020.1154545454544,1019.8,1020.5,0.1497314805361643,False,0.0,55
16.952727272727273,15.4,17.9,0.7444854255058717,20.516363636363632,16.9,23.1,1.7196931277735068,1.4681818181818185,0.5,2.6,0.4834759119796494,70.90636363636362,68.1,77.5,2.2583292221750515,1020.1154545454544,1019.8,1020.5,0.1497314805361643,False,0.0,55
20.549382716049383,19.4,21.7,0.7132887663474947,32.94197530864197,27.8,37.4,2.657483028992418,3.737037037037037,2.3,5.5,0.7213605971434198,62.49012345679012,56.9,68.1,3.5180820392037324,997.8851851851852,997.7,998.1,0.0909822937597198,False,0.0,46
20.549382716049383,19.4,21.7,0.7132887663474947,32.94197530864197,27.8,37.4,2.657483028992418,3.737037037037037,2.3,5.5,0.7213605971434198,62.49012345679012,56.9,68.1,3.5180820392037324,997.8851851851852,997.7,998.1,0.0909822937597198,False,0.0,46
17.863157894736847,16.9,18.5,0.4884921303393827,26.043421052631587,22.3,28.4,1.9748644190638025,1.805263157894737,1.0,2.8,0.5143007516598578,73.22236842105265,68.8,80.8,3.457768015515618,988.0052631578948,987.8,988.2,0.0877796283763963,True,0.0526315789473684,45
17.863157894736847,16.9,18.5,0.4884921303393827,26.043421052631587,22.3,28.4,1.9748644190638025,1.805263157894737,1.0,2.8,0.5143007516598578,73.22236842105265,68.8,80.8,3.457768015515618,988.0052631578948,987.8,988.2,0.0877796283763963,True,0.0526315789473684,45
26.55822784810127,25.5,27.6,0.5341198355254373,39.141772151898735,36.0,42.3,1.6664569812919234,1.3746835443037977,0.0,3.7,0.6984356796240382,51.80000000000001,48.6,55.6,2.050265773891215,997.9949367088608,997.5,998.4,0.2881856302478198,False,0.0,50
26.55822784810127,25.5,27.6,0.5341198355254373,39.141772151898735,36.0,42.3,1.6664569812919234,1.3746835443037977,0.0,3.7,0.6984356796240382,51.80000000000001,48.6,55.6,2.050265773891215,997.9949367088608,997.5,998.4,0.2881856302478198,False,0.0,50
19.107894736842105,17.7,20.3,0.7153112437523937,26.519736842105264,22.0,30.4,2.492603444157245,1.2368421052631582,0.0,3.1,0.5979614492062528,47.97368421052631,42.8,54.8,3.347013332153613,1015.393421052632,1015.1,1015.7,0.1602793613794718,False,0.0,54
19.107894736842105,17.7,20.3,0.7153112437523937,26.519736842105264,22.0,30.4,2.492603444157245,1.2368421052631582,0.0,3.1,0.5979614492062528,47.97368421052631,42.8,54.8,3.347013332153613,1015.393421052632,1015.1,1015.7,0.1602793613794718,False,0.0,54
26.68987341772152,26.2,27.4,0.2634071318412548,38.44810126582279,36.4,40.8,0.9575423615846697,1.559493670886076,0.4,2.9,0.58758937941864,71.57848101265822,67.5,74.2,1.37455548862224,1009.0493670886076,1008.9,1009.3,0.1048483859253995,False,0.0,52
26.68987341772152,26.2,27.4,0.2634071318412548,38.44810126582279,36.4,40.8,0.9575423615846697,1.559493670886076,0.4,2.9,0.58758937941864,71.57848101265822,67.5,74.2,1.37455548862224,1009.0493670886076,1008.9,1009.3,0.1048483859253995,False,0.0,52
25.057142857142864,24.7,25.5,0.1681388613370788,29.374025974025983,28.3,30.3,0.6167407109796068,0.8597402597402598,0.0,1.4,0.3384405958369326,67.36363636363637,63.8,73.8,3.056869274399144,1011.490909090909,1011.2,1011.9,0.1687272933509415,False,0.0,58
25.057142857142864,24.7,25.5,0.1681388613370788,29.374025974025983,28.3,30.3,0.6167407109796068,0.8597402597402598,0.0,1.4,0.3384405958369326,67.36363636363637,63.8,73.8,3.056869274399144,1011.490909090909,1011.2,1011.9,0.1687272933509415,False,0.0,58
30.603947368421053,29.4,32.0,0.7143184704268695,44.86578947368421,41.9,47.6,1.3919341585557792,1.861842105263158,0.5,3.4,0.7640186917893493,49.64605263157894,44.8,53.3,2.513507020849483,999.2842105263156,998.9,999.7,0.2059466802056266,False,0.0,48
30.603947368421053,29.4,32.0,0.7143184704268695,44.86578947368421,41.9,47.6,1.3919341585557792,1.861842105263158,0.5,3.4,0.7640186917893493,49.64605263157894,44.8,53.3,2.513507020849483,999.2842105263156,998.9,999.7,0.2059466802056266,False,0.0,48
31.673831775700936,30.6,32.6,0.5338250099470145,51.028971962616815,44.5,54.7,2.5289273341617866,0.9467289719626166,0.0,2.4,0.4472806212577365,32.106542056074765,29.8,35.4,1.3651505569078892,936.1037383177568,935.7,936.5,0.2231528935399609,False,0.0,44
31.673831775700936,30.6,32.6,0.5338250099470145,51.028971962616815,44.5,54.7,2.5289273341617866,0.9467289719626166,0.0,2.4,0.4472806212577365,32.106542056074765,29.8,35.4,1.3651505569078892,936.1037383177568,935.7,936.5,0.2231528935399609,False,0.0,44
12.3475,11.9,12.9,0.2903402630611719,13.84375,13.2,15.0,0.6710739079068845,0.85,0.0,2.0,0.4124640375577985,86.8375,83.6,90.3,2.1998489591419617,1008.5675,1008.3,1008.8,0.1166787214989881,True,0.975,56
12.3475,11.9,12.9,0.2903402630611719,13.84375,13.2,15.0,0.6710739079068845,0.85,0.0,2.0,0.4124640375577985,86.8375,83.6,90.3,2.1998489591419617,1008.5675,1008.3,1008.8,0.1166787214989881,True,0.975,56
28.05897435897436,27.2,29.2,0.3922747173594724,41.49230769230769,38.5,44.0,1.4401270895188498,2.106410256410257,0.6,4.0,0.6845872286711707,43.36794871794872,39.0,47.8,2.2403323958933514,988.0500000000004,987.9,988.2,0.0817820988255665,False,0.0,51
28.05897435897436,27.2,29.2,0.3922747173594724,41.49230769230769,38.5,44.0,1.4401270895188498,2.106410256410257,0.6,4.0,0.6845872286711707,43.36794871794872,39.0,47.8,2.2403323958933514,988.0500000000004,987.9,988.2,0.0817820988255665,False,0.0,51
26.766666666666666,26.4,27.1,0.1581138830084187,38.504938271604935,35.7,39.9,0.99648146427416,0.4839506172839506,0.1,0.8,0.1639030125740957,47.795061728395055,43.1,51.2,2.129606843678423,1018.716049382716,1018.5,1019.0,0.116679893430103,False,0.0,81
26.766666666666666,26.4,27.1,0.1581138830084187,38.504938271604935,35.7,39.9,0.99648146427416,0.4839506172839506,0.1,0.8,0.1639030125740957,47.795061728395055,43.1,51.2,2.129606843678423,1018.716049382716,1018.5,1019.0,0.116679893430103,False,0.0,81
23.003797468354435,22.2,24.0,0.4572613677701703,47.60632911392405,45.1,51.1,1.8134357370325087,0.4113924050632912,0.0,1.3,0.2987097647070162,32.9139240506329,29.5,35.5,1.2863917114096244,938.1405063291138,937.7,938.7,0.2993664195673211,False,0.0,68
23.003797468354435,22.2,24.0,0.4572613677701703,47.60632911392405,45.1,51.1,1.8134357370325087,0.4113924050632912,0.0,1.3,0.2987097647070162,32.9139240506329,29.5,35.5,1.2863917114096244,938.1405063291138,937.7,938.7,0.2993664195673211,False,0.0,68
28.20506329113924,27.5,28.9,0.384273785336343,53.94936708860761,52.5,55.7,0.7356966727446639,0.3379746835443037,0.0,1.0,0.1869483662901402,37.50886075949367,34.0,40.1,1.4827374089680418,1014.624050632911,1014.2,1014.9,0.176297526687871,False,0.0,65
28.20506329113924,27.5,28.9,0.384273785336343,53.94936708860761,52.5,55.7,0.7356966727446639,0.3379746835443037,0.0,1.0,0.1869483662901402,37.50886075949367,34.0,40.1,1.4827374089680418,1014.624050632911,1014.2,1014.9,0.176297526687871,False,0.0,65
37.97948717948719,37.3,38.7,0.4505001475586699,46.85769230769231,44.7,49.2,1.5768223207985834,0.4102564102564102,0.1,0.8,0.1201619508783643,10.55,9.2,12.1,0.8383270291432859,1008.2051282051286,1008.0,1008.5,0.1149787511678102,False,0.0,60
37.97948717948719,37.3,38.7,0.4505001475586699,46.85769230769231,44.7,49.2,1.5768223207985834,0.4102564102564102,0.1,0.8,0.1201619508783643,10.55,9.2,12.1,0.8383270291432859,1008.2051282051286,1008.0,1008.5,0.1149787511678102,False,0.0,60
13.925974025974025,13.3,14.7,0.3935006846120563,16.45064935064935,15.5,19.3,1.1329541469589204,0.4129870129870129,0.1,0.8,0.1128000668983673,92.55194805194805,89.2,93.9,1.0761298089389308,970.5961038961038,970.5,970.7,0.0411721624195963,True,0.1558441558441558,71
13.925974025974025,13.3,14.7,0.3935006846120563,16.45064935064935,15.5,19.3,1.1329541469589204,0.4129870129870129,0.1,0.8,0.1128000668983673,92.55194805194805,89.2,93.9,1.0761298089389308,970.5961038961038,970.5,970.7,0.0411721624195963,True,0.1558441558441558,71
19.037037037037035,18.5,19.9,0.5330207417269154,50.45555555555556,47.1,55.5,3.375722144963948,0.3728395061728395,0.2,0.8,0.1151220501022853,54.11481481481481,52.3,56.5,1.053103877961609,929.3753086419752,928.9,929.8,0.4142857903058788,False,0.0,78
19.037037037037035,18.5,19.9,0.5330207417269154,50.45555555555556,47.1,55.5,3.375722144963948,0.3728395061728395,0.2,0.8,0.1151220501022853,54.11481481481481,52.3,56.5,1.053103877961609,929.3753086419752,928.9,929.8,0.4142857903058788,False,0.0,78
11.65,10.3,12.8,0.6829944959379113,21.690243902439025,19.3,23.1,0.9290390304094276,0.3939024390243903,0.0,0.9,0.2110219466531535,51.440243902439015,44.3,56.5,2.880751777570345,1011.8780487804878,1011.5,1012.1,0.121740860425984,False,0.0,61
11.65,10.3,12.8,0.6829944959379113,21.690243902439025,19.3,23.1,0.9290390304094276,0.3939024390243903,0.0,0.9,0.2110219466531535,51.440243902439015,44.3,56.5,2.880751777570345,1011.8780487804878,1011.5,1012.1,0.121740860425984,False,0.0,61
25.488607594936703,25.0,26.2,0.3304958752107518,36.91645569620255,35.9,38.1,0.5890954342925405,0.6860759493670885,0.3,1.1,0.153367479934081,53.36455696202532,51.0,56.2,1.414851444107549,968.2392405063292,967.7,968.7,0.2618561562066718,False,0.0,66
25.488607594936703,25.0,26.2,0.3304958752107518,36.91645569620255,35.9,38.1,0.5890954342925405,0.6860759493670885,0.3,1.1,0.153367479934081,53.36455696202532,51.0,56.2,1.414851444107549,968.2392405063292,967.7,968.7,0.2618561562066718,False,0.0,66
25.00361445783132,24.3,25.8,0.3921316923925758,43.49277108433736,40.3,46.9,1.9248555937302576,0.5349397590361445,0.2,1.1,0.1749102452337944,50.55060240963855,46.6,54.3,1.9150478242755231,1011.6879518072286,1011.4,1011.9,0.1086475509712789,False,0.0,69
25.00361445783132,24.3,25.8,0.3921316923925758,43.49277108433736,40.3,46.9,1.9248555937302576,0.5349397590361445,0.2,1.1,0.1749102452337944,50.55060240963855,46.6,54.3,1.9150478242755231,1011.6879518072286,1011.4,1011.9,0.1086475509712789,False,0.0,69
27.21139240506329,26.6,28.1,0.3262008747854735,54.08227848101264,49.3,60.3,2.9650424606148467,0.4594936708860759,0.1,0.8,0.1629212389089706,56.9354430379747,50.0,60.1,2.419845193961665,982.3746835443038,982.2,982.5,0.0792081879191288,False,0.0,70
27.21139240506329,26.6,28.1,0.3262008747854735,54.08227848101264,49.3,60.3,2.9650424606148467,0.4594936708860759,0.1,0.8,0.1629212389089706,56.9354430379747,50.0,60.1,2.419845193961665,982.3746835443038,982.2,982.5,0.0792081879191288,False,0.0,70
25.468354430379748,24.5,26.6,0.6355987090314356,37.46962025316456,33.7,40.7,2.055159512829671,0.3518987341772152,0.0,0.7,0.1592134186891445,49.0746835443038,43.8,54.4,3.2965976382196653,996.1962025316452,995.9,996.6,0.2015599662470412,False,0.0,73
25.468354430379748,24.5,26.6,0.6355987090314356,37.46962025316456,33.7,40.7,2.055159512829671,0.3518987341772152,0.0,0.7,0.1592134186891445,49.0746835443038,43.8,54.4,3.2965976382196653,996.1962025316452,995.9,996.6,0.2015599662470412,False,0.0,73
18.040259740259746,17.1,19.0,0.5356402318376479,36.26753246753247,33.4,40.2,1.8920499575051253,0.3,0.0,0.8,0.1504379571363837,38.9103896103896,34.7,42.7,2.277151060309698,786.1987012987013,785.5,786.8,0.3813043771380149,False,0.0,77
18.040259740259746,17.1,19.0,0.5356402318376479,36.26753246753247,33.4,40.2,1.8920499575051253,0.3,0.0,0.8,0.1504379571363837,38.9103896103896,34.7,42.7,2.277151060309698,786.1987012987013,785.5,786.8,0.3813043771380149,False,0.0,77
18.501315789473683,18.0,19.4,0.3553377439573535,28.548684210526307,26.9,31.2,1.25374036876887,0.1894736842105263,0.0,0.5,0.1291809556329632,70.55657894736841,65.7,73.8,2.066645302662637,1013.0368421052632,1012.6,1013.3,0.18962567003664,False,0.0,64
18.501315789473683,18.0,19.4,0.3553377439573535,28.548684210526307,26.9,31.2,1.25374036876887,0.1894736842105263,0.0,0.5,0.1291809556329632,70.55657894736841,65.7,73.8,2.066645302662637,1013.0368421052632,1012.6,1013.3,0.18962567003664,False,0.0,64
17.207500000000003,16.5,17.9,0.3655323844075008,29.265,25.6,32.2,2.01186984001564,0.7375,0.2,1.2,0.2587090639054524,68.37125,64.8,71.4,1.578830984773549,1019.4712499999998,1019.2,1019.7,0.1127265651078612,False,0.0,72
17.207500000000003,16.5,17.9,0.3655323844075008,29.265,25.6,32.2,2.01186984001564,0.7375,0.2,1.2,0.2587090639054524,68.37125,64.8,71.4,1.578830984773549,1019.4712499999998,1019.2,1019.7,0.1127265651078612,False,0.0,72
17.0925,16.5,18.1,0.4594369145824187,31.02625,28.0,36.4,2.601788272552145,0.6174999999999999,0.1,1.4,0.2029996570427981,46.15375,42.6,48.6,1.2853550708764672,1006.20375,1005.8,1006.6,0.2015407424965853,False,0.0,62
17.0925,16.5,18.1,0.4594369145824187,31.02625,28.0,36.4,2.601788272552145,0.6174999999999999,0.1,1.4,0.2029996570427981,46.15375,42.6,48.6,1.2853550708764672,1006.20375,1005.8,1006.6,0.2015407424965853,False,0.0,62
27.471794871794863,27.1,27.7,0.156998995693236,36.9102564102564,34.5,39.0,1.3052928957860546,0.464102564102564,0.1,0.9,0.1643360185909559,59.07564102564103,56.7,61.0,1.032609341078247,1009.0551282051282,1008.8,1009.4,0.1275619899188869,False,0.0,79
27.471794871794863,27.1,27.7,0.156998995693236,36.9102564102564,34.5,39.0,1.3052928957860546,0.464102564102564,0.1,0.9,0.1643360185909559,59.07564102564103,56.7,61.0,1.032609341078247,1009.0551282051282,1008.8,1009.4,0.1275619899188869,False,0.0,79
19.153164556962025,19.0,19.4,0.0971853147052188,31.712658227848102,27.7,33.7,1.4699003183198578,0.8354430379746833,0.1,1.4,0.2364469771339456,50.23670886075949,47.1,53.1,1.4975344878687695,1014.6670886075948,1014.4,1015.0,0.1482561184687459,False,0.0,74
19.153164556962025,19.0,19.4,0.0971853147052188,31.712658227848102,27.7,33.7,1.4699003183198578,0.8354430379746833,0.1,1.4,0.2364469771339456,50.23670886075949,47.1,53.1,1.4975344878687695,1014.6670886075948,1014.4,1015.0,0.1482561184687459,False,0.0,74
29.18048780487805,28.9,29.5,0.1914461045844341,34.510975609756095,32.9,36.6,1.1625861016897698,0.3439024390243902,0.0,0.8,0.2266762312663994,65.18902439024392,61.6,70.2,2.6436042595061866,1012.5292682926828,1012.2,1012.9,0.2174418071026405,False,0.0,80
29.18048780487805,28.9,29.5,0.1914461045844341,34.510975609756095,32.9,36.6,1.1625861016897698,0.3439024390243902,0.0,0.8,0.2266762312663994,65.18902439024392,61.6,70.2,2.6436042595061866,1012.5292682926828,1012.2,1012.9,0.2174418071026405,False,0.0,80
23.96296296296296,23.0,25.0,0.5717176847982851,39.47037037037036,36.6,42.4,1.7685053325085307,0.4148148148148148,0.1,0.8,0.1681599767417258,51.84197530864197,47.7,55.1,1.748632622760629,1004.1358024691358,1003.6,1004.5,0.263300513660379,False,0.0,63
23.96296296296296,23.0,25.0,0.5717176847982851,39.47037037037036,36.6,42.4,1.7685053325085307,0.4148148148148148,0.1,0.8,0.1681599767417258,51.84197530864197,47.7,55.1,1.748632622760629,1004.1358024691358,1003.6,1004.5,0.263300513660379,False,0.0,63
22.293827160493823,20.7,23.3,0.7995851547853341,48.50617283950618,44.6,52.5,2.317560445760388,0.3012345679012345,0.1,0.7,0.1444764921712991,43.809876543209874,37.3,50.4,3.758144653225565,940.1604938271604,940.0,940.4,0.1158436579464567,False,0.0,67
22.293827160493823,20.7,23.3,0.7995851547853341,48.50617283950618,44.6,52.5,2.317560445760388,0.3012345679012345,0.1,0.7,0.1444764921712991,43.809876543209874,37.3,50.4,3.758144653225565,940.1604938271604,940.0,940.4,0.1158436579464567,False,0.0,67
17.638271604938268,16.6,18.7,0.739521450201846,23.40246913580247,19.6,27.5,2.0450535022733494,0.237037037037037,0.0,0.5,0.1208764290964583,90.35925925925928,84.3,94.4,3.654441741832047,1004.2666666666664,1004.1,1004.4,0.0707106781186205,True,0.5185185185185185,75
17.638271604938268,16.6,18.7,0.739521450201846,23.40246913580247,19.6,27.5,2.0450535022733494,0.237037037037037,0.0,0.5,0.1208764290964583,90.35925925925928,84.3,94.4,3.654441741832047,1004.2666666666664,1004.1,1004.4,0.0707106781186205,True,0.5185185185185185,75
28.64683544303798,28.1,29.6,0.3452369840239342,36.93037974683545,34.5,38.8,1.2595638673742615,0.9050632911392406,0.3,1.6,0.3182076141239638,60.462025316455694,57.9,63.2,1.3890878576511771,994.0670886075948,993.3,994.8,0.4202323896117595,False,0.0,76
28.64683544303798,28.1,29.6,0.3452369840239342,36.93037974683545,34.5,38.8,1.2595638673742615,0.9050632911392406,0.3,1.6,0.3182076141239638,60.462025316455694,57.9,63.2,1.3890878576511771,994.0670886075948,993.3,994.8,0.4202323896117595,False,0.0,76
30.508536585365857,30.2,30.8,0.1549203056868994,44.2451219512195,42.1,46.1,1.121523703290777,2.8292682926829267,1.7,3.9,0.4887595295722287,60.926829268292686,58.0,63.0,1.3678900378597696,1013.7390243902438,1013.7,1014.0,0.0842631058216222,False,0.0,103
30.508536585365857,30.2,30.8,0.1549203056868994,44.2451219512195,42.1,46.1,1.121523703290777,2.8292682926829267,1.7,3.9,0.4887595295722287,60.926829268292686,58.0,63.0,1.3678900378597696,1013.7390243902438,1013.7,1014.0,0.0842631058216222,False,0.0,103
24.632432432432427,24.4,25.2,0.1880746777564178,32.47297297297297,31.3,36.0,1.185679077985212,1.054054054054054,0.0,2.2,0.4705546680974178,50.054054054054056,49.0,51.0,0.7382298690136341,1017.6175675675676,1017.2,1018.0,0.2307570080018123,False,0.0,84
24.632432432432427,24.4,25.2,0.1880746777564178,32.47297297297297,31.3,36.0,1.185679077985212,1.054054054054054,0.0,2.2,0.4705546680974178,50.054054054054056,49.0,51.0,0.7382298690136341,1017.6175675675676,1017.2,1018.0,0.2307570080018123,False,0.0,84
19.82592592592593,19.1,20.6,0.4460318872507259,34.48888888888889,31.3,37.9,1.595305613354382,1.746913580246914,0.0,3.9,0.7610989455637629,42.22222222222222,38.0,45.0,1.7175564037317668,945.2802469135802,945.0,945.7,0.1866947730162845,False,0.0,92
19.82592592592593,19.1,20.6,0.4460318872507259,34.48888888888889,31.3,37.9,1.595305613354382,1.746913580246914,0.0,3.9,0.7610989455637629,42.22222222222222,38.0,45.0,1.7175564037317668,945.2802469135802,945.0,945.7,0.1866947730162845,False,0.0,92
27.12244897959184,26.7,27.9,0.2669146402974808,46.2561224489796,43.6,48.8,1.4599157104980027,1.1214285714285714,0.4,2.2,0.419928810854372,50.92857142857143,46.0,57.0,2.6252147678465443,1015.5051020408164,1015.2,1015.7,0.0967219939802023,False,0.0,89
27.12244897959184,26.7,27.9,0.2669146402974808,46.2561224489796,43.6,48.8,1.4599157104980027,1.1214285714285714,0.4,2.2,0.419928810854372,50.92857142857143,46.0,57.0,2.6252147678465443,1015.5051020408164,1015.2,1015.7,0.0967219939802023,False,0.0,89
22.24691358024691,21.8,22.6,0.2043810288120489,36.99135802469136,34.5,39.2,1.440156027212347,0.6320987654320988,0.3,1.0,0.1563866686244604,39.2962962962963,35.0,44.0,1.958599272723012,1014.0617283950618,1013.7,1014.4,0.1290037802106844,False,0.0,82
22.24691358024691,21.8,22.6,0.2043810288120489,36.99135802469136,34.5,39.2,1.440156027212347,0.6320987654320988,0.3,1.0,0.1563866686244604,39.2962962962963,35.0,44.0,1.958599272723012,1014.0617283950618,1013.7,1014.4,0.1290037802106844,False,0.0,82
15.439759036144572,15.1,15.7,0.1918712468679696,20.17590361445783,19.7,20.8,0.2734559140665929,1.297590361445783,0.6,2.5,0.4213728734061445,84.03614457831326,82.0,87.0,1.282582980080984,968.9951807228914,968.9,969.2,0.0439057039958861,False,0.0,95
15.439759036144572,15.1,15.7,0.1918712468679696,20.17590361445783,19.7,20.8,0.2734559140665929,1.297590361445783,0.6,2.5,0.4213728734061445,84.03614457831326,82.0,87.0,1.282582980080984,968.9951807228914,968.9,969.2,0.0439057039958861,False,0.0,95
25.404878048780493,23.9,26.0,0.5458943141563616,48.83658536585365,38.9,53.5,3.5011642576847737,1.195121951219512,0.0,2.5,0.4742511807841474,55.8780487804878,50.0,63.0,3.076755722407755,924.719512195122,924.5,925.2,0.21911101216487,False,0.0,102
25.404878048780493,23.9,26.0,0.5458943141563616,48.83658536585365,38.9,53.5,3.5011642576847737,1.195121951219512,0.0,2.5,0.4742511807841474,55.8780487804878,50.0,63.0,3.076755722407755,924.719512195122,924.5,925.2,0.21911101216487,False,0.0,102
11.455555555555556,11.1,11.8,0.2012461179749809,16.604938271604937,16.1,17.2,0.288487969665938,2.004938271604938,0.6,3.7,0.660662779821881,82.82716049382717,82.0,84.0,0.6080732574449834,1005.4333333333334,1005.0,1006.0,0.2578759391645421,True,1.0,90
11.455555555555556,11.1,11.8,0.2012461179749809,16.604938271604937,16.1,17.2,0.288487969665938,2.004938271604938,0.6,3.7,0.660662779821881,82.82716049382717,82.0,84.0,0.6080732574449834,1005.4333333333334,1005.0,1006.0,0.2578759391645421,True,1.0,90
19.246987951807228,18.8,19.6,0.1921237846638427,30.86144578313253,30.3,31.6,0.3367098067712071,2.193975903614457,0.6,3.9,0.7553628424820268,48.36144578313253,46.0,52.0,1.2354352768333097,1003.1204819277108,1003.0,1003.4,0.1033099010019038,False,0.0,85
19.246987951807228,18.8,19.6,0.1921237846638427,30.86144578313253,30.3,31.6,0.3367098067712071,2.193975903614457,0.6,3.9,0.7553628424820268,48.36144578313253,46.0,52.0,1.2354352768333097,1003.1204819277108,1003.0,1003.4,0.1033099010019038,False,0.0,85
29.0,27.7,29.8,0.5307809294442749,52.609756097560975,47.9,56.7,1.915215860322023,1.965853658536585,0.8,3.7,0.5965372324321491,60.74390243902439,55.0,67.0,2.845012858179002,968.371951219512,968.2,968.5,0.1363314681063006,False,0.0,93
29.0,27.7,29.8,0.5307809294442749,52.609756097560975,47.9,56.7,1.915215860322023,1.965853658536585,0.8,3.7,0.5965372324321491,60.74390243902439,55.0,67.0,2.845012858179002,968.371951219512,968.2,968.5,0.1363314681063006,False,0.0,93
17.328395061728397,17.1,17.9,0.1995210314109985,25.093827160493827,23.8,27.1,0.9245736421470634,4.724691358024692,2.5,6.5,0.7328933865504469,66.24691358024691,65.0,68.0,0.6620208493229436,999.6604938271604,999.4,1000.0,0.1384548774381797,False,0.0,91
17.328395061728397,17.1,17.9,0.1995210314109985,25.093827160493827,23.8,27.1,0.9245736421470634,4.724691358024692,2.5,6.5,0.7328933865504469,66.24691358024691,65.0,68.0,0.6620208493229436,999.6604938271604,999.4,1000.0,0.1384548774381797,False,0.0,91
19.63658536585366,19.1,20.8,0.5107516115217715,24.089024390243903,21.9,29.1,2.3338097977850034,1.9317073170731704,0.4,3.2,0.7267173018003101,93.85365853658536,92.0,95.0,0.6689212103581167,985.2536585365852,984.7,985.9,0.3775146541023731,True,0.7804878048780488,94
19.63658536585366,19.1,20.8,0.5107516115217715,24.089024390243903,21.9,29.1,2.3338097977850034,1.9317073170731704,0.4,3.2,0.7267173018003101,93.85365853658536,92.0,95.0,0.6689212103581167,985.2536585365852,984.7,985.9,0.3775146541023731,True,0.7804878048780488,94
25.91234567901234,25.3,26.8,0.4359996318947366,40.88765432098766,38.9,42.5,0.9073839755100072,1.225925925925926,0.0,2.9,0.5832619003881914,41.28395061728395,39.0,45.0,1.5185072266969506,992.453086419753,992.2,992.9,0.2242133023222861,False,0.0,97
25.91234567901234,25.3,26.8,0.4359996318947366,40.88765432098766,38.9,42.5,0.9073839755100072,1.225925925925926,0.0,2.9,0.5832619003881914,41.28395061728395,39.0,45.0,1.5185072266969506,992.453086419753,992.2,992.9,0.2242133023222861,False,0.0,97
21.24512195121951,20.5,21.7,0.3566484727185049,29.763414634146336,28.7,30.8,0.5581079578564562,3.791463414634146,2.7,5.1,0.6080125931753398,51.96341463414634,50.0,55.0,1.159449869030802,1013.9841463414634,1013.7,1014.2,0.1409574948586321,False,0.0,99
21.24512195121951,20.5,21.7,0.3566484727185049,29.763414634146336,28.7,30.8,0.5581079578564562,3.791463414634146,2.7,5.1,0.6080125931753398,51.96341463414634,50.0,55.0,1.159449869030802,1013.9841463414634,1013.7,1014.2,0.1409574948586321,False,0.0,99
21.169879518072293,19.5,22.9,1.0192937463776786,41.16506024096386,36.0,46.2,2.8619213116170306,1.2759036144578313,0.4,3.0,0.5980844139469683,54.024096385542165,47.0,60.0,3.774031627093744,785.2975903614457,784.5,785.9,0.4239695984310246,False,0.0,101
21.169879518072293,19.5,22.9,1.0192937463776786,41.16506024096386,36.0,46.2,2.8619213116170306,1.2759036144578313,0.4,3.0,0.5980844139469683,54.024096385542165,47.0,60.0,3.774031627093744,785.2975903614457,784.5,785.9,0.4239695984310246,False,0.0,101
33.38780487804878,32.6,34.4,0.4307301420664138,50.17560975609756,46.4,54.0,1.777052697663751,1.59390243902439,0.5,3.7,0.7335601603705498,42.829268292682926,40.0,46.0,1.331525422897265,1010.2341463414634,1010.0,1010.7,0.1854054697044433,False,0.0,86
33.38780487804878,32.6,34.4,0.4307301420664138,50.17560975609756,46.4,54.0,1.777052697663751,1.59390243902439,0.5,3.7,0.7335601603705498,42.829268292682926,40.0,46.0,1.331525422897265,1010.2341463414634,1010.0,1010.7,0.1854054697044433,False,0.0,86
27.16875,26.5,27.7,0.240565657239428,51.315,49.3,53.3,0.8937334578446121,0.74375,0.0,1.7,0.3294966433435757,47.8375,42.0,51.0,2.4569392814864988,1005.7949999999996,1005.4,1006.2,0.2560162178407303,False,0.0,88
27.16875,26.5,27.7,0.240565657239428,51.315,49.3,53.3,0.8937334578446121,0.74375,0.0,1.7,0.3294966433435757,47.8375,42.0,51.0,2.4569392814864988,1005.7949999999996,1005.4,1006.2,0.2560162178407303,False,0.0,88
23.77590361445783,22.6,25.0,0.7252569538674674,31.42048192771085,27.7,34.3,2.052467820736104,1.6999999999999995,0.4,3.9,0.7660478237634273,37.8433734939759,35.0,41.0,1.6191079123924357,1010.4156626506024,1010.2,1010.7,0.107614859467696,False,0.0,96
23.77590361445783,22.6,25.0,0.7252569538674674,31.42048192771085,27.7,34.3,2.052467820736104,1.6999999999999995,0.4,3.9,0.7660478237634273,37.8433734939759,35.0,41.0,1.6191079123924357,1010.4156626506024,1010.2,1010.7,0.107614859467696,False,0.0,96
24.254878048780483,24.0,24.5,0.1008022621542042,29.33780487804877,28.1,30.8,0.7620051916323646,5.682926829268292,3.7,7.5,0.7782228691616037,56.41463414634146,54.0,60.0,1.246736178614604,1012.5548780487804,1012.4,1012.9,0.1067504752056956,False,0.0,83
24.254878048780483,24.0,24.5,0.1008022621542042,29.33780487804877,28.1,30.8,0.7620051916323646,5.682926829268292,3.7,7.5,0.7782228691616037,56.41463414634146,54.0,60.0,1.246736178614604,1012.5548780487804,1012.4,1012.9,0.1067504752056956,False,0.0,83
26.0144578313253,25.8,26.4,0.1725932269256397,28.809638554216875,27.8,29.4,0.4032231294878579,0.8999999999999999,0.0,2.0,0.3966321635605611,87.8433734939759,85.0,91.0,2.1667212934937217,1007.3722891566264,1007.0,1007.7,0.145931200806369,True,0.3132530120481928,98
26.0144578313253,25.8,26.4,0.1725932269256397,28.809638554216875,27.8,29.4,0.4032231294878579,0.8999999999999999,0.0,2.0,0.3966321635605611,87.8433734939759,85.0,91.0,2.1667212934937217,1007.3722891566264,1007.0,1007.7,0.145931200806369,True,0.3132530120481928,98
31.512195121951223,30.3,32.6,0.6037721432490616,44.09512195121951,42.0,46.0,1.102959256158977,2.586585365853658,0.0,4.5,0.9068684681631786,31.97560975609756,29.0,36.0,1.4052424750664223,1005.6134146341464,1005.0,1006.2,0.2930310711717893,False,0.0,87
31.512195121951223,30.3,32.6,0.6037721432490616,44.09512195121951,42.0,46.0,1.102959256158977,2.586585365853658,0.0,4.5,0.9068684681631786,31.97560975609756,29.0,36.0,1.4052424750664223,1005.6134146341464,1005.0,1006.2,0.2930310711717893,False,0.0,87
29.236585365853653,28.5,29.8,0.3942525965756659,39.68292682926829,38.2,40.5,0.4903525761132837,3.9670731707317066,1.2,8.0,1.5656856564543404,40.86585365853659,36.0,45.0,2.147419899608217,992.5402439024388,991.7,993.5,0.5302828865588355,False,0.0,100
29.236585365853653,28.5,29.8,0.3942525965756659,39.68292682926829,38.2,40.5,0.4903525761132837,3.9670731707317066,1.2,8.0,1.5656856564543404,40.86585365853659,36.0,45.0,2.147419899608217,992.5402439024388,991.7,993.5,0.5302828865588355,False,0.0,100
28.845121951219515,28.6,29.1,0.1067504752056845,42.2560975609756,39.9,44.0,1.1509628348276375,2.491463414634146,1.6,3.5,0.403748246798837,56.69512195121951,53.0,59.0,1.2341741317226795,1013.0536585365852,1013.0,1013.2,0.089159479739763,False,0.0,125
28.845121951219515,28.6,29.1,0.1067504752056845,42.2560975609756,39.9,44.0,1.1509628348276375,2.491463414634146,1.6,3.5,0.403748246798837,56.69512195121951,53.0,59.0,1.2341741317226795,1013.0536585365852,1013.0,1013.2,0.089159479739763,False,0.0,125
14.895238095238094,14.0,15.5,0.3805211271004834,23.510714285714283,20.5,26.1,1.5084515204914537,1.4059523809523806,0.5,2.9,0.5433832414628708,59.65476190476191,56.0,64.0,1.9848464941345605,1019.4571428571428,1019.2,1019.7,0.0908934425586958,True,0.0714285714285714,106
14.895238095238094,14.0,15.5,0.3805211271004834,23.510714285714283,20.5,26.1,1.5084515204914537,1.4059523809523806,0.5,2.9,0.5433832414628708,59.65476190476191,56.0,64.0,1.9848464941345605,1019.4571428571428,1019.2,1019.7,0.0908934425586958,True,0.0714285714285714,106
27.88095238095238,26.6,28.5,0.6034990722737082,47.19523809523809,44.1,49.5,1.292042817178608,1.1726190476190474,0.3,2.5,0.5335381312185121,35.05952380952381,31.0,39.0,2.073069957241928,932.470238095238,932.0,933.0,0.264246946343272,False,0.0,112
27.88095238095238,26.6,28.5,0.6034990722737082,47.19523809523809,44.1,49.5,1.292042817178608,1.1726190476190474,0.3,2.5,0.5335381312185121,35.05952380952381,31.0,39.0,2.073069957241928,932.470238095238,932.0,933.0,0.264246946343272,False,0.0,112
20.61566265060241,19.6,21.3,0.4218085127079446,44.473493975903615,43.0,45.4,0.541020791573196,1.151807228915663,0.6,2.0,0.3081658746334008,76.33734939759036,74.0,78.0,1.0624076250660166,1012.8144578313254,1012.5,1013.2,0.1732983681966616,False,0.0,107
20.61566265060241,19.6,21.3,0.4218085127079446,44.473493975903615,43.0,45.4,0.541020791573196,1.151807228915663,0.6,2.0,0.3081658746334008,76.33734939759036,74.0,78.0,1.0624076250660166,1012.8144578313254,1012.5,1013.2,0.1732983681966616,False,0.0,107
28.0,27.6,28.5,0.2425356250363329,40.57093023255815,38.8,42.0,0.8595301423821476,1.7779069767441855,0.6,3.5,0.5799393807653668,19.8953488372093,14.0,26.0,3.919871155647973,1017.0430232558138,1016.9,1017.2,0.0888365288863352,False,0.0,104
28.0,27.6,28.5,0.2425356250363329,40.57093023255815,38.8,42.0,0.8595301423821476,1.7779069767441855,0.6,3.5,0.5799393807653668,19.8953488372093,14.0,26.0,3.919871155647973,1017.0430232558138,1016.9,1017.2,0.0888365288863352,False,0.0,104
17.986363636363638,17.7,18.5,0.1709888873056587,22.075,20.8,23.8,0.7356676535989088,1.1670454545454545,0.0,2.7,0.5238499370342861,93.88636363636364,93.0,95.0,0.5956126601755015,961.5613636363636,961.5,961.7,0.0927632237149243,True,1.0,115
17.986363636363638,17.7,18.5,0.1709888873056587,22.075,20.8,23.8,0.7356676535989088,1.1670454545454545,0.0,2.7,0.5238499370342861,93.88636363636364,93.0,95.0,0.5956126601755015,961.5613636363636,961.5,961.7,0.0927632237149243,True,1.0,115
30.30375,29.1,31.1,0.4845574125693975,43.4375,40.2,45.7,1.5236843255906505,3.29625,2.2,5.3,0.6681627464145262,51.325,48.0,56.0,1.8195492556319783,919.73,919.2,920.2,0.3357968041403705,True,0.025,123
30.30375,29.1,31.1,0.4845574125693975,43.4375,40.2,45.7,1.5236843255906505,3.29625,2.2,5.3,0.6681627464145262,51.325,48.0,56.0,1.8195492556319783,919.73,919.2,920.2,0.3357968041403705,True,0.025,123
14.802666666666669,14.4,15.2,0.2085816538104593,17.473333333333333,17.2,18.0,0.1795891206400106,2.021333333333333,1.3,2.9,0.3382360176025072,90.70666666666666,90.0,92.0,0.7123112994943905,1004.8786666666664,1004.7,1005.0,0.1056426067472594,True,0.6133333333333333,111
14.802666666666669,14.4,15.2,0.2085816538104593,17.473333333333333,17.2,18.0,0.1795891206400106,2.021333333333333,1.3,2.9,0.3382360176025072,90.70666666666666,90.0,92.0,0.7123112994943905,1004.8786666666664,1004.7,1005.0,0.1056426067472594,True,0.6133333333333333,111
21.78170731707317,19.5,22.7,0.961496781808073,25.580487804878054,21.3,29.2,2.869612570072584,2.119512195121952,0.8,4.0,0.6041909240372194,67.7439024390244,62.0,80.0,5.960385635899405,998.8939024390244,998.2,999.5,0.4800585254895529,True,0.5487804878048781,113
21.78170731707317,19.5,22.7,0.961496781808073,25.580487804878054,21.3,29.2,2.869612570072584,2.119512195121952,0.8,4.0,0.6041909240372194,67.7439024390244,62.0,80.0,5.960385635899405,998.8939024390244,998.2,999.5,0.4800585254895529,True,0.5487804878048781,113
24.61219512195122,24.0,25.2,0.2916069754379324,45.83048780487805,43.5,48.0,1.1090746921145338,2.407317073170732,1.1,3.7,0.6085360875316803,45.91463414634146,41.0,51.0,2.465571426077784,988.0926829268292,987.9,988.4,0.1284095375528663,False,0.0,114
24.61219512195122,24.0,25.2,0.2916069754379324,45.83048780487805,43.5,48.0,1.1090746921145338,2.407317073170732,1.1,3.7,0.6085360875316803,45.91463414634146,41.0,51.0,2.465571426077784,988.0926829268292,987.9,988.4,0.1284095375528663,False,0.0,114
26.751851851851853,26.1,27.4,0.4177652184873433,39.78271604938272,36.1,42.5,1.8073316051196016,1.3246913580246913,0.4,2.2,0.43229933616579,48.06172839506173,44.0,52.0,1.84625078884442,999.620987654321,999.5,999.9,0.1033393068763434,False,0.0,117
26.751851851851853,26.1,27.4,0.4177652184873433,39.78271604938272,36.1,42.5,1.8073316051196016,1.3246913580246913,0.4,2.2,0.43229933616579,48.06172839506173,44.0,52.0,1.84625078884442,999.620987654321,999.5,999.9,0.1033393068763434,False,0.0,117
28.317073170731707,27.5,29.1,0.4060666119559423,45.64268292682927,41.7,48.8,2.121845835605235,2.7646341463414634,1.7,4.0,0.5633611545221865,46.36585365853659,43.0,50.0,1.978353194208717,1009.9439024390244,1009.5,1010.4,0.2244871031933692,False,0.0,119
28.317073170731707,27.5,29.1,0.4060666119559423,45.64268292682927,41.7,48.8,2.121845835605235,2.7646341463414634,1.7,4.0,0.5633611545221865,46.36585365853659,43.0,50.0,1.978353194208717,1009.9439024390244,1009.5,1010.4,0.2244871031933692,False,0.0,119
16.889041095890413,16.6,17.2,0.1429468081292406,18.582191780821923,18.2,19.1,0.2599906332465679,1.0027397260273971,0.0,2.5,0.3975524433398434,57.32876712328767,56.0,59.0,0.8002568080960696,942.5616438356165,942.4,942.7,0.0994849751167336,False,0.0,124
16.889041095890413,16.6,17.2,0.1429468081292406,18.582191780821923,18.2,19.1,0.2599906332465679,1.0027397260273971,0.0,2.5,0.3975524433398434,57.32876712328767,56.0,59.0,0.8002568080960696,942.5616438356165,942.4,942.7,0.0994849751167336,False,0.0,124
21.341975308641977,19.8,22.9,0.7594182308732892,43.90246913580248,39.2,47.0,2.1728998658844114,1.5666666666666669,0.4,3.9,0.7686026281505938,46.358024691358025,42.0,53.0,2.6139464511314525,783.9432098765432,783.2,784.7,0.4606892313710341,False,0.0,122
21.341975308641977,19.8,22.9,0.7594182308732892,43.90246913580248,39.2,47.0,2.1728998658844114,1.5666666666666669,0.4,3.9,0.7686026281505938,46.358024691358025,42.0,53.0,2.6139464511314525,783.9432098765432,783.2,784.7,0.4606892313710341,False,0.0,122
28.9170731707317,28.3,29.4,0.2879492745318219,47.170731707317074,42.1,51.1,1.9687363751362703,2.913414634146341,0.5,5.4,1.069875058486201,55.4390243902439,51.0,58.0,1.4664777738261725,1018.8182926829268,1018.5,1019.2,0.1950802612794497,False,0.0,108
28.9170731707317,28.3,29.4,0.2879492745318219,47.170731707317074,42.1,51.1,1.9687363751362703,2.913414634146341,0.5,5.4,1.069875058486201,55.4390243902439,51.0,58.0,1.4664777738261725,1018.8182926829268,1018.5,1019.2,0.1950802612794497,False,0.0,108
27.34861111111111,26.5,28.0,0.440228191645963,45.30833333333333,43.8,46.8,0.8597002425510039,0.7,0.0,1.3,0.2768026703445239,34.15277777777778,32.0,38.0,1.773511851651948,1017.202777777778,1017.0,1017.4,0.0530007234131337,False,0.0,109
27.34861111111111,26.5,28.0,0.440228191645963,45.30833333333333,43.8,46.8,0.8597002425510039,0.7,0.0,1.3,0.2768026703445239,34.15277777777778,32.0,38.0,1.773511851651948,1017.202777777778,1017.0,1017.4,0.0530007234131337,False,0.0,109
16.374390243902443,14.5,17.1,0.8667821825593838,19.14878048780488,16.8,22.6,1.3852168259601874,2.625609756097561,1.1,4.5,0.7675214197533426,84.07317073170732,75.0,90.0,3.561732439486551,1008.8085365853656,1008.7,1009.0,0.1249209325362269,True,0.4268292682926829,116
16.374390243902443,14.5,17.1,0.8667821825593838,19.14878048780488,16.8,22.6,1.3852168259601874,2.625609756097561,1.1,4.5,0.7675214197533426,84.07317073170732,75.0,90.0,3.561732439486551,1008.8085365853656,1008.7,1009.0,0.1249209325362269,True,0.4268292682926829,116
34.59634146341463,33.5,35.6,0.6268567721796275,39.8780487804878,38.0,42.2,1.215235016669301,4.691463414634146,2.5,6.5,0.8565219966490949,34.31707317073171,31.0,38.0,1.7629804224348573,1005.5073170731708,1005.4,1005.7,0.0465620197179824,False,0.0,120
34.59634146341463,33.5,35.6,0.6268567721796275,39.8780487804878,38.0,42.2,1.215235016669301,4.691463414634146,2.5,6.5,0.8565219966490949,34.31707317073171,31.0,38.0,1.7629804224348573,1005.5073170731708,1005.4,1005.7,0.0465620197179824,False,0.0,120
27.07073170731708,26.8,27.5,0.1815487587997796,40.1719512195122,37.0,43.5,2.223792466904835,3.5353658536585364,1.6,5.5,0.647954416781798,57.46341463414634,54.0,61.0,1.5491544643292028,1008.95,1008.7,1009.2,0.10333930687632,False,0.0,105
27.07073170731708,26.8,27.5,0.1815487587997796,40.1719512195122,37.0,43.5,2.223792466904835,3.5353658536585364,1.6,5.5,0.647954416781798,57.46341463414634,54.0,61.0,1.5491544643292028,1008.95,1008.7,1009.2,0.10333930687632,False,0.0,105
31.02926829268292,30.6,31.3,0.193402161999769,38.20365853658537,36.8,39.4,0.7907560254843512,2.176829268292683,1.6,3.2,0.3044115069318905,69.17073170731707,67.0,72.0,1.5218967863705313,1007.508536585366,1007.2,1007.7,0.1178000183531575,False,0.0,118
31.02926829268292,30.6,31.3,0.193402161999769,38.20365853658537,36.8,39.4,0.7907560254843512,2.176829268292683,1.6,3.2,0.3044115069318905,69.17073170731707,67.0,72.0,1.5218967863705313,1007.508536585366,1007.2,1007.7,0.1178000183531575,False,0.0,118
20.459756097560973,19.5,22.1,0.8361965266223007,20.30975609756097,0.0,29.5,10.620044055569934,1.5231707317073169,0.0,3.0,0.5894753433073848,75.15853658536585,64.0,82.0,5.494036075589562,1001.05243902439,1000.7,1001.5,0.2515265048773599,True,0.6829268292682927,110
20.459756097560973,19.5,22.1,0.8361965266223007,20.30975609756097,0.0,29.5,10.620044055569934,1.5231707317073169,0.0,3.0,0.5894753433073848,75.15853658536585,64.0,82.0,5.494036075589562,1001.05243902439,1000.7,1001.5,0.2515265048773599,True,0.6829268292682927,110
32.94024390243902,31.3,34.1,0.8220509966004198,39.40731707317073,36.6,41.7,1.4672373037892794,1.553658536585366,0.0,3.0,0.7087103784211027,15.731707317073171,13.0,21.0,2.2335753350797605,996.2439024390246,995.5,997.0,0.3855723854718061,True,0.024390243902439,121
32.94024390243902,31.3,34.1,0.8220509966004198,39.40731707317073,36.6,41.7,1.4672373037892794,1.553658536585366,0.0,3.0,0.7087103784211027,15.731707317073171,13.0,21.0,2.2335753350797605,996.2439024390246,995.5,997.0,0.3855723854718061,True,0.024390243902439,121
27.90493827160494,27.7,28.0,0.0878937349415491,40.27407407407407,38.1,41.6,0.976700795763188,2.224691358024692,0.9,3.4,0.4815420189862799,60.5679012345679,59.0,62.0,0.669669164680185,1016.6086419753088,1016.5,1016.8,0.0777777777777884,False,0.0,149
27.90493827160494,27.7,28.0,0.0878937349415491,40.27407407407407,38.1,41.6,0.976700795763188,2.224691358024692,0.9,3.4,0.4815420189862799,60.5679012345679,59.0,62.0,0.669669164680185,1016.6086419753088,1016.5,1016.8,0.0777777777777884,False,0.0,149
18.27283950617284,17.9,18.8,0.2854874540496537,27.66913580246913,25.2,31.0,1.920002732765545,1.4333333333333331,0.5,2.8,0.48295962564173,59.39506172839506,56.0,62.0,1.7795997608007188,1025.324691358025,1025.0,1025.6,0.1714138735615948,False,0.0,128
18.27283950617284,17.9,18.8,0.2854874540496537,27.66913580246913,25.2,31.0,1.920002732765545,1.4333333333333331,0.5,2.8,0.48295962564173,59.39506172839506,56.0,62.0,1.7795997608007188,1025.324691358025,1025.0,1025.6,0.1714138735615948,False,0.0,128
23.24430379746836,21.9,24.5,0.7171429846062847,36.88354430379747,30.7,42.5,4.081365733577075,2.6,0.7,4.0,0.5970010522689692,59.54430379746835,56.0,64.0,2.147135649247025,940.7518987341776,940.5,940.9,0.0931785706265843,False,0.0,136
23.24430379746836,21.9,24.5,0.7171429846062847,36.88354430379747,30.7,42.5,4.081365733577075,2.6,0.7,4.0,0.5970010522689692,59.54430379746835,56.0,64.0,2.147135649247025,940.7518987341776,940.5,940.9,0.0931785706265843,False,0.0,136
26.991463414634143,26.7,27.3,0.1634513704342621,31.889024390243897,31.0,33.1,0.5001249467490442,0.7658536585365854,0.0,1.7,0.3807787706095807,39.40243902439025,35.0,44.0,2.9180568373684257,1016.6475609756096,1016.3,1016.9,0.1484284836363671,True,0.3536585365853658,142
26.991463414634143,26.7,27.3,0.1634513704342621,31.889024390243897,31.0,33.1,0.5001249467490442,0.7658536585365854,0.0,1.7,0.3807787706095807,39.40243902439025,35.0,44.0,2.9180568373684257,1016.6475609756096,1016.3,1016.9,0.1484284836363671,True,0.3536585365853658,142
20.259756097560977,19.9,20.6,0.1955427748964727,32.01341463414634,29.2,35.2,1.730250976951028,2.778048780487805,1.6,4.0,0.5397814807621719,35.71951219512195,30.0,41.0,2.9492597533011624,1017.720731707317,1017.4,1018.0,0.1340147447922644,False,0.0,126
20.259756097560977,19.9,20.6,0.1955427748964727,32.01341463414634,29.2,35.2,1.730250976951028,2.778048780487805,1.6,4.0,0.5397814807621719,35.71951219512195,30.0,41.0,2.9492597533011624,1017.720731707317,1017.4,1018.0,0.1340147447922644,False,0.0,126
18.10853658536585,17.8,18.7,0.1988865422035335,21.78292682926829,21.2,22.9,0.3977730844070662,1.423170731707317,0.5,2.4,0.4205518950340635,92.91463414634148,89.0,96.0,1.92579128846323,965.891463414634,965.7,966.0,0.0612648964242698,True,0.8902439024390244,139
18.10853658536585,17.8,18.7,0.1988865422035335,21.78292682926829,21.2,22.9,0.3977730844070662,1.423170731707317,0.5,2.4,0.4205518950340635,92.91463414634148,89.0,96.0,1.92579128846323,965.891463414634,965.7,966.0,0.0612648964242698,True,0.8902439024390244,139
26.103658536585368,25.7,26.4,0.2033334073777759,54.14024390243903,49.7,57.5,1.9286571645307244,1.0865853658536584,0.0,2.1,0.4834960633138474,54.9390243902439,48.0,59.0,2.525658750277749,928.0024390243904,927.6,928.4,0.197500185814012,False,0.0,146
26.103658536585368,25.7,26.4,0.2033334073777759,54.14024390243903,49.7,57.5,1.9286571645307244,1.0865853658536584,0.0,2.1,0.4834960633138474,54.9390243902439,48.0,59.0,2.525658750277749,928.0024390243904,927.6,928.4,0.197500185814012,False,0.0,146
20.85432098765432,19.9,21.6,0.4324492405809176,36.4,32.2,39.1,1.6429394389325491,1.6790123456790125,0.8,2.9,0.5147125531261881,61.92592592592592,59.0,64.0,1.3581032524975574,1000.5185185185184,1000.2,1000.8,0.1266008600989051,False,0.0,134
20.85432098765432,19.9,21.6,0.4324492405809176,36.4,32.2,39.1,1.6429394389325491,1.6790123456790125,0.8,2.9,0.5147125531261881,61.92592592592592,59.0,64.0,1.3581032524975574,1000.5185185185184,1000.2,1000.8,0.1266008600989051,False,0.0,134
23.142682926829263,22.3,23.8,0.4314862307875295,39.46829268292684,38.2,42.1,0.9735867311933106,1.3536585365853655,0.0,3.2,0.6971184290961518,22.865853658536587,21.0,25.0,1.1195479149528789,1009.3329268292684,1008.5,1010.1,0.4618948835707447,False,0.0,130
23.142682926829263,22.3,23.8,0.4314862307875295,39.46829268292684,38.2,42.1,0.9735867311933106,1.3536585365853655,0.0,3.2,0.6971184290961518,22.865853658536587,21.0,25.0,1.1195479149528789,1009.3329268292684,1008.5,1010.1,0.4618948835707447,False,0.0,130
23.60384615384616,23.0,24.3,0.358728746668445,44.48076923076923,42.4,45.9,0.9028177668167148,1.902564102564103,0.7,3.8,0.6526617546381631,41.32051282051282,39.0,44.0,1.3240393699132411,1009.2435897435896,1008.9,1009.5,0.1542385937096806,False,0.0,132
23.60384615384616,23.0,24.3,0.358728746668445,44.48076923076923,42.4,45.9,0.9028177668167148,1.902564102564103,0.7,3.8,0.6526617546381631,41.32051282051282,39.0,44.0,1.3240393699132411,1009.2435897435896,1008.9,1009.5,0.1542385937096806,False,0.0,132
23.24430379746836,21.9,24.5,0.7171429846062847,36.88354430379747,30.7,42.5,4.081365733577075,2.6,0.7,4.0,0.5970010522689692,59.54430379746835,56.0,64.0,2.147135649247025,940.7518987341776,940.5,940.9,0.0931785706265843,False,0.0,137
23.24430379746836,21.9,24.5,0.7171429846062847,36.88354430379747,30.7,42.5,4.081365733577075,2.6,0.7,4.0,0.5970010522689692,59.54430379746835,56.0,64.0,2.147135649247025,940.7518987341776,940.5,940.9,0.0931785706265843,False,0.0,137
26.84,26.6,27.1,0.1506105716867094,39.0575,36.9,41.3,1.2067085686362935,0.92875,0.0,1.9,0.4054045486933587,42.9375,42.0,44.0,0.6814680727497182,984.87875,984.6,985.2,0.1506893442849006,False,0.0,138
26.84,26.6,27.1,0.1506105716867094,39.0575,36.9,41.3,1.2067085686362935,0.92875,0.0,1.9,0.4054045486933587,42.9375,42.0,44.0,0.6814680727497182,984.87875,984.6,985.2,0.1506893442849006,False,0.0,138
31.62716049382716,30.9,32.4,0.4615225741171859,46.333333333333336,43.3,48.5,1.6224980739587953,1.1246913580246911,0.0,2.3,0.4250090776082114,41.7037037037037,35.0,46.0,3.0595932917809696,997.4049382716048,997.2,997.6,0.0835183132131948,False,0.0,141
31.62716049382716,30.9,32.4,0.4615225741171859,46.333333333333336,43.3,48.5,1.6224980739587953,1.1246913580246911,0.0,2.3,0.4250090776082114,41.7037037037037,35.0,46.0,3.0595932917809696,997.4049382716048,997.2,997.6,0.0835183132131948,False,0.0,141
17.38227848101266,16.7,17.9,0.2818253203629211,26.660759493670884,24.2,29.6,1.52377884874304,1.3746835443037977,0.4,2.5,0.5278083263279607,66.10126582278481,62.0,69.0,1.5980351453795452,1015.8417721518988,1015.0,1016.5,0.3709335398820298,False,0.0,129
17.38227848101266,16.7,17.9,0.2818253203629211,26.660759493670884,24.2,29.6,1.52377884874304,1.3746835443037977,0.4,2.5,0.5278083263279607,66.10126582278481,62.0,69.0,1.5980351453795452,1015.8417721518988,1015.0,1016.5,0.3709335398820298,False,0.0,129
14.853658536585366,14.2,15.3,0.251511540098601,16.830487804878047,16.1,17.7,0.4636646895051284,0.6524390243902439,0.0,1.5,0.4538519935381386,18.57317073170732,17.0,20.0,0.7861531249845126,942.1670731707316,942.0,942.4,0.081732593267105,False,0.0,147
14.853658536585366,14.2,15.3,0.251511540098601,16.830487804878047,16.1,17.7,0.4636646895051284,0.6524390243902439,0.0,1.5,0.4538519935381386,18.57317073170732,17.0,20.0,0.7861531249845126,942.1670731707316,942.0,942.4,0.081732593267105,False,0.0,147
18.249397590361443,16.9,19.7,0.6436128009565212,32.757831325301204,29.0,38.0,2.2522141128734345,1.5783132530120485,0.0,3.8,0.730861201458817,53.855421686746986,50.0,59.0,2.22585982356439,787.2807228915663,786.6,787.9,0.3883855989786098,False,0.0,145
18.249397590361443,16.9,19.7,0.6436128009565212,32.757831325301204,29.0,38.0,2.2522141128734345,1.5783132530120485,0.0,3.8,0.730861201458817,53.855421686746986,50.0,59.0,2.22585982356439,787.2807228915663,786.6,787.9,0.3883855989786098,False,0.0,145
28.780519480519484,28.3,29.3,0.2356619797389119,49.95844155844157,43.4,54.9,2.880531322030284,3.0090909090909084,1.3,4.7,0.664352042492259,56.27272727272727,53.0,59.0,1.4201219706360626,1015.31038961039,1015.0,1015.6,0.1751573845554818,False,0.0,131
28.780519480519484,28.3,29.3,0.2356619797389119,49.95844155844157,43.4,54.9,2.880531322030284,3.0090909090909084,1.3,4.7,0.664352042492259,56.27272727272727,53.0,59.0,1.4201219706360626,1015.31038961039,1015.0,1015.6,0.1751573845554818,False,0.0,131
21.67468354430379,21.3,22.0,0.1620923719162337,46.86202531645569,45.0,48.5,0.7940974230531028,0.8240506329113924,0.0,1.6,0.3823728848185578,57.40506329113924,55.0,61.0,1.3157720492875906,1017.5379746835443,1017.4,1017.7,0.0789413892746164,False,0.0,133
21.67468354430379,21.3,22.0,0.1620923719162337,46.86202531645569,45.0,48.5,0.7940974230531028,0.8240506329113924,0.0,1.6,0.3823728848185578,57.40506329113924,55.0,61.0,1.3157720492875906,1017.5379746835443,1017.4,1017.7,0.0789413892746164,False,0.0,133
19.35063291139241,17.5,21.4,1.1209969713037518,21.572151898734177,19.3,25.1,1.8055425144545223,1.9759493670886072,0.0,3.5,0.7324380064557521,94.20253164556962,88.0,96.0,2.277986891496936,1004.4113924050636,1004.0,1004.7,0.2218727642846834,True,0.2151898734177215,140
19.35063291139241,17.5,21.4,1.1209969713037518,21.572151898734177,19.3,25.1,1.8055425144545223,1.9759493670886072,0.0,3.5,0.7324380064557521,94.20253164556962,88.0,96.0,2.277986891496936,1004.4113924050636,1004.0,1004.7,0.2218727642846834,True,0.2151898734177215,140
20.33456790123457,19.8,21.3,0.418676633521373,25.320987654320994,24.3,26.7,0.6681534347331298,3.3567901234567907,1.8,5.1,0.8240051989527946,57.8641975308642,51.0,61.0,2.513727741919125,1018.1308641975309,1017.7,1018.5,0.1978901054301562,False,0.0,148
20.33456790123457,19.8,21.3,0.418676633521373,25.320987654320994,24.3,26.7,0.6681534347331298,3.3567901234567907,1.8,5.1,0.8240051989527946,57.8641975308642,51.0,61.0,2.513727741919125,1018.1308641975309,1017.7,1018.5,0.1978901054301562,False,0.0,148
25.98414634146341,25.6,26.3,0.2033482157244113,39.55853658536586,37.3,43.5,1.9764634346533028,4.16219512195122,2.1,5.8,0.6807113642781295,60.34146341463415,57.0,63.0,1.6719878919988225,1012.940243902439,1012.7,1013.4,0.1646993190729906,False,0.0,127
25.98414634146341,25.6,26.3,0.2033482157244113,39.55853658536586,37.3,43.5,1.9764634346533028,4.16219512195122,2.1,5.8,0.6807113642781295,60.34146341463415,57.0,63.0,1.6719878919988225,1012.940243902439,1012.7,1013.4,0.1646993190729906,False,0.0,127
30.06219512195122,29.9,30.2,0.0536109531429781,37.0670731707317,34.9,38.6,1.0495213345220689,0.4817073170731707,0.0,1.5,0.5087209933564782,75.13414634146342,74.0,77.0,0.538910540732296,1006.7951219512196,1006.6,1007.0,0.0664857527193717,False,0.0,143
30.06219512195122,29.9,30.2,0.0536109531429781,37.0670731707317,34.9,38.6,1.0495213345220689,0.4817073170731707,0.0,1.5,0.5087209933564782,75.13414634146342,74.0,77.0,0.538910540732296,1006.7951219512196,1006.6,1007.0,0.0664857527193717,False,0.0,143
26.441250000000004,26.0,26.9,0.2342203603771241,43.355,38.9,46.3,1.7299959757032286,1.66125,0.4,2.7,0.5371028117406824,57.7125,47.0,62.0,3.660233616394216,1004.5975,1004.3,1005.0,0.1778742266499831,False,0.0,135
26.441250000000004,26.0,26.9,0.2342203603771241,43.355,38.9,46.3,1.7299959757032286,1.66125,0.4,2.7,0.5371028117406824,57.7125,47.0,62.0,3.660233616394216,1004.5975,1004.3,1005.0,0.1778742266499831,False,0.0,135
25.27777777777778,23.5,26.4,0.7010706098532443,36.703703703703695,33.9,38.7,1.03554870050187,3.34074074074074,1.4,5.4,0.8089774066341064,52.24691358024691,47.0,56.0,2.2165900850040523,1004.183950617284,1003.5,1005.0,0.4556470097903165,False,0.0,144
25.27777777777778,23.5,26.4,0.7010706098532443,36.703703703703695,33.9,38.7,1.03554870050187,3.34074074074074,1.4,5.4,0.8089774066341064,52.24691358024691,47.0,56.0,2.2165900850040523,1004.183950617284,1003.5,1005.0,0.4556470097903165,False,0.0,144
29.49230769230769,27.8,31.6,1.2678613991570715,40.80128205128205,36.5,42.8,1.3112394839803234,0.7717948717948718,0.0,1.6,0.3653489475554206,50.14102564102564,44.0,55.0,3.1652510988568534,1013.3782051282052,1012.7,1014.0,0.3518586773187832,False,0.0,150
29.49230769230769,27.8,31.6,1.2678613991570715,40.80128205128205,36.5,42.8,1.3112394839803234,0.7717948717948718,0.0,1.6,0.3653489475554206,50.14102564102564,44.0,55.0,3.1652510988568534,1013.3782051282052,1012.7,1014.0,0.3518586773187832,False,0.0,150
24.560759493670886,23.5,26.1,0.6100478588873776,36.3,32.3,42.2,2.997392028807538,0.8341772151898733,0.0,2.1,0.4308268960336524,47.392405063291136,43.0,50.0,2.009067404001217,946.7025316455693,946.3,947.1,0.1790105881013292,False,0.0,160
24.560759493670886,23.5,26.1,0.6100478588873776,36.3,32.3,42.2,2.997392028807538,0.8341772151898733,0.0,2.1,0.4308268960336524,47.392405063291136,43.0,50.0,2.009067404001217,946.7025316455693,946.3,947.1,0.1790105881013292,False,0.0,160
21.937349397590364,21.0,22.8,0.4476798843722865,32.7421686746988,28.4,36.3,2.255136169266412,2.080722891566265,0.7,4.3,0.706495616703179,56.90361445783133,52.0,62.0,2.4023081270622626,1012.3771084337352,1012.0,1012.7,0.1669856874287568,False,0.0,166
21.937349397590364,21.0,22.8,0.4476798843722865,32.7421686746988,28.4,36.3,2.255136169266412,2.080722891566265,0.7,4.3,0.706495616703179,56.90361445783133,52.0,62.0,2.4023081270622626,1012.3771084337352,1012.0,1012.7,0.1669856874287568,False,0.0,166
31.18625,29.8,34.3,1.3402950506454954,42.2,39.3,47.3,1.934824101513486,3.07625,1.8,4.6,0.5019566146969026,46.6375,38.0,49.0,2.7707502525535057,1001.7675,1001.5,1001.9,0.08535109915272,False,0.0,153
31.18625,29.8,34.3,1.3402950506454954,42.2,39.3,47.3,1.934824101513486,3.07625,1.8,4.6,0.5019566146969026,46.6375,38.0,49.0,2.7707502525535057,1001.7675,1001.5,1001.9,0.08535109915272,False,0.0,153
20.91975308641976,20.1,21.7,0.4354364916627967,35.938271604938265,31.8,39.2,1.6794766968638306,1.5432098765432098,0.6,3.0,0.5518012032437357,67.51851851851852,61.0,72.0,2.96273147243853,969.2185185185186,969.0,969.3,0.0760116950065808,True,0.0123456790123456,162
20.91975308641976,20.1,21.7,0.4354364916627967,35.938271604938265,31.8,39.2,1.6794766968638306,1.5432098765432098,0.6,3.0,0.5518012032437357,67.51851851851852,61.0,72.0,2.96273147243853,969.2185185185186,969.0,969.3,0.0760116950065808,True,0.0123456790123456,162
20.4025,19.8,20.9,0.299778399167777,44.90625,42.2,46.2,1.0969859454692037,1.92125,0.8,3.4,0.5497280685639843,32.8375,31.0,36.0,1.2267457207144192,1020.15,1019.9,1020.5,0.1272891654681101,False,0.0,159
20.4025,19.8,20.9,0.299778399167777,44.90625,42.2,46.2,1.0969859454692037,1.92125,0.8,3.4,0.5497280685639843,32.8375,31.0,36.0,1.2267457207144192,1020.15,1019.9,1020.5,0.1272891654681101,False,0.0,159
22.764634146341464,22.1,23.4,0.3233207142323721,36.15243902439025,32.6,39.2,1.994388771105109,2.7512195121951217,0.9,5.1,1.0815220073831509,19.76829268292683,18.0,23.0,1.3080829483250995,1020.3182926829268,1019.7,1020.9,0.3385255060071671,False,0.0,151
22.764634146341464,22.1,23.4,0.3233207142323721,36.15243902439025,32.6,39.2,1.994388771105109,2.7512195121951217,0.9,5.1,1.0815220073831509,19.76829268292683,18.0,23.0,1.3080829483250995,1020.3182926829268,1019.7,1020.9,0.3385255060071671,False,0.0,151
21.99230769230769,21.5,22.5,0.2922235537984665,42.15897435897436,36.5,46.5,3.1828858871726093,1.6538461538461535,0.6,2.8,0.5462248972370615,30.58974358974359,26.0,34.0,1.7390540602031397,1009.0705128205124,1008.9,1009.3,0.1280310173041781,False,0.0,156
21.99230769230769,21.5,22.5,0.2922235537984665,42.15897435897436,36.5,46.5,3.1828858871726093,1.6538461538461535,0.6,2.8,0.5462248972370615,30.58974358974359,26.0,34.0,1.7390540602031397,1009.0705128205124,1008.9,1009.3,0.1280310173041781,False,0.0,156
24.560759493670886,23.5,26.1,0.6100478588873776,36.3,32.3,42.2,2.997392028807538,0.8341772151898733,0.0,2.1,0.4308268960336524,47.392405063291136,43.0,50.0,2.009067404001217,946.7025316455693,946.3,947.1,0.1790105881013292,False,0.0,161
24.560759493670886,23.5,26.1,0.6100478588873776,36.3,32.3,42.2,2.997392028807538,0.8341772151898733,0.0,2.1,0.4308268960336524,47.392405063291136,43.0,50.0,2.009067404001217,946.7025316455693,946.3,947.1,0.1790105881013292,False,0.0,161
26.96987951807229,26.0,27.7,0.4875861249148923,48.66746987951807,44.6,50.7,1.6505807133111865,1.7289156626506024,0.0,3.7,0.6795856198829472,40.036144578313255,38.0,44.0,1.409426307200048,984.1253012048196,984.0,984.3,0.0659700107291591,False,0.0,163
26.96987951807229,26.0,27.7,0.4875861249148923,48.66746987951807,44.6,50.7,1.6505807133111865,1.7289156626506024,0.0,3.7,0.6795856198829472,40.036144578313255,38.0,44.0,1.409426307200048,984.1253012048196,984.0,984.3,0.0659700107291591,False,0.0,163
24.79506172839506,24.1,25.3,0.336117998092895,41.44567901234568,39.5,43.5,1.1609316714083613,1.4074074074074074,0.4,2.9,0.6028635371661188,36.92592592592592,34.0,40.0,1.3112758841847296,1000.0148148148148,999.7,1000.3,0.1424000624219795,False,0.0,165
24.79506172839506,24.1,25.3,0.336117998092895,41.44567901234568,39.5,43.5,1.1609316714083613,1.4074074074074074,0.4,2.9,0.6028635371661188,36.92592592592592,34.0,40.0,1.3112758841847296,1000.0148148148148,999.7,1000.3,0.1424000624219795,False,0.0,165
14.227999999999998,13.8,14.6,0.2496267483935034,38.548,36.9,39.3,0.678902134411219,3.3240000000000007,1.2,4.8,0.8382478508528725,38.16,33.0,41.0,1.9867126181275003,1015.0599999999998,1014.7,1015.4,0.1874436852367556,False,0.0,152
14.227999999999998,13.8,14.6,0.2496267483935034,38.548,36.9,39.3,0.678902134411219,3.3240000000000007,1.2,4.8,0.8382478508528725,38.16,33.0,41.0,1.9867126181275003,1015.0599999999998,1014.7,1015.4,0.1874436852367556,False,0.0,152
27.87307692307693,27.1,29.1,0.5644611444700013,41.64358974358975,37.1,49.9,3.817104013553082,1.8525641025641024,0.0,5.8,1.079408731724554,50.21794871794872,45.0,54.0,2.029953846941506,1017.6666666666669,1017.0,1018.1,0.3526031825281822,False,0.0,155
27.87307692307693,27.1,29.1,0.5644611444700013,41.64358974358975,37.1,49.9,3.817104013553082,1.8525641025641024,0.0,5.8,1.079408731724554,50.21794871794872,45.0,54.0,2.029953846941506,1017.6666666666669,1017.0,1018.1,0.3526031825281822,False,0.0,155
21.38219178082192,20.9,22.0,0.2610568614909534,40.29041095890411,37.7,42.8,1.446179294205717,0.9821917808219178,0.0,2.1,0.4463874953923081,52.02739726027397,46.0,57.0,3.0685347695046663,1015.7356164383564,1015.4,1016.0,0.1427603499008045,False,0.0,157
21.38219178082192,20.9,22.0,0.2610568614909534,40.29041095890411,37.7,42.8,1.446179294205717,0.9821917808219178,0.0,2.1,0.4463874953923081,52.02739726027397,46.0,57.0,3.0685347695046663,1015.7356164383564,1015.4,1016.0,0.1427603499008045,False,0.0,157
19.88170731707317,19.5,20.2,0.2103072700765098,22.50731707317073,19.3,25.8,2.202847791394264,3.945121951219512,2.9,5.3,0.450281788048326,69.09756097560975,66.0,73.0,2.009912203091794,1005.1317073170732,1004.7,1005.5,0.2042015760211035,False,0.0,164
19.88170731707317,19.5,20.2,0.2103072700765098,22.50731707317073,19.3,25.8,2.202847791394264,3.945121951219512,2.9,5.3,0.450281788048326,69.09756097560975,66.0,73.0,2.009912203091794,1005.1317073170732,1004.7,1005.5,0.2042015760211035,False,0.0,164
29.267901234567905,28.9,29.6,0.1752335302487988,48.76543209876543,44.7,53.4,2.646561944005239,1.8901234567901235,0.9,3.1,0.492342598774371,61.24691358024691,55.0,68.0,3.7199827425592007,1005.641975308642,1005.5,1005.8,0.072222222222223,False,0.0,154
29.267901234567905,28.9,29.6,0.1752335302487988,48.76543209876543,44.7,53.4,2.646561944005239,1.8901234567901235,0.9,3.1,0.492342598774371,61.24691358024691,55.0,68.0,3.7199827425592007,1005.641975308642,1005.5,1005.8,0.072222222222223,False,0.0,154
30.996296296296297,30.8,31.2,0.1172457098312313,40.77901234567901,39.0,43.0,1.1169301253013246,1.8259259259259253,0.7,2.5,0.3840124538843655,61.18518518518518,59.0,63.0,1.045783874347721,1009.437037037037,1009.1,1009.8,0.1513938908702722,False,0.0,167
30.996296296296297,30.8,31.2,0.1172457098312313,40.77901234567901,39.0,43.0,1.1169301253013246,1.8259259259259253,0.7,2.5,0.3840124538843655,61.18518518518518,59.0,63.0,1.045783874347721,1009.437037037037,1009.1,1009.8,0.1513938908702722,False,0.0,167
29.920408163265304,29.5,30.3,0.1836885859236752,46.82448979591837,45.6,47.7,0.5178201957263169,1.2612244897959184,0.5,2.4,0.4353237906674622,34.857142857142854,32.0,40.0,2.101586702153082,1006.0795918367348,1005.9,1006.2,0.0889278542713683,False,0.0,158
29.920408163265304,29.5,30.3,0.1836885859236752,46.82448979591837,45.6,47.7,0.5178201957263169,1.2612244897959184,0.5,2.4,0.4353237906674622,34.857142857142854,32.0,40.0,2.101586702153082,1006.0795918367348,1005.9,1006.2,0.0889278542713683,False,0.0,158
27.10853658536585,26.8,27.5,0.1626943051141969,37.73170731707317,36.0,39.3,0.944755249353168,2.285365853658537,1.4,3.2,0.3897203654725745,64.6219512195122,62.0,66.0,0.8554869222462123,1016.6743902439024,1016.4,1017.0,0.1331581957253308,False,0.0,173
20.310344827586203,19.0,21.4,0.6344810153039055,41.99770114942528,33.0,48.1,4.562434504442146,1.1517241379310343,0.0,2.3,0.433981584907116,67.59770114942529,63.0,70.0,1.5660628318719385,923.5862068965516,922.7,924.6,0.5803311832716556,False,0.0,170
13.092682926829267,12.9,13.4,0.1705332868595758,13.41219512195122,12.9,13.9,0.286481526736186,0.6914634146341464,0.0,1.7,0.4277997741854647,55.78048780487805,54.0,59.0,1.0543781766309543,945.0317073170733,944.8,945.4,0.1439118804286849,True,0.0975609756097561,171
23.424096385542168,22.5,24.1,0.4787153442709296,46.0433734939759,42.9,48.4,1.3900511283002737,1.6831325301204825,0.0,3.5,0.7862878634271222,36.024096385542165,32.0,39.0,1.4648391538643737,783.6144578313254,782.9,784.3,0.373882898753883,False,0.0,169
25.818181818181817,25.1,26.4,0.3523333024010948,32.35064935064936,30.8,34.5,1.0108130360498209,1.296103896103896,0.0,2.5,0.5528494509171168,50.81818181818182,46.0,64.0,5.843861540398548,1016.8155844155845,1016.5,1017.3,0.2334325863831127,False,0.0,172
29.952439024390248,28.8,31.0,0.6196824375408483,42.21829268292684,37.4,45.3,2.0773991365499294,2.3341463414634145,0.6,6.0,1.2154580005739768,50.03658536585366,45.0,56.0,3.1168404465365107,993.70243902439,992.9,994.4,0.4632082457730188,False,0.0,168
