race_id,driver_id,team_id,fastest_lap_time,lap_number
1,79,3,1:25.945,54
1,6,1,1:26.373,57
1,57,2,1:26.444,50
1,60,1,1:26.469,53
1,94,3,1:26.880,54
1,100,4,1:26.958,57
1,12,4,1:26.978,57
1,83,2,1:27.019,54
1,70,5,1:27.081,57
1,101,6,1:27.600,57
1,75,6,1:27.633,51
1,93,5,1:27.944,51
1,105,9,1:28.176,57
1,103,8,1:28.511,55
1,106,7,1:28.759,56
1,67,10,1:28.805,23
1,87,10,1:29.534,21
1,104,9,1:30.649,13
1,89,7,1:32.210,4
1,107,8,1:32.573,3
2,83,2,1:33.740,22
2,57,2,1:33.953,51
2,67,10,1:34.053,47
2,12,4,1:34.168,47
2,87,10,1:34.327,29
2,6,1,1:34.337,22
2,60,1,1:34.453,21
2,107,8,1:34.563,42
2,70,5,1:34.667,50
2,105,9,1:34.689,44
2,104,9,1:34.863,46
2,101,6,1:35.043,38
2,106,7,1:35.058,40
2,75,6,1:35.075,35
2,89,7,1:35.093,26
2,100,4,1:35.131,30
2,103,8,1:35.266,32
2,93,5,1:35.535,35
3,79,3,1:35.785,55
3,94,3,1:36.206,50
3,6,1,1:36.456,48
3,57,2,1:36.878,20
3,70,5,1:36.881,56
3,83,2,1:36.987,50
3,12,4,1:37.234,56
3,67,10,1:37.410,51
3,60,1,1:37.479,24
3,75,6,1:37.673,54
3,93,5,1:37.754,54
3,101,6,1:37.985,47
3,100,4,1:38.137,54
3,87,10,1:38.152,54
3,104,9,1:38.367,54
3,89,7,1:38.386,52
3,103,8,1:38.500,54
3,107,8,1:38.624,47
3,106,7,1:38.808,23
3,105,9,1:39.376,50
4,83,2,1:45.149,37
4,57,2,1:45.412,35
4,79,3,1:45.419,34
4,60,1,1:45.530,38
4,94,3,1:45.771,31
4,75,6,1:46.206,51
4,6,1,1:46.523,50
4,103,8,1:46.815,50
4,93,5,1:46.856,50
4,67,10,1:46.880,34
4,106,7,1:47.403,31
4,12,4,1:47.449,32
4,100,4,1:47.666,50
4,89,7,1:47.925,51
4,104,9,1:48.035,38
4,87,10,1:48.155,35
4,105,9,1:48.288,51
4,70,5,1:48.867,10
5,79,3,1:18.441,61
5,60,1,1:19.128,61
5,57,2,1:19.133,64
5,94,3,1:19.422,62
5,83,2,1:19.478,56
5,87,10,1:20.246,64
5,12,4,1:20.727,64
5,75,6,1:21.128,43
5,93,5,1:21.324,61
5,105,9,1:21.439,63
5,6,1,1:21.531,23
5,103,8,1:22.095,60
5,101,6,1:22.117,36
5,106,7,1:22.122,51
5,89,7,1:22.487,50
5,100,4,1:22.594,38
5,107,8,1:22.680,57
6,94,3,1:14.260,60
6,67,10,1:14.822,74
6,103,8,1:14.944,61
6,107,8,1:15.325,75
6,79,3,1:15.562,13
6,70,5,1:16.061,57
6,60,1,1:16.065,14
6,57,2,1:16.270,15
6,83,2,1:16.312,21
6,6,1,1:16.392,13
6,100,4,1:16.864,76
6,89,7,1:16.936,19
6,12,4,1:17.018,23
6,101,6,1:17.027,63
6,104,9,1:17.099,68
6,105,9,1:17.172,15
6,87,10,1:17.476,20
6,93,5,1:17.491,19
6,75,6,1:17.546,24
6,106,7,1:17.710,17
7,94,3,1:13.864,65
7,60,1,1:13.964,57
7,83,2,1:13.992,51
7,6,1,1:14.075,59
7,79,3,1:14.159,59
7,57,2,1:14.183,66
7,75,6,1:15.100,64
7,87,10,1:15.401,65
7,67,10,1:15.470,56
7,106,7,1:15.480,65
7,70,5,1:15.588,64
7,101,6,1:15.610,61
7,93,5,1:15.666,61
7,104,9,1:15.699,67
7,100,4,1:15.765,55
7,107,8,1:15.924,53
7,12,4,1:16.180,33
7,89,7,1:16.403,62
8,83,2,1:34.225,41
8,94,3,1:34.275,47
8,6,1,1:34.398,48
8,60,1,1:34.485,42
8,57,2,1:34.509,49
8,12,4,1:35.133,48
8,79,3,1:35.382,37
8,87,10,1:35.425,50
8,93,5,1:35.638,46
8,67,10,1:35.695,47
8,70,5,1:35.873,46
8,106,7,1:35.977,45
8,89,7,1:36.494,37
8,100,4,1:36.675,48
8,105,9,1:36.839,40
8,107,8,1:38.300,35
8,75,6,1:38.319,25
8,103,8,1:38.319,35
9,6,1,1:06.957,71
9,60,1,1:07.082,67
9,57,2,1:07.241,58
9,94,3,1:07.442,70
9,79,3,1:07.591,46
9,89,7,1:08.216,67
9,87,10,1:08.476,70
9,75,6,1:08.504,66
9,12,4,1:08.661,69
9,93,5,1:08.766,37
9,101,6,1:08.850,64
9,100,4,1:08.894,63
9,107,8,1:08.971,64
9,106,7,1:09.006,68
9,83,2,1:09.044,12
9,67,10,1:09.071,17
9,105,9,1:09.171,42
9,103,8,1:09.203,68
9,104,9,1:09.295,38
9,70,5,1:10.380,7
10,60,1,1:30.696,47
10,6,1,1:30.795,51
10,57,2,1:31.245,52
10,83,2,1:31.377,43
10,79,3,1:31.589,46
10,94,3,1:32.007,42
10,70,5,1:33.405,48
10,104,9,1:33.465,48
10,75,6,1:33.472,48
10,12,4,1:33.482,52
10,100,4,1:33.551,48
10,87,10,1:33.604,48
10,101,6,1:33.606,48
10,89,7,1:33.675,26
10,103,8,1:33.869,48
10,67,10,1:34.391,28
10,93,5,1:34.602,25
10,107,8,1:34.620,52
10,106,7,1:35.209,3
11,57,2,1:15.545,66
11,83,2,1:15.721,65
11,94,3,1:15.852,66
11,6,1,1:15.990,64
11,67,10,1:16.716,66
11,60,1,1:17.290,39
11,93,5,1:17.430,63
11,100,4,1:17.537,67
11,105,9,1:17.681,66
11,87,10,1:17.697,66
11,12,4,1:17.741,60
11,89,7,1:17.745,65
11,104,9,1:17.762,66
11,106,7,1:17.852,64
11,75,6,1:17.867,66
11,70,5,1:17.910,66
11,101,6,1:17.941,64
11,79,3,1:18.262,22
11,103,8,1:18.861,35
11,107,8,1:18.934,36
12,79,3,1:20.012,46
12,60,1,1:20.056,70
12,6,1,1:20.292,55
12,57,2,1:21.107,63
12,70,5,1:21.261,69
12,87,10,1:21.302,60
12,104,9,1:21.685,64
12,83,2,1:21.736,39
12,12,4,1:22.090,68
12,67,10,1:22.606,58
12,105,9,1:22.612,62
12,103,8,1:22.660,51
12,93,5,1:22.774,58
12,101,6,1:22.876,63
12,100,4,1:23.077,46
12,75,6,1:23.263,56
12,89,7,1:23.671,53
12,107,8,1:23.708,53
12,94,3,1:23.985,5
13,83,2,1:46.286,32
13,60,1,1:46.644,25
13,57,2,1:46.721,23
13,94,3,1:46.946,36
13,87,10,1:47.937,36
13,101,6,1:48.078,35
13,75,6,1:48.080,38
13,67,10,1:48.283,35
13,104,9,1:48.588,36
13,93,5,1:48.670,32
13,89,7,1:48.694,35
13,105,9,1:48.756,33
13,100,4,1:48.956,38
13,107,8,1:49.113,42
13,79,3,1:49.242,27
13,103,8,1:49.287,39
13,6,1,1:54.320,6
14,57,2,1:22.497,30
14,60,1,1:22.505,51
14,83,2,1:22.907,39
14,6,1,1:23.515,28
14,75,6,1:23.529,43
14,94,3,1:23.609,41
14,89,7,1:23.768,44
14,107,8,1:23.768,52
14,93,5,1:24.056,52
14,70,5,1:24.059,47
14,101,6,1:24.179,44
14,67,10,1:24.243,48
14,106,7,1:24.504,52
14,103,8,1:24.580,39
14,104,9,1:24.767,46
14,100,4,1:24.772,47
14,79,3,1:25.229,18
14,87,10,1:25.692,46
14,12,4,1:27.009,6
15,87,10,1:41.905,50
15,57,2,1:42.913,56
15,79,3,1:43.120,59
15,12,4,1:43.164,57
15,94,3,1:43.345,54
15,60,1,1:44.669,48
15,6,1,1:44.715,46
15,83,2,1:44.720,42
15,105,9,1:44.889,38
15,89,7,1:45.169,50
15,106,7,1:45.203,57
15,93,5,1:45.211,50
15,75,6,1:45.389,48
15,100,4,1:45.555,50
15,107,8,1:45.902,48
15,67,10,1:45.904,57
15,103,8,1:46.033,53
15,104,9,1:46.063,56
15,70,5,1:46.093,53
16,83,2,1:35.861,50
16,57,2,1:35.916,50
16,60,1,1:35.990,50
16,94,3,1:36.283,45
16,79,3,1:36.345,41
16,6,1,1:36.611,47
16,89,7,1:37.931,39
16,87,10,1:38.015,52
16,106,7,1:38.107,52
16,67,10,1:38.244,46
16,75,6,1:38.300,47
16,101,6,1:38.366,52
16,70,5,1:39.108,52
16,103,8,1:39.435,44
16,12,4,1:39.590,44
16,93,5,1:39.731,35
16,107,8,1:39.838,43
16,100,4,1:39.922,41
16,104,9,1:44.071,3
16,105,9,1:45.852,2
17,60,1,1:32.318,53
17,57,2,1:32.785,51
17,83,2,1:33.110,46
17,79,3,1:33.187,50
17,103,8,1:33.354,41
17,94,3,1:33.367,50
17,12,4,1:33.943,28
17,107,8,1:33.985,41
17,75,6,1:34.073,43
17,104,9,1:34.133,35
17,93,5,1:34.197,50
17,6,1,1:34.223,28
17,106,7,1:34.515,37
17,101,6,1:34.670,50
17,67,10,1:34.786,47
17,105,9,1:34.857,30
17,70,5,1:34.934,32
17,100,4,1:35.023,25
17,89,7,1:36.294,8
17,87,10,1:39.908,6
18,57,2,1:37.392,40
18,94,3,1:38.246,45
18,60,1,1:38.280,41
18,83,2,1:38.470,46
18,6,1,1:38.482,45
18,87,10,1:38.963,32
18,100,4,1:39.240,42
18,70,5,1:39.548,51
18,75,6,1:39.569,36
18,104,9,1:39.646,38
18,93,5,1:39.858,45
18,105,9,1:39.915,52
18,101,6,1:39.992,45
18,89,7,1:40.098,33
18,103,8,1:40.433,49
18,107,8,1:40.522,12
18,79,3,1:40.933,5
18,106,7,1:41.982,12
19,83,2,1:18.741,65
19,94,3,1:19.186,66
19,79,3,1:19.462,57
19,60,1,1:19.522,49
19,6,1,1:20.334,19
19,106,7,1:20.537,67
19,70,5,1:20.637,67
19,57,2,1:20.728,49
19,67,10,1:21.370,46
19,87,10,1:21.874,45
19,100,4,1:21.921,14
19,93,5,1:22.386,6
19,105,9,1:22.438,26
19,89,7,1:22.440,18
19,101,6,1:22.629,6
19,107,8,1:22.640,66
19,104,9,1:22.755,69
19,103,8,1:22.983,27
19,75,6,1:23.545,6
19,12,4,1:24.197,3
20,83,2,1:10.540,65
20,60,1,1:10.831,71
20,79,3,1:11.343,62
20,94,3,1:11.578,61
20,103,8,1:11.751,68
20,6,1,1:11.769,64
20,57,2,1:11.795,70
20,106,7,1:12.082,70
20,93,5,1:12.169,50
20,87,10,1:12.206,67
20,101,6,1:12.352,70
20,67,10,1:12.362,71
20,75,6,1:12.472,58
20,12,4,1:12.643,57
20,105,9,1:12.949,53
20,100,4,1:12.968,68
20,104,9,1:13.822,55
20,70,5,1:14.029,30
20,107,8,1:14.262,52
20,89,7,1:15.281,3
21,60,1,1:40.867,54
21,83,2,1:40.953,42
21,79,3,1:41.249,35
21,93,5,1:41.351,54
21,57,2,1:41.357,53
21,94,3,1:41.909,51
21,12,4,1:42.393,53
21,75,6,1:42.816,53
21,87,10,1:42.822,53
21,106,7,1:42.876,54
21,67,10,1:43.195,54
21,100,4,1:43.249,53
21,101,6,1:43.591,41
21,107,8,1:43.831,54
21,104,9,1:43.988,42
21,103,8,1:44.033,53
21,105,9,1:44.174,53
21,6,1,1:45.198,5
21,89,7,1:46.077,22
22,83,2,1:25.580,57
22,57,2,1:26.057,57
22,94,3,1:26.256,57
22,106,1,1:26.926,58
22,104,3,1:27.229,39
22,88,9,1:27.448,39
22,103,12,1:27.568,29
22,60,1,1:27.954,16
22,87,10,1:28.182,56
22,109,9,1:28.188,43
22,6,11,1:28.270,52
22,70,5,1:28.444,52
22,67,10,1:28.462,17
22,102,11,1:28.479,29
22,75,12,1:28.485,41
22,108,4,1:28.555,17
22,110,8,1:28.713,55
22,56,8,1:29.284,30
22,79,5,1:29.848,18
22,93,4,1:30.899,9
23,106,1,1:33.411,38
23,57,2,1:33.528,36
23,83,2,1:34.209,42
23,60,1,1:34.895,43
23,88,9,1:34.934,40
23,70,5,1:35.215,14
23,102,11,1:35.237,42
23,104,3,1:35.291,42
23,94,3,1:35.311,47
23,93,4,1:35.586,42
23,6,11,1:35.589,45
23,108,4,1:35.777,14
23,87,10,1:35.892,41
23,75,12,1:36.330,51
23,79,5,1:36.697,42
23,109,9,1:36.752,39
23,103,12,1:37.037,31
23,67,10,1:37.262,3
23,110,8,1:37.313,14
23,56,8,1:37.903,13
24,104,3,1:34.742,55
24,60,1,1:34.836,37
24,106,1,1:34.860,45
24,83,2,1:34.872,38
24,57,2,1:35.892,47
24,94,3,1:36.143,45
24,103,12,1:36.678,46
24,67,10,1:36.873,37
24,110,8,1:37.283,51
24,87,10,1:37.471,35
24,93,4,1:37.502,44
24,6,11,1:37.812,27
24,88,9,1:37.975,27
24,102,11,1:38.048,32
24,108,4,1:38.346,37
24,79,5,1:38.632,38
24,75,12,1:38.702,37
24,109,9,1:38.901,22
24,70,5,1:39.677,14
24,56,8,1:39.772,28
25,106,1,1:43.009,50
25,83,2,1:44.024,50
25,57,2,1:44.166,48
25,60,1,1:44.629,46
25,94,3,1:44.794,39
25,108,4,1:45.394,43
25,75,12,1:45.524,49
25,104,3,1:45.712,34
25,109,9,1:45.754,49
25,93,4,1:45.807,43
25,102,11,1:45.969,45
25,103,12,1:46.009,38
25,6,11,1:46.479,48
25,87,10,1:46.682,42
25,79,5,1:46.767,29
25,110,8,1:47.251,42
25,70,5,1:47.407,43
25,88,9,1:47.681,28
25,56,8,1:47.709,45
25,67,10,1:48.517,33
26,57,2,1:18.492,54
26,83,2,1:18.737,55
26,94,3,1:19.769,57
26,60,1,1:19.820,64
26,106,1,1:20.002,57
26,104,3,1:20.536,57
26,79,5,1:20.615,56
26,88,9,1:20.726,64
26,87,10,1:20.770,66
26,93,4,1:20.859,59
26,109,9,1:21.028,65
26,67,10,1:21.057,64
26,70,5,1:21.282,65
26,6,11,1:21.382,66
26,102,11,1:21.833,64
26,75,12,1:21.859,65
26,110,8,1:22.382,64
26,108,4,1:22.561,28
26,56,8,1:23.202,65
26,103,12,1:23.226,28
27,104,3,1:14.279,72
27,83,2,1:15.163,65
27,109,9,1:15.607,43
27,79,5,1:15.697,78
27,93,4,1:15.891,32
27,57,2,1:16.167,9
27,94,3,1:16.229,9
27,70,5,1:16.276,65
27,60,1,1:16.277,9
27,88,9,1:16.288,31
27,102,11,1:16.299,46
27,103,12,1:16.379,45
27,108,4,1:16.413,61
27,6,11,1:16.436,50
27,75,12,1:16.613,67
27,67,10,1:16.746,41
27,87,10,1:16.992,61
27,110,8,1:17.038,76
27,56,8,1:17.388,32
27,106,1,1:19.151,6
28,83,2,1:13.078,69
28,106,1,1:14.356,63
28,94,3,1:14.767,67
28,57,2,1:14.813,62
28,60,1,1:14.875,57
28,6,11,1:15.442,60
28,70,5,1:15.995,57
28,103,12,1:16.043,47
28,79,5,1:16.075,55
28,104,3,1:16.157,51
28,88,9,1:16.198,44
28,67,10,1:16.245,60
28,75,12,1:16.314,61
28,102,11,1:16.365,69
28,93,4,1:16.471,37
28,109,9,1:17.151,47
28,110,8,1:17.241,58
28,56,8,1:17.285,64
28,87,10,1:17.309,41
28,108,4,1:18.023,4
29,60,1,1:32.740,53
29,57,2,1:32.764,53
29,83,2,1:33.586,43
29,106,1,1:33.828,40
29,94,3,1:34.162,38
29,93,4,1:34.561,52
29,70,5,1:34.754,45
29,79,5,1:34.873,47
29,103,12,1:34.924,44
29,6,11,1:34.950,46
29,75,12,1:35.014,42
29,109,9,1:35.029,51
29,102,11,1:35.115,50
29,104,3,1:35.150,42
29,108,4,1:35.197,47
29,88,9,1:35.225,43
29,67,10,1:35.691,42
29,87,10,1:35.692,50
29,110,8,1:35.830,51
29,56,8,1:36.608,50
30,94,3,1:07.475,60
30,60,1,1:07.676,62
30,106,1,1:07.994,58
30,79,5,1:08.019,65
30,57,2,1:08.050,69
30,93,4,1:08.117,53
30,83,2,1:08.565,53
30,108,4,1:08.699,69
30,104,3,1:08.790,63
30,87,10,1:08.903,69
30,109,9,1:08.946,59
30,67,10,1:08.987,56
30,102,11,1:09.051,57
30,75,12,1:09.061,67
30,6,11,1:09.126,57
30,70,5,1:09.248,59
30,103,12,1:09.288,57
30,88,9,1:09.498,58
30,110,8,1:09.926,52
30,56,8,1:10.964,55
31,57,2,1:27.369,52
31,83,2,1:27.406,47
31,60,1,1:28.733,46
31,94,3,1:29.272,45
31,106,1,1:29.313,47
31,103,12,1:29.390,49
31,75,12,1:29.456,50
31,104,3,1:29.544,48
31,79,5,1:29.624,50
31,108,4,1:29.636,50
31,93,4,1:29.757,50
31,88,9,1:29.910,51
31,70,5,1:29.949,51
31,6,11,1:30.034,51
31,109,9,1:30.872,46
31,110,8,1:31.013,50
31,56,8,1:31.509,50
31,102,11,1:32.464,17
31,87,10,1:33.425,5
31,67,10,1:34.350,4
32,94,3,1:16.645,61
32,60,1,1:16.794,63
32,57,2,1:17.485,60
32,104,3,1:17.495,56
32,102,11,1:17.507,62
32,88,9,1:17.708,61
32,6,11,1:17.746,55
32,103,12,1:17.831,61
32,93,4,1:17.841,63
32,109,9,1:17.850,63
32,83,2,1:18.272,54
32,67,10,1:18.811,64
32,87,10,1:19.062,63
32,110,8,1:19.300,60
32,56,8,1:19.563,60
32,106,1,1:27.697,17
32,70,5,1:29.576,18
32,108,4,1:31.081,16
32,79,5,1:32.654,10
33,94,3,1:17.103,69
33,57,2,1:18.528,60
33,83,2,1:19.331,59
33,60,1,1:19.786,65
33,106,1,1:20.493,49
33,103,12,1:20.603,52
33,109,9,1:20.621,65
33,79,5,1:20.839,49
33,6,11,1:20.880,65
33,93,4,1:21.002,66
33,87,10,1:21.008,67
33,104,3,1:21.045,65
33,108,4,1:21.188,65
33,70,5,1:21.650,59
33,75,12,1:21.734,47
33,88,9,1:21.932,55
33,110,8,1:22.386,66
33,67,10,1:22.809,46
33,102,11,1:23.134,64
33,56,8,1:23.436,42
34,60,1,1:46.409,36
34,83,2,1:46.465,27
34,57,2,1:46.580,24
34,106,1,1:46.664,23
34,109,3,1:47.507,41
34,102,11,1:47.560,31
34,88,9,1:48.143,26
34,108,4,1:48.321,21
34,70,5,1:48.349,34
34,103,12,1:48.357,34
34,87,10,1:48.677,33
34,6,11,1:48.753,37
34,75,12,1:48.781,29
34,110,8,1:48.860,34
34,56,8,1:49.220,33
34,67,10,1:49.274,18
34,104,9,1:49.700,21
34,79,5,1:50.451,21
35,57,2,1:21.779,51
35,60,1,1:22.799,50
35,83,2,1:22.859,47
35,106,1,1:23.009,47
35,94,3,1:23.143,41
35,109,3,1:23.364,45
35,79,5,1:23.466,53
35,70,5,1:23.641,53
35,75,12,1:23.770,35
35,104,9,1:23.885,51
35,108,4,1:24.044,52
35,103,12,1:24.165,31
35,6,11,1:24.419,52
35,87,10,1:24.443,38
35,102,11,1:24.503,44
35,110,8,1:24.842,51
35,67,10,1:24.985,31
35,56,8,1:24.989,47
35,93,4,1:25.637,10
35,88,9,1:25.772,19
36,87,10,1:42.301,58
36,83,2,1:43.534,58
36,88,9,1:44.371,57
36,106,1,1:44.723,59
36,60,1,1:44.802,57
36,103,12,1:44.896,57
36,57,2,1:44.914,58
36,94,3,1:45.176,56
36,109,3,1:45.260,59
36,102,11,1:45.630,59
36,108,4,1:45.716,58
36,70,5,1:45.765,59
36,104,9,1:45.769,58
36,79,5,1:45.915,55
36,93,4,1:45.969,41
36,67,10,1:46.274,54
36,75,12,1:46.683,15
36,56,8,1:46.793,59
36,6,11,1:47.062,18
36,110,8,1:48.285,29
37,57,2,1:35.761,51
37,106,1,1:36.193,52
37,83,2,1:36.316,50
37,109,3,1:36.762,50
37,94,3,1:36.937,47
37,93,4,1:38.020,53
37,75,12,1:38.043,49
37,87,10,1:38.130,53
37,88,9,1:38.228,52
37,60,1,1:38.245,16
37,108,4,1:38.301,52
37,70,5,1:38.519,53
37,6,11,1:38.589,51
37,104,9,1:38.606,51
37,103,12,1:38.611,53
37,102,11,1:38.696,51
37,79,5,1:41.284,22
37,110,8,1:41.705,18
37,56,8,1:42.327,24
38,57,2,1:30.983,45
38,106,1,1:31.611,48
38,87,10,1:31.732,49
38,83,2,1:31.862,49
38,60,1,1:32.122,38
38,102,11,1:32.369,51
38,75,12,1:32.621,46
38,109,3,1:32.775,36
38,6,11,1:33.190,50
38,88,9,1:33.239,47
38,79,5,1:33.481,48
38,93,4,1:33.563,46
38,108,4,1:34.116,31
38,103,12,1:34.713,26
38,70,5,1:34.921,47
38,67,10,1:34.988,18
38,104,9,1:35.321,43
38,110,8,1:35.458,27
38,56,8,1:36.332,44
38,94,3,1:37.249,10
39,106,1,1:19.232,53
39,109,3,1:19.325,48
39,60,1,1:19.381,68
39,57,2,1:19.461,66
39,83,2,1:19.494,66
39,104,9,1:19.530,53
39,88,9,1:19.905,48
39,6,11,1:20.082,55
39,79,5,1:20.146,53
39,93,4,1:20.311,66
39,94,3,1:20.406,65
39,75,12,1:20.485,70
39,56,8,1:20.696,63
39,70,5,1:20.791,59
39,103,12,1:20.922,68
39,102,11,1:21.014,65
39,110,8,1:21.286,69
39,67,10,1:21.581,68
39,108,4,1:21.643,46
39,87,10,1:21.682,53
40,106,1,1:36.169,44
40,83,2,1:36.957,37
40,109,3,1:38.029,42
40,108,4,1:38.074,44
40,94,3,1:38.214,42
40,70,5,1:38.437,47
40,57,2,1:38.446,26
40,88,9,1:38.969,41
40,6,11,1:39.608,46
40,102,11,1:39.964,41
40,75,12,1:40.165,34
40,87,10,1:40.347,42
40,103,12,1:40.380,42
40,79,5,1:40.564,28
40,93,4,1:40.844,44
40,104,9,1:40.850,31
40,110,8,1:41.239,54
40,67,10,1:41.270,52
40,60,1,1:42.165,6
40,56,8,1:43.830,22
41,83,2,1:10.698,43
41,94,3,1:10.862,61
41,57,2,1:11.082,46
41,109,3,1:11.087,52
41,60,1,1:11.384,51
41,106,1,1:11.423,63
41,108,4,1:12.328,63
41,88,9,1:12.385,49
41,104,9,1:12.425,65
41,103,12,1:12.603,65
41,79,5,1:12.733,44
41,75,12,1:12.840,64
41,70,5,1:12.934,64
41,102,11,1:13.020,49
41,6,11,1:13.135,65
41,93,4,1:13.158,63
41,87,10,1:13.262,65
41,67,10,1:13.619,29
41,110,8,1:13.752,57
41,56,8,1:14.553,63
42,57,2,1:39.283,53
42,83,2,1:39.715,31
42,60,1,1:40.128,55
42,106,1,1:40.442,44
42,94,3,1:41.119,55
42,79,5,1:41.190,51
42,93,4,1:41.294,43
42,109,3,1:42.219,49
42,88,9,1:42.222,42
42,104,9,1:42.414,53
42,75,12,1:42.639,39
42,108,4,1:43.026,50
42,110,8,1:43.074,50
42,6,11,1:43.142,25
42,102,11,1:43.256,28
42,70,5,1:43.274,52
42,103,12,1:43.326,25
42,67,10,1:43.666,33
42,87,10,1:43.790,22
42,56,8,1:44.500,51
43,108,4,1:07.475,71
43,83,2,1:07.657,68
43,57,2,1:07.712,67
43,106,1,1:07.901,64
43,93,4,1:07.974,63
43,75,12,1:08.305,63
43,109,3,1:08.432,50
43,60,1,1:08.623,71
43,102,11,1:08.796,70
43,101,5,1:08.932,64
43,104,13,1:09.025,64
43,6,11,1:09.031,48
43,88,13,1:09.135,50
43,110,8,1:09.317,49
43,94,3,1:09.351,5
43,111,8,1:09.662,63
43,67,10,1:10.228,46
43,103,12,1:10.326,4
43,79,5,1:10.610,8
43,87,10,1:10.720,23
44,93,4,1:05.619,68
44,94,3,1:06.145,70
44,57,2,1:06.719,68
44,75,12,1:07.188,68
44,108,4,1:07.193,66
44,109,3,1:07.299,67
44,83,2,1:07.534,62
44,104,13,1:07.827,69
44,79,5,1:07.832,65
44,103,12,1:07.833,65
44,87,10,1:08.009,69
44,67,10,1:08.047,69
44,88,13,1:08.378,60
44,6,11,1:08.382,57
44,102,11,1:08.512,54
44,110,8,1:08.601,36
44,111,8,1:08.806,68
44,101,5,1:09.321,22
44,106,1,1:35.379,3
45,57,2,1:16.627,70
45,83,2,1:17.665,66
45,103,12,1:18.973,68
45,94,3,1:19.184,60
45,109,3,1:19.440,68
45,93,4,1:19.457,67
45,79,5,1:19.532,46
45,108,4,1:19.945,42
45,110,8,1:19.984,67
45,75,12,1:20.090,39
45,102,11,1:20.096,44
45,6,11,1:20.232,61
45,101,5,1:20.261,40
45,60,1,1:20.363,49
45,87,10,1:20.477,68
45,106,1,1:20.821,64
45,67,10,1:20.889,67
45,88,13,1:20.946,51
45,111,8,1:21.198,64
45,104,13,1:23.939,10
46,94,3,1:27.097,52
46,109,3,1:28.689,52
46,57,2,1:29.238,45
46,83,2,1:29.265,41
46,79,5,1:29.482,49
46,101,5,1:29.491,50
46,104,13,1:29.603,52
46,67,10,1:29.782,49
46,106,1,1:29.813,49
46,93,4,1:29.948,47
46,6,11,1:29.973,49
46,108,4,1:30.058,41
46,103,12,1:30.475,44
46,111,8,1:30.501,44
46,60,1,1:30.537,44
46,110,8,1:30.862,41
46,102,11,1:30.977,49
46,88,13,1:32.443,11
47,57,2,1:28.451,43
47,94,3,1:29.465,46
47,109,3,1:29.477,46
47,83,2,1:29.765,44
47,111,8,1:29.950,48
47,70,12,1:30.087,52
47,104,13,1:30.092,52
47,106,1,1:30.552,39
47,93,4,1:30.556,49
47,101,5,1:30.575,50
47,108,4,1:30.698,49
47,88,13,1:30.738,52
47,60,1,1:30.785,49
47,67,10,1:30.793,51
47,103,12,1:30.877,45
47,79,5,1:31.168,39
47,110,8,1:31.408,50
47,6,11,1:31.756,30
47,102,11,1:31.826,37
47,87,10,1:31.830,39
48,83,2,1:18.183,66
48,57,2,1:19.822,63
48,67,10,1:20.409,64
48,94,3,1:21.477,53
48,93,4,1:21.771,59
48,102,11,1:21.801,47
48,6,11,1:21.888,47
48,103,12,1:22.024,56
48,111,8,1:22.030,60
48,101,5,1:22.174,65
48,109,3,1:22.194,41
48,88,13,1:22.336,47
48,108,4,1:22.392,56
48,79,5,1:22.464,51
48,110,8,1:22.503,37
48,75,12,1:22.515,58
48,104,13,1:22.543,44
48,60,1,1:22.707,48
48,87,10,1:23.474,64
48,106,1,1:23.968,35
49,79,5,1:47.483,44
49,57,2,1:47.758,28
49,104,13,1:47.839,29
49,106,1,1:47.840,26
49,83,2,1:47.983,27
49,111,8,1:48.048,32
49,87,10,1:48.083,37
49,94,3,1:48.305,27
49,75,12,1:48.389,20
49,101,5,1:48.540,44
49,108,4,1:48.552,39
49,109,3,1:48.736,27
49,103,12,1:49.136,34
49,6,11,1:49.822,28
49,88,13,1:49.832,28
49,60,1,1:49.958,31
49,67,10,1:50.018,28
49,110,8,1:51.754,5
49,102,11,1:51.793,9
50,57,2,1:22.746,34
50,93,4,1:23.882,40
50,103,12,1:23.897,42
50,79,5,1:23.898,38
50,83,2,1:23.961,51
50,104,13,1:24.037,34
50,108,4,1:24.232,50
50,75,12,1:24.336,50
50,110,8,1:24.421,39
50,88,13,1:24.479,44
50,101,5,1:24.490,52
50,67,10,1:24.785,48
50,6,11,1:24.835,29
50,102,11,1:24.856,43
50,109,3,1:24.926,48
50,111,8,1:24.999,39
50,94,3,1:25.539,10
50,87,10,1:25.787,10
50,106,1,1:26.026,19
50,60,1,1:27.107,4
51,57,2,1:18.833,58
51,83,2,1:19.432,53
51,109,3,1:20.039,51
51,79,5,1:20.426,57
51,75,12,1:20.632,59
51,6,11,1:21.164,59
51,108,4,1:21.198,59
51,60,1,1:21.202,59
51,106,1,1:21.229,50
51,88,13,1:21.458,51
51,110,8,1:21.645,58
51,103,12,1:22.068,42
51,67,10,1:22.263,59
51,111,8,2:11.365,6
51,101,5,2:11.793,6
51,102,11,2:13.809,4
51,87,10,2:13.812,4
51,93,4,2:14.103,5
52,83,2,1:37.030,51
52,104,13,1:37.231,50
52,94,3,1:37.332,53
52,110,8,1:37.352,52
52,108,4,1:37.377,50
52,79,5,1:37.886,53
52,57,2,1:38.075,48
52,75,12,1:38.141,52
52,109,3,1:38.377,51
52,6,11,1:38.858,37
52,106,1,1:39.053,47
52,88,13,1:39.133,48
52,101,5,1:39.216,48
52,60,1,1:39.588,46
52,67,10,1:39.614,44
52,102,11,1:39.766,44
52,87,10,1:40.380,52
52,111,8,1:41.044,47
53,94,3,1:28.139,60
53,57,2,1:28.145,58
53,79,5,1:29.584,53
53,75,12,1:29.700,58
53,104,13,1:30.110,53
53,93,4,1:30.129,53
53,60,1,1:30.408,43
53,87,10,1:30.456,37
53,6,11,1:30.512,54
53,106,1,1:30.712,54
53,70,12,1:30.733,58
53,102,11,1:30.909,38
53,111,8,1:31.377,39
53,67,10,1:31.562,54
53,83,2,1:31.884,8
53,88,13,1:32.214,41
53,108,4,1:32.328,40
53,109,3,1:32.330,9
53,101,5,1:33.189,21
53,110,8,1:34.526,6
54,57,2,1:18.750,63
54,83,2,1:19.345,66
54,108,4,1:19.360,65
54,94,3,1:19.854,62
54,109,3,1:19.890,61
54,93,4,1:20.268,65
54,106,1,1:20.408,66
54,88,13,1:20.449,59
54,104,13,1:20.551,65
54,60,1,1:20.731,62
54,75,12,1:20.802,49
54,101,5,1:20.859,61
54,110,8,1:20.882,62
54,79,5,1:20.906,61
54,6,11,1:21.058,60
54,87,10,1:21.460,63
54,67,10,1:21.664,59
54,103,12,1:21.694,45
54,111,8,1:21.859,53
54,102,11,1:21.893,46
55,57,2,1:15.484,63
55,83,2,1:15.902,63
55,109,3,1:16.177,63
55,79,5,1:17.552,62
55,94,3,1:17.637,44
55,88,13,1:17.666,62
55,60,1,1:17.767,44
55,108,4,1:18.069,63
55,75,12,1:18.084,49
55,6,11,1:18.088,63
55,93,4,1:18.118,62
55,106,1,1:18.173,62
55,103,12,1:18.360,46
55,111,8,1:18.719,37
55,102,11,1:18.794,61
55,110,8,1:18.811,43
55,67,10,1:18.822,45
55,87,10,1:19.273,45
55,101,5,1:19.606,22
55,104,13,1:20.403,5
56,108,4,1:36.806,58
56,83,2,1:38.193,57
56,94,3,1:38.431,53
56,93,4,1:38.754,56
56,109,3,1:39.099,54
56,57,2,1:39.413,56
56,104,13,1:39.586,53
56,60,1,1:39.662,53
56,6,11,1:39.743,57
56,103,12,1:39.921,55
56,106,1,1:39.961,47
56,75,12,1:40.392,50
56,79,5,1:40.677,54
56,110,8,1:40.814,51
56,87,10,1:40.948,45
56,101,5,1:41.006,55
56,88,13,1:41.019,53
56,67,10,1:43.281,38
56,111,8,1:43.495,32
56,102,11,1:51.122,11
57,94,3,1:32.014,48
57,79,5,1:32.827,38
57,57,2,1:32.864,38
57,83,2,1:33.352,28
57,93,4,1:33.411,46
57,6,11,1:33.573,43
57,108,4,1:33.588,53
57,106,1,1:33.625,44
57,75,12,1:33.629,40
57,109,3,1:33.684,41
57,60,1,1:33.861,41
57,88,13,1:34.141,35
57,101,5,1:34.354,37
57,102,11,1:34.536,22
57,111,8,1:34.591,39
57,104,13,1:34.817,48
57,110,8,1:35.042,47
57,87,10,1:35.241,29
58,110,2,55.404,80
58,83,2,56.563,60
58,75,12,56.789,69
58,102,11,56.887,56
58,60,1,56.905,56
58,79,5,56.979,57
58,88,13,57.001,80
58,109,3,57.056,52
58,93,4,57.165,80
58,104,13,57.220,53
58,108,4,57.270,85
58,101,5,57.350,75
58,6,11,57.375,56
58,103,12,57.388,85
58,112,8,57.392,56
58,87,10,57.516,57
58,113,10,57.742,56
58,111,8,58.206,29
59,79,5,1:40.926,55
59,94,3,1:40.958,14
59,83,2,1:41.131,40
59,109,3,1:41.227,42
59,57,2,1:41.420,37
59,60,1,1:41.475,37
59,102,11,1:41.675,29
59,113,10,1:41.707,50
59,103,12,1:41.866,41
59,106,1,1:41.908,24
59,93,4,1:41.947,48
59,108,4,1:41.964,53
59,87,10,1:41.999,50
59,6,11,1:42.148,53
59,104,13,1:42.474,53
59,111,8,1:42.497,49
59,88,13,1:42.704,47
59,101,5,1:42.894,47
59,75,12,1:43.263,6
59,110,8,1:43.328,54
60,83,2,1:32.090,56
60,94,3,1:33.228,41
60,75,3,1:33.970,44
60,57,2,1:34.015,44
60,104,13,1:34.090,48
60,108,4,1:34.396,38
60,93,1,1:34.509,48
60,114,13,1:34.761,38
60,103,14,1:34.865,31
60,79,4,1:34.932,36
60,106,1,1:34.988,39
60,110,8,1:35.036,40
60,102,11,1:35.122,32
60,6,11,1:35.192,45
60,101,15,1:35.250,33
60,60,14,1:35.566,26
60,12,15,1:36.063,31
60,115,10,1:36.134,38
60,111,8,1:36.602,16
61,57,2,1:16.702,60
61,94,3,1:17.524,60
61,108,4,1:18.259,63
61,75,3,1:18.334,49
61,114,13,1:18.353,62
61,106,1,1:18.379,60
61,93,1,1:18.490,60
61,104,13,1:18.782,59
61,103,14,1:18.994,52
61,60,14,1:19.074,59
61,115,10,1:19.193,58
61,79,4,1:19.341,54
61,12,15,1:19.396,62
61,101,15,1:19.417,62
61,6,11,1:19.422,62
61,102,11,1:19.470,57
61,116,10,1:20.402,55
61,110,8,1:26.543,28
61,83,2,1:28.485,30
62,83,2,1:19.865,65
62,75,3,1:20.643,55
62,94,3,1:20.695,62
62,57,2,1:20.933,47
62,12,15,1:21.032,66
62,106,1,1:21.496,63
62,108,4,1:21.696,55
62,101,15,1:21.886,34
62,103,14,1:21.970,59
62,79,4,1:21.987,64
62,104,13,1:22.014,65
62,114,13,1:22.058,61
62,102,11,1:22.167,60
62,93,1,1:22.325,60
62,60,14,1:22.416,60
62,110,8,1:22.654,60
62,115,10,1:22.755,61
62,111,8,1:23.155,60
62,116,10,1:23.641,64
63,94,3,1:18.149,62
63,83,2,1:19.430,65
63,75,3,1:19.483,60
63,106,1,1:20.459,64
63,57,2,1:20.665,54
63,12,15,1:21.182,63
63,108,4,1:21.279,56
63,104,13,1:21.375,64
63,93,1,1:21.568,53
63,79,4,1:21.853,60
63,103,14,1:22.607,47
63,115,10,1:22.637,54
63,102,11,1:22.802,42
63,60,14,1:22.820,56
63,6,11,1:22.868,54
63,111,8,1:22.905,57
63,110,8,1:23.208,30
63,101,15,1:23.311,46
63,116,10,1:24.040,45
63,114,13,1:24.825,5
64,57,2,1:12.909,69
64,114,13,1:14.037,66
64,75,3,1:14.552,32
64,79,4,1:14.578,43
64,93,1,1:14.621,35
64,94,3,1:14.649,58
64,108,4,1:14.670,76
64,103,14,1:14.674,74
64,6,11,1:14.971,55
64,12,15,1:15.026,70
64,60,14,1:15.316,33
64,101,15,1:15.316,41
64,102,11,1:15.331,41
64,104,13,1:15.412,71
64,110,8,1:15.539,59
64,111,8,1:15.573,66
64,83,2,1:15.706,18
64,115,10,1:16.425,51
64,116,10,1:16.866,64
65,94,3,1:44.481,44
65,75,3,1:44.687,45
65,57,2,1:44.769,43
65,60,14,1:44.890,41
65,114,13,1:44.939,46
65,104,13,1:45.220,44
65,108,4,1:45.326,41
65,106,1,1:45.382,46
65,102,11,1:45.575,44
65,6,11,1:45.601,43
65,12,15,1:45.624,42
65,83,2,1:45.665,43
65,93,1,1:45.700,42
65,79,4,1:45.713,43
65,110,8,1:45.959,43
65,103,14,1:46.207,28
65,111,8,1:46.608,42
65,115,10,1:47.624,41
65,116,10,1:47.747,40
65,101,15,1:50.850,2
66,94,3,1:36.404,35
66,75,3,1:36.693,53
66,83,2,1:36.960,19
66,60,14,1:37.138,52
66,57,2,1:37.410,44
66,108,4,1:37.425,52
66,12,15,1:37.646,44
66,106,1,1:37.681,43
66,103,14,1:37.828,44
66,6,11,1:37.992,46
66,104,13,1:38.103,44
66,111,8,1:38.313,50
66,110,8,1:38.314,52
66,79,4,1:38.324,45
66,101,15,1:38.645,33
66,102,11,1:38.702,36
66,115,10,1:38.847,51
66,93,1,1:38.931,19
66,114,13,1:38.980,18
66,116,10,1:39.317,34
67,57,2,1:07.058,71
67,75,3,1:07.894,57
67,94,3,1:08.017,68
67,93,1,1:08.609,64
67,83,2,1:08.619,43
67,106,1,1:08.738,64
67,108,4,1:08.903,65
67,6,11,1:09.128,57
67,79,4,1:09.305,45
67,101,15,1:09.576,70
67,114,13,1:09.650,41
67,102,11,1:09.723,39
67,12,15,1:09.749,61
67,103,14,1:09.787,32
67,60,14,1:09.821,64
67,115,10,1:10.005,57
67,111,8,1:10.104,34
67,110,8,1:10.499,28
67,116,10,1:10.951,39
68,94,3,1:06.200,62
68,93,1,1:07.762,70
68,57,2,1:08.126,55
68,104,13,1:08.146,54
68,75,3,1:08.192,55
68,83,2,1:08.374,52
68,12,15,1:08.405,70
68,60,14,1:08.420,51
68,114,13,1:08.455,54
68,108,4,1:08.471,62
68,6,11,1:08.520,62
68,103,14,1:08.659,54
68,106,1,1:08.698,55
68,79,4,1:08.820,56
68,111,8,1:08.874,69
68,110,8,1:08.900,56
68,102,11,1:09.042,55
68,115,10,1:09.394,56
68,116,10,1:09.757,49
69,75,3,1:28.617,50
69,57,2,1:29.699,45
69,104,13,1:30.266,52
69,83,2,1:30.524,45
69,106,1,1:30.569,45
69,114,13,1:30.826,51
69,93,1,1:31.223,51
69,79,4,1:31.284,51
69,108,4,1:31.420,44
69,12,15,1:31.698,48
69,6,11,1:31.895,48
69,103,14,1:31.992,48
69,110,8,1:32.049,49
69,101,15,1:32.210,48
69,102,11,1:32.346,49
69,111,8,1:32.477,51
69,115,10,1:32.862,50
69,116,10,1:32.909,51
69,60,14,1:33.059,35
70,104,13,1:18.394,70
70,57,2,1:18.715,49
70,12,15,1:20.359,41
70,94,3,1:20.945,43
70,101,15,1:21.421,54
70,93,1,1:21.423,54
70,60,14,1:21.459,60
70,6,11,1:21.518,58
70,110,8,1:22.112,62
70,114,13,1:22.450,43
70,115,10,1:22.711,44
70,102,11,1:22.736,44
70,79,4,1:22.802,58
70,111,8,1:22.831,62
72,57,2,1:11.097,72
72,83,2,1:12.549,69
72,94,3,1:13.275,60
72,75,3,1:13.461,59
72,60,14,1:13.958,63
72,108,4,1:14.236,48
72,12,15,1:14.323,60
72,101,15,1:14.675,54
72,106,1,1:14.780,58
72,104,13,1:14.818,57
72,79,4,1:14.920,59
72,102,11,1:15.125,66
72,93,1,1:15.260,45
72,56,11,1:15.442,44
72,103,14,1:15.611,57
72,110,8,1:15.628,57
72,114,13,1:15.783,44
72,111,8,1:15.790,25
72,115,10,1:15.927,36
72,116,10,1:16.066,35
73,79,4,1:24.812,53
73,83,2,1:24.827,34
73,108,4,1:24.971,53
73,75,3,1:25.156,53
73,94,3,1:25.173,25
73,106,1,1:25.319,53
73,12,15,1:25.472,52
73,93,1,1:25.559,53
73,101,15,1:25.566,53
73,102,11,1:25.718,50
73,110,8,1:25.835,53
73,56,11,1:25.849,53
73,103,14,1:25.853,52
73,57,2,1:25.870,3
73,60,14,1:25.938,50
73,111,8,1:25.953,50
73,115,10,1:26.707,52
73,116,10,1:27.202,41
73,104,13,1:29.005,2
74,108,4,1:37.423,39
74,57,2,1:37.575,43
74,83,2,1:38.216,31
74,104,13,1:38.279,35
74,94,3,1:38.396,28
74,12,15,1:38.686,44
74,106,1,1:38.994,45
74,102,11,1:39.058,39
74,79,4,1:39.124,24
74,75,3,1:39.215,45
74,60,14,1:39.251,44
74,93,1,1:39.294,40
74,114,13,1:39.960,42
74,111,8,1:40.000,42
74,115,10,1:40.276,22
74,6,11,1:40.289,34
74,103,14,1:40.464,35
74,110,8,1:40.596,40
74,101,15,1:40.598,34
74,116,10,1:41.713,24
75,83,2,1:30.432,58
75,93,1,1:31.921,49
75,108,4,1:32.446,50
75,75,3,1:32.459,53
75,6,11,1:32.586,50
75,103,14,1:32.608,58
75,60,14,1:32.730,54
75,106,1,1:32.737,57
75,94,3,1:32.759,53
75,57,2,1:32.763,52
75,104,13,1:32.814,50
75,114,13,1:32.844,54
75,102,11,1:32.904,57
75,12,15,1:33.252,55
75,79,4,1:33.255,34
75,110,8,1:33.399,53
75,111,8,1:33.672,48
75,115,10,1:34.209,52
75,101,15,1:34.584,24
75,116,10,1:35.438,52
76,57,2,1:38.485,41
76,94,3,1:39.096,52
76,106,1,1:39.303,41
76,75,3,1:39.566,32
76,12,15,1:40.067,46
76,83,2,1:40.147,41
76,108,4,1:40.228,41
76,79,4,1:40.345,43
76,93,1,1:40.377,40
76,60,14,1:40.481,40
76,110,8,1:41.120,36
76,102,11,1:41.145,44
76,114,13,1:41.151,47
76,103,14,1:41.189,36
76,6,11,1:41.340,43
76,115,10,1:41.395,36
76,111,8,1:41.818,46
76,104,13,1:42.015,12
76,101,15,1:42.194,28
76,116,10,1:42.886,42
77,83,2,1:17.774,69
77,94,3,1:18.999,52
77,75,3,1:19.468,49
77,57,2,1:19.820,66
77,93,1,1:20.081,63
77,60,14,1:20.460,70
77,104,13,1:20.510,66
77,108,4,1:20.617,67
77,106,1,1:20.665,63
77,12,15,1:20.711,54
77,6,11,1:20.713,63
77,103,14,1:20.930,61
77,79,4,1:21.069,40
77,101,15,1:21.348,67
77,116,10,1:21.402,61
77,102,11,1:21.523,68
77,111,8,1:21.546,66
77,110,8,1:22.016,61
78,75,3,1:11.010,71
78,57,2,1:11.982,46
78,94,3,1:12.486,47
78,83,2,1:12.526,49
78,6,11,1:12.621,54
78,93,1,1:12.710,63
78,106,1,1:12.822,61
78,104,13,1:13.227,53
78,60,14,1:13.634,69
78,108,4,1:13.761,53
78,115,10,1:13.793,66
78,12,15,1:13.922,37
78,114,13,1:14.204,62
78,102,11,1:14.227,44
78,110,8,1:14.355,45
78,101,15,1:14.430,48
78,79,4,1:14.443,40
78,111,8,1:14.616,57
78,116,10,1:14.954,36
78,103,14,1:15.344,25
79,94,3,1:23.196,57
79,57,2,1:25.084,50
79,75,3,1:25.613,49
79,108,4,1:25.746,51
79,110,8,1:25.768,55
79,6,11,1:26.358,53
79,60,14,1:26.434,53
79,106,1,1:26.555,46
79,93,1,1:26.570,46
79,12,15,1:26.682,48
79,104,13,1:27.019,46
79,114,13,1:27.043,50
79,101,15,1:27.061,46
79,79,4,1:27.198,50
79,83,2,1:27.246,39
79,116,10,1:27.340,55
79,103,14,1:27.356,44
79,102,11,1:27.823,40
79,115,10,1:28.412,46
79,111,8,1:28.732,44
80,57,2,1:30.734,47
80,83,2,1:31.408,47
80,94,3,1:31.488,35
80,106,1,1:31.601,46
80,12,15,1:31.633,46
80,101,15,1:31.797,47
80,93,1,1:31.851,37
80,108,4,1:31.914,49
80,104,13,1:32.297,46
80,114,13,1:32.506,44
80,79,4,1:32.716,43
80,111,8,1:32.751,49
80,6,11,1:32.778,45
80,103,14,1:32.804,45
80,102,11,1:32.865,37
80,60,14,1:34.030,41
80,75,3,1:34.138,9
80,115,10,1:36.043,8
80,110,8,1:36.130,7
80,116,10,1:37.043,7
81,94,3,1:26.103,39
81,75,3,1:26.419,51
81,57,2,1:26.615,43
81,108,4,1:26.762,58
81,83,2,1:26.862,51
81,104,13,1:27.342,49
81,114,13,1:27.496,50
81,12,15,1:27.607,58
81,93,1,1:27.618,51
81,101,15,1:28.249,58
81,60,14,1:28.303,58
81,106,1,1:28.433,40
81,103,14,1:28.567,48
81,79,4,1:28.723,48
81,111,8,1:29.293,30
81,102,11,1:29.442,33
81,115,10,1:29.457,42
81,6,11,1:29.698,23
81,110,8,1:30.647,23
82,106,1,1:34.570,51
82,94,3,1:35.440,51
82,93,1,1:35.740,52
82,75,3,1:36.089,52
82,57,2,1:36.228,53
82,110,2,1:36.302,56
82,83,11,1:36.599,53
82,87,10,1:36.623,53
82,117,11,1:36.685,39
82,12,15,1:36.733,44
82,115,10,1:36.956,37
82,108,4,1:36.988,51
82,114,13,1:37.104,53
82,101,15,1:37.110,53
82,103,14,1:37.146,49
82,79,4,1:37.261,50
82,104,13,1:37.324,34
82,109,8,1:37.355,50
82,70,14,1:38.201,49
82,111,8,1:38.251,51
83,106,1,1:31.634,48
83,94,3,1:31.772,50
83,93,1,1:31.905,48
83,75,3,1:32.042,46
83,108,4,1:32.753,46
83,87,10,1:32.779,48
83,110,2,1:32.821,43
83,57,2,1:32.997,47
83,101,15,1:33.103,46
83,104,13,1:33.468,42
83,70,14,1:33.651,47
83,12,15,1:33.831,33
83,117,11,1:33.924,45
83,83,11,1:33.979,31
83,109,8,1:34.368,46
83,103,14,1:34.446,46
83,79,4,1:34.487,34
83,111,8,1:37.530,9
84,106,1,1:20.260,58
84,12,15,1:20.846,57
84,75,3,1:21.094,58
84,110,2,1:21.495,53
84,83,11,1:21.651,54
84,94,3,1:21.677,37
84,57,2,1:21.886,51
84,108,4,1:22.248,55
84,79,4,1:22.451,54
84,101,15,1:22.469,58
84,117,11,1:22.541,55
84,109,8,1:22.589,54
84,104,13,1:22.731,52
84,115,10,1:23.006,55
84,87,10,1:23.071,44
84,114,13,1:23.342,56
84,103,14,1:23.592,48
84,111,8,1:23.882,49
84,60,14,1:25.189,17
85,94,3,1:18.446,55
85,106,1,1:18.574,63
85,75,3,1:18.949,52
85,115,10,1:18.999,55
85,114,13,1:20.544,61
85,83,11,1:20.758,43
85,108,4,1:20.903,61
85,110,2,1:20.962,57
85,60,14,1:21.211,47
85,87,10,1:21.238,61
85,117,11,1:21.286,61
85,111,8,1:21.338,62
85,57,2,1:21.419,50
85,79,4,1:21.577,61
85,104,13,1:21.713,34
85,103,14,1:21.750,46
85,109,8,1:21.757,61
85,101,15,1:21.887,37
85,12,15,1:39.685,5
86,94,3,1:31.361,54
86,106,1,1:31.488,53
86,93,1,1:31.790,56
86,75,3,1:31.819,54
86,110,2,1:32.195,56
86,115,10,1:32.528,57
86,57,2,1:32.941,55
86,114,13,1:33.035,55
86,101,15,1:33.163,56
86,83,11,1:33.184,56
86,79,4,1:33.265,56
86,103,14,1:33.312,52
86,12,15,1:33.331,53
86,108,4,1:33.411,37
86,109,8,1:33.447,57
86,60,14,1:33.479,50
86,87,10,1:33.511,52
86,111,8,1:34.169,53
86,104,13,1:34.487,38
86,117,11,1:35.731,4
87,75,3,1:24.108,55
87,57,2,1:24.253,51
87,110,2,1:24.636,53
87,94,3,1:25.456,46
87,108,4,1:25.619,53
87,101,15,1:25.935,54
87,93,1,1:25.985,49
87,83,11,1:26.395,36
87,12,15,1:26.599,56
87,114,13,1:26.828,59
87,103,14,1:26.876,54
87,104,13,1:26.987,51
87,106,1,1:27.030,25
87,111,8,1:27.246,52
87,79,4,1:27.285,54
87,115,10,1:27.447,32
87,87,10,1:27.537,3
87,60,14,1:27.629,59
87,109,8,1:28.281,56
87,117,11,1:28.415,12
88,108,4,1:14.693,55
88,114,13,1:15.334,61
88,12,15,1:15.882,50
88,75,3,1:16.028,46
88,94,3,1:16.052,47
88,106,1,1:16.249,46
88,93,1,1:16.421,47
88,110,2,1:16.830,42
88,57,2,1:17.203,51
88,104,13,1:17.344,61
88,79,4,1:17.532,59
88,60,14,1:17.558,54
88,101,15,1:17.571,50
88,83,11,1:17.600,57
88,103,14,1:17.672,56
88,109,8,1:18.023,40
88,117,11,1:18.200,52
88,111,8,1:18.579,43
88,115,10,1:24.778,24
88,87,10,1:33.754,18
89,75,3,1:46.046,36
89,94,3,1:46.050,50
89,57,2,1:47.044,39
89,110,2,1:47.177,42
89,114,13,1:47.523,42
89,106,1,1:47.531,13
89,109,8,1:47.966,48
89,12,15,1:47.989,49
89,108,4,1:47.997,37
89,103,14,1:48.038,38
89,83,11,1:48.179,42
89,60,14,1:48.206,41
89,79,4,1:48.276,44
89,101,15,1:48.297,36
89,115,10,1:48.410,40
89,104,13,1:48.519,39
89,117,11,1:48.723,12
89,87,10,1:48.789,12
89,93,1,1:48.978,3
89,111,8,1:49.583,37
90,93,1,1:15.749,63
90,94,3,1:15.839,64
90,106,1,1:15.901,62
90,57,2,1:16.167,69
90,110,2,1:16.418,63
90,117,11,1:16.578,63
90,83,11,1:16.927,60
90,12,15,1:17.010,64
90,101,15,1:17.110,62
90,103,14,1:17.421,64
90,108,4,1:17.495,63
90,104,13,1:17.810,60
90,79,4,1:17.932,59
90,109,8,1:17.951,59
90,60,14,1:17.956,63
90,87,10,1:18.046,11
90,114,13,1:18.309,15
90,111,8,1:18.540,61
90,75,3,1:18.844,7
90,115,10,1:18.967,13
91,57,2,1:30.510,52
91,93,1,1:30.813,44
91,75,3,1:30.937,47
91,106,1,1:31.282,52
91,12,15,1:31.609,47
91,108,4,1:31.645,47
91,115,10,1:32.109,48
91,94,3,1:32.354,44
91,103,14,1:32.379,52
91,60,14,1:32.471,52
91,79,4,1:32.644,34
91,87,10,1:32.661,52
91,111,8,1:33.286,48
91,101,15,1:33.537,37
91,114,13,1:33.832,51
91,104,13,1:34.614,18
91,83,11,1:35.103,19
92,94,3,1:07.275,62
92,106,1,1:07.583,62
92,12,15,1:08.558,62
92,93,1,1:08.649,55
92,57,2,1:09.000,63
92,110,2,1:09.075,61
92,83,11,1:09.266,61
92,108,4,1:09.304,62
92,117,11,1:09.380,50
92,101,15,1:09.559,62
92,115,10,1:09.625,50
92,109,8,1:09.669,60
92,79,4,1:09.924,61
92,87,10,1:09.938,61
92,60,14,1:10.001,62
92,114,13,1:10.023,62
92,103,14,1:10.048,64
92,104,13,1:10.104,61
92,111,8,1:10.890,14
92,75,3,1:11.843,5
93,93,1,1:35.781,51
93,94,3,1:37.491,30
93,110,2,1:37.548,51
93,57,2,1:37.668,30
93,75,3,1:37.780,45
93,83,11,1:37.963,52
93,106,1,1:38.088,4
93,12,15,1:38.160,53
93,101,15,1:38.684,53
93,104,13,1:38.786,53
93,108,4,1:39.037,43
93,60,14,1:39.044,43
93,115,10,1:39.068,48
93,79,4,1:39.133,27
93,103,14,1:39.185,52
93,109,8,1:39.199,53
93,87,10,1:39.265,11
93,117,11,1:39.368,25
93,111,8,1:39.650,40
93,114,13,1:40.216,4
94,57,2,1:21.386,57
94,106,1,1:21.622,57
94,75,3,1:21.940,44
94,93,1,1:22.000,51
94,117,11,1:22.029,58
94,94,3,1:22.126,45
94,103,14,1:22.437,51
94,111,8,1:22.478,60
94,110,2,1:22.766,57
94,60,14,1:22.824,51
94,108,4,1:23.043,47
94,109,8,1:23.047,43
94,115,10,1:23.151,50
94,104,13,1:23.199,58
94,87,10,1:23.511,37
94,114,13,1:23.538,58
94,79,4,1:23.654,63
94,12,15,1:23.979,47
94,83,11,1:24.002,60
94,101,15,1:24.149,60
95,94,3,1:49.354,32
95,106,1,1:49.984,44
95,75,3,1:50.764,29
95,110,2,1:50.793,31
95,108,4,1:51.678,31
95,101,15,1:51.717,36
95,93,1,1:51.977,32
95,111,8,1:52.256,38
95,117,11,1:52.317,30
95,114,13,1:52.436,32
95,60,14,1:52.515,40
95,115,10,1:52.646,35
95,12,15,1:52.868,35
95,103,14,1:52.880,29
95,104,13,1:53.002,24
95,109,8,1:53.055,28
95,79,4,1:53.080,34
95,87,10,1:53.332,29
96,94,3,1:13.652,62
96,110,2,1:13.671,72
96,57,2,1:13.854,54
96,12,15,1:14.144,51
96,75,3,1:14.404,63
96,106,1,1:14.413,62
96,93,1,1:14.643,63
96,108,4,1:14.706,63
96,60,14,1:14.862,50
96,103,14,1:15.043,65
96,101,15,1:15.084,64
96,104,13,1:15.165,65
96,115,10,1:15.233,51
96,87,10,1:15.369,53
96,109,8,1:15.534,65
96,79,4,1:15.577,52
96,117,11,1:15.940,63
96,111,8,1:16.066,62
96,83,11,1:16.844,51
96,114,13,1:17.138,16
97,75,3,1:24.030,46
97,106,1,1:24.336,38
97,57,2,1:24.434,43
97,93,1,1:24.446,41
97,108,4,1:24.718,43
97,94,3,1:24.745,38
97,110,2,1:25.288,40
97,115,10,1:25.298,43
97,83,11,1:25.706,45
97,117,11,1:26.361,41
97,101,15,1:26.593,37
97,79,4,1:26.603,39
97,118,8,1:26.624,41
97,104,13,1:26.718,30
97,111,8,1:26.798,17
97,87,10,1:26.798,37
97,114,13,1:26.857,43
97,12,15,1:27.203,7
97,103,14,1:27.467,34
97,60,14,1:27.501,4
98,110,2,1:46.458,54
98,75,3,1:48.165,57
98,93,1,1:48.414,59
98,106,1,1:48.753,54
98,94,3,1:49.142,52
98,108,4,1:49.212,56
98,103,14,1:50.283,58
98,115,10,1:50.290,58
98,104,13,1:50.569,56
98,57,2,1:50.622,58
98,60,14,1:50.669,58
98,79,4,1:51.006,57
98,83,11,1:51.864,52
98,87,10,1:52.067,59
98,114,13,1:58.716,32
98,12,15,2:00.463,19
98,101,15,2:01.105,24
98,109,8,2:02.121,24
98,117,11,2:05.556,5
98,111,8,2:05.585,5
99,117,11,1:44.411,20
99,12,15,1:44.412,25
99,106,1,1:44.489,10
99,94,3,1:44.911,10
99,103,14,1:45.205,21
99,104,13,1:45.387,22
99,57,2,1:45.530,11
99,114,13,1:45.893,22
99,75,3,1:46.120,11
99,115,10,1:46.545,13
99,101,15,1:46.559,11
99,60,14,1:46.964,13
99,110,2,1:47.004,21
99,83,11,1:47.820,11
99,79,4,1:47.843,11
99,87,10,1:48.072,10
99,108,4,1:48.175,8
99,111,8,1:48.371,12
100,110,2,1:38.788,56
100,94,3,1:39.541,37
100,75,3,1:39.563,44
100,106,1,1:39.731,37
100,57,2,1:39.830,45
100,101,15,1:41.243,49
100,108,4,1:41.322,49
100,60,14,1:41.538,39
100,104,13,1:41.674,55
100,12,15,1:41.804,51
100,114,13,1:42.206,36
100,115,10,1:42.320,55
100,117,11,1:42.394,39
100,79,4,1:42.420,55
100,109,8,1:42.471,46
100,87,10,1:42.546,35
100,103,14,1:43.080,3
100,83,11,1:43.391,4
100,111,8,1:43.485,54
101,110,2,1:20.153,71
101,75,3,1:21.775,30
101,79,4,1:22.022,48
101,94,3,1:22.046,36
101,57,2,1:22.062,32
101,93,1,1:22.199,32
101,117,11,1:22.260,47
101,104,13,1:22.277,42
101,103,14,1:22.463,42
101,106,1,1:22.603,48
101,12,15,1:22.866,48
101,109,8,1:22.914,48
101,60,14,1:23.086,45
101,101,15,1:23.279,48
101,87,10,1:23.300,49
101,83,11,1:23.363,43
101,108,4,1:23.402,48
101,114,13,1:23.403,48
101,115,10,1:23.641,30
101,111,8,1:23.709,56
102,110,2,1:13.785,61
102,57,2,1:13.942,63
102,93,1,1:13.953,65
102,12,15,1:14.164,62
102,94,3,1:14.195,64
102,106,1,1:14.253,63
102,75,3,1:14.283,62
102,103,14,1:14.831,50
102,101,15,1:15.093,65
102,115,10,1:15.251,63
102,111,8,1:15.327,59
102,104,13,1:15.327,64
102,114,13,1:15.508,63
102,83,11,1:15.511,62
102,60,14,1:15.549,64
102,109,8,1:15.613,49
102,117,11,1:15.802,64
102,108,4,1:15.855,48
103,108,4,1:28.391,44
103,110,2,1:28.836,48
103,93,1,1:28.879,50
103,75,3,1:28.972,52
103,101,15,1:29.333,45
103,94,3,1:29.392,54
103,114,13,1:29.489,40
103,117,11,1:29.600,53
103,103,14,1:29.620,42
103,106,1,1:29.719,48
103,57,2,1:29.788,42
103,115,10,1:29.833,39
103,109,8,1:29.939,40
103,111,8,1:30.309,45
103,60,14,1:30.312,35
103,83,11,1:30.352,47
103,12,15,1:30.579,24
103,79,4,1:30.785,45
103,104,13,1:31.081,16
103,87,10,1:31.158,40
104,117,11,1:33.996,56
104,104,15,1:35.068,42
104,108,4,1:35.822,51
104,119,8,1:36.037,42
104,12,14,1:36.156,36
104,94,3,1:36.236,44
104,75,3,1:36.344,37
104,87,10,1:36.471,42
104,103,14,1:36.546,32
104,57,2,1:36.546,36
104,70,10,1:36.616,42
104,114,13,1:36.637,42
104,101,15,1:36.797,34
104,93,1,1:37.130,37
104,109,8,1:37.144,43
104,106,1,1:37.170,37
104,110,2,1:37.221,33
104,83,11,1:37.379,31
104,118,13,1:37.709,30
104,120,4,1:40.691,3
105,94,3,1:31.906,50
105,75,3,1:32.188,38
105,12,14,1:32.240,50
105,110,2,1:32.433,50
105,93,1,1:32.822,50
105,57,2,1:32.941,47
105,106,1,1:33.056,47
105,101,15,1:33.222,49
105,87,10,1:33.374,44
105,104,15,1:33.392,50
105,118,13,1:33.609,49
105,70,10,1:33.780,50
105,117,11,1:33.894,49
105,114,13,1:33.931,50
105,108,4,1:34.122,49
105,120,4,1:34.287,48
105,83,11,1:34.384,37
105,119,8,1:34.469,49
105,103,14,1:35.140,7
105,109,8,1:35.567,24
106,75,3,1:20.235,53
106,94,3,1:20.342,49
106,93,1,1:20.467,53
106,12,14,1:20.476,53
106,57,2,1:20.613,49
106,103,14,1:20.934,50
106,104,15,1:20.995,47
106,70,10,1:21.124,46
106,108,4,1:21.173,46
106,118,13,1:21.183,50
106,101,15,1:21.203,44
106,120,4,1:21.335,53
106,119,8,1:21.456,50
106,87,10,1:21.685,52
106,114,13,1:21.789,52
106,117,11,1:21.819,48
106,83,11,1:22.233,46
106,110,2,1:22.680,16
106,109,8,1:23.349,6
107,110,2,1:43.370,51
107,94,3,1:44.232,51
107,12,14,1:44.241,49
107,106,1,1:44.561,49
107,75,3,1:44.589,50
107,93,1,1:45.175,48
107,57,2,1:45.346,48
107,104,15,1:45.540,47
107,103,14,1:45.627,45
107,120,4,1:45.631,51
107,114,13,1:45.727,51
107,108,4,1:45.738,49
107,87,10,1:45.850,51
107,101,15,1:45.908,49
107,109,8,1:45.925,51
107,83,11,1:46.304,36
107,119,8,1:46.501,49
107,70,10,1:46.731,34
107,117,11,1:47.553,31
107,118,13,1:48.781,4
108,94,3,1:29.708,56
108,12,14,1:30.519,57
108,75,3,1:30.560,57
108,57,2,1:30.669,57
108,103,14,1:30.862,44
108,70,10,1:30.901,36
108,110,2,1:31.015,57
108,114,13,1:31.038,56
108,101,15,1:31.143,56
108,93,1,1:31.362,55
108,106,1,1:31.434,57
108,118,13,1:31.562,57
108,87,10,1:31.691,53
108,117,11,1:31.736,56
108,83,11,1:31.838,56
108,109,8,1:31.852,55
108,104,15,1:31.971,55
108,120,4,1:32.006,56
108,119,8,1:32.384,50
108,108,4,1:32.401,47
110,94,3,1:16.330,61
110,75,3,1:16.666,52
110,57,2,1:16.676,62
110,108,4,1:17.182,55
110,110,2,1:17.875,48
110,87,10,1:18.069,44
110,12,14,1:18.083,49
110,83,11,1:18.242,50
110,106,1,1:18.357,52
110,104,15,1:18.375,41
110,93,1,1:18.403,60
110,118,13,1:18.594,41
110,120,4,1:18.679,41
110,103,14,1:18.722,56
110,117,11,1:18.753,38
110,70,10,1:18.776,53
110,114,13,1:18.904,59
110,101,15,1:18.946,54
110,109,8,1:19.133,59
110,119,8,1:19.247,41
111,75,3,1:14.481,70
111,57,2,1:15.396,47
111,94,3,1:15.594,68
111,12,14,1:15.779,62
111,106,1,1:15.907,47
111,93,1,1:15.911,47
111,87,10,1:16.126,55
111,108,4,1:16.374,65
111,104,15,1:16.425,67
111,103,14,1:16.564,58
111,120,4,1:16.598,59
111,83,11,1:16.625,52
111,118,13,1:16.656,52
111,114,13,1:16.666,68
111,101,15,1:16.782,63
111,109,8,1:16.917,68
111,117,11,1:17.090,58
111,110,2,1:17.097,44
111,70,10,1:17.232,37
111,119,8,1:18.437,4
112,94,3,1:07.012,71
112,75,3,1:08.111,52
112,103,14,1:08.463,57
112,108,4,1:08.739,48
112,106,1,1:08.820,51
112,93,1,1:08.880,50
112,104,15,1:09.046,48
112,12,14,1:09.108,54
112,57,2,1:09.160,48
112,110,2,1:09.283,49
112,109,8,1:09.560,53
112,119,8,1:09.611,45
112,114,13,1:09.620,45
112,117,11,1:09.786,46
112,101,15,1:09.797,50
112,118,13,1:09.852,46
112,120,4,1:09.862,46
112,83,11,1:09.940,49
112,87,10,1:10.176,37
112,70,10,1:11.066,7
113,94,3,1:30.275,42
113,108,4,1:30.543,43
113,57,2,1:30.545,43
113,120,4,1:30.850,41
113,75,3,1:30.914,51
113,110,2,1:31.124,41
113,106,1,1:31.255,48
113,109,8,1:31.273,41
113,12,14,1:31.338,48
113,93,1,1:31.366,51
113,103,14,1:31.508,42
113,104,15,1:31.539,42
113,119,8,1:31.699,42
113,117,11,1:31.769,48
113,70,10,1:31.776,52
113,83,11,1:31.852,52
113,114,13,1:32.084,48
113,118,13,1:32.353,48
113,87,10,1:33.356,29
113,101,15,1:33.941,4
114,94,3,1:20.504,53
114,57,2,1:21.601,54
114,110,2,1:22.158,48
114,108,4,1:22.178,50
114,75,3,1:22.295,53
114,106,1,1:22.469,50
114,93,1,1:22.584,54
114,120,4,1:22.736,45
114,12,14,1:22.745,51
114,114,13,1:23.269,68
114,103,14,1:23.425,54
114,119,8,1:23.496,36
114,70,10,1:23.573,42
114,83,11,1:23.651,42
114,117,11,1:23.743,12
114,87,10,1:23.864,54
114,79,13,1:23.934,67
114,109,8,1:24.051,54
115,57,2,1:47.305,44
115,94,3,1:48.922,32
115,109,8,1:49.841,35
115,70,10,1:49.907,26
115,117,11,1:50.188,27
115,75,3,1:50.308,31
115,106,1,1:50.436,30
115,101,15,1:50.439,27
115,119,8,1:50.486,37
115,83,11,1:50.515,26
115,110,2,1:50.603,25
115,104,15,1:50.911,25
115,12,14,1:50.938,42
115,87,10,1:50.993,27
115,79,13,1:50.994,25
115,103,14,1:51.297,26
115,114,13,1:51.394,26
115,108,4,1:51.682,26
115,93,1,1:53.138,9
117,120,4,1:25.072,43
117,94,3,1:25.240,33
117,93,1,1:25.501,30
117,75,3,1:25.522,39
117,106,1,1:25.580,38
117,57,2,1:25.582,29
117,104,15,1:25.758,44
117,121,13,1:25.842,44
117,110,2,1:25.847,38
117,70,10,1:25.894,50
117,117,11,1:25.983,35
117,83,11,1:25.988,27
117,12,14,1:26.105,43
117,108,4,1:26.144,24
117,87,10,1:26.278,42
117,109,8,1:26.389,33
117,103,14,1:26.617,31
117,119,8,1:26.840,16
117,101,15,1:26.963,33
118,57,2,1:35.867,47
118,110,2,1:36.273,46
118,12,14,1:36.456,47
118,94,3,1:36.575,61
118,75,3,1:37.108,61
118,109,8,1:37.342,46
118,93,1,1:37.666,47
118,108,4,1:38.046,46
118,83,11,1:38.075,51
118,87,10,1:38.107,48
118,106,1,1:38.275,46
118,104,15,1:38.277,46
118,120,4,1:38.492,46
118,119,8,1:38.531,45
118,121,13,1:39.028,47
118,117,11,1:39.316,46
118,70,10,1:39.923,50
118,101,15,1:39.930,33
119,94,3,1:34.183,39
119,108,4,1:35.247,40
119,57,2,1:35.611,36
119,93,1,1:36.187,40
119,120,4,1:36.328,38
119,106,1,1:36.362,40
119,104,15,1:36.371,36
119,12,14,1:37.203,28
119,70,10,1:37.250,44
119,101,15,1:37.398,34
119,110,2,1:37.653,27
119,114,13,1:37.768,36
119,117,11,1:37.791,45
119,87,10,1:37.842,41
119,121,13,1:38.267,50
119,119,8,1:38.848,7
119,103,14,1:39.050,16
119,109,8,1:39.185,15
119,75,3,1:39.704,8
119,83,11,2:02.755,5
120,94,3,1:24.319,56
120,108,4,1:24.842,47
120,120,4,1:24.921,48
120,106,1,1:24.992,57
120,110,2,1:25.770,35
120,12,14,1:26.045,57
120,75,3,1:26.220,50
120,104,15,1:26.310,49
120,117,11,1:26.323,54
120,103,14,1:26.352,55
120,101,15,1:26.450,42
120,70,10,1:26.489,45
120,83,11,1:26.652,54
120,109,8,1:26.666,57
120,87,10,1:27.067,46
120,121,13,1:27.113,54
120,114,13,1:27.174,55
120,119,8,1:27.983,31
121,114,13,1:38.139,56
121,79,13,1:39.366,49
121,110,2,1:39.393,48
121,57,2,1:39.582,42
121,75,3,1:39.737,40
121,103,14,1:39.908,48
121,12,14,1:39.954,47
121,108,4,1:39.985,39
121,94,3,1:40.028,40
121,93,1,1:40.034,51
121,104,15,1:40.412,47
121,70,10,1:40.925,45
121,106,1,1:41.025,38
121,119,8,1:41.238,34
121,109,8,1:41.371,40
121,87,10,1:41.506,41
121,117,11,1:41.879,51
121,83,11,1:41.972,54
121,120,4,1:42.705,5
121,101,15,1:44.789,2
122,57,2,1:21.334,71
122,94,3,1:21.644,40
122,108,4,1:21.944,71
122,106,1,1:22.332,38
122,114,13,1:22.501,11
122,93,1,1:22.539,57
122,79,13,1:22.679,66
122,120,4,1:22.760,53
122,109,8,1:22.773,65
122,110,2,1:22.780,38
122,101,15,1:22.976,66
122,119,8,1:23.003,24
122,87,10,1:23.146,25
122,83,11,1:23.166,43
122,70,10,1:23.222,43
122,104,15,1:23.230,43
122,103,14,1:23.257,43
122,12,14,1:23.531,40
122,117,11,1:23.567,39
123,108,4,1:12.486,61
123,94,3,1:13.422,68
123,79,13,1:13.866,68
123,103,14,1:14.007,67
123,75,3,1:14.124,55
123,101,15,1:14.206,53
123,114,13,1:14.231,64
123,120,4,1:14.310,66
123,93,1,1:14.406,59
123,12,14,1:14.442,54
123,104,15,1:14.521,48
123,57,2,1:14.739,59
123,110,2,1:14.934,55
123,70,10,1:15.036,66
123,83,11,1:15.731,20
123,119,8,1:15.738,51
123,117,11,1:16.232,17
124,120,4,1:35.490,47
124,94,3,1:35.614,44
124,106,1,1:35.669,50
124,57,2,1:35.716,48
124,75,3,1:35.939,40
124,93,1,1:35.984,47
124,110,2,1:36.071,44
124,12,14,1:36.559,42
124,103,14,1:36.584,45
124,101,15,1:36.637,47
124,104,15,1:36.913,37
124,79,13,1:37.108,50
124,109,8,1:37.357,50
124,117,11,1:37.375,32
124,87,10,1:37.455,50
124,83,11,1:37.562,49
124,70,10,1:37.565,43
124,114,13,1:37.587,45
124,119,8,1:37.740,32
124,108,4,1:59.327,2
125,94,3,1:26.993,45
125,75,3,1:27.493,44
125,109,8,1:27.845,45
125,103,14,1:28.050,44
125,120,4,1:28.138,38
125,108,4,1:28.164,45
125,110,2,1:28.187,45
125,106,1,1:28.199,44
125,12,14,1:28.256,42
125,57,2,1:28.372,52
125,79,13,1:28.571,47
125,119,8,1:28.580,43
125,117,11,1:28.746,43
125,104,15,1:29.016,35
125,70,10,1:29.217,58
125,114,13,1:29.256,55
125,93,1,1:29.452,42
125,83,11,1:29.863,42
125,87,10,1:29.934,46
125,101,15,1:30.033,34
126,94,3,1:32.608,39
126,106,1,1:34.090,36
126,12,14,1:34.199,48
126,75,3,1:34.364,40
126,108,4,1:34.476,35
126,93,1,1:34.507,44
126,57,2,1:34.722,39
126,119,8,1:34.735,42
126,104,15,1:34.805,45
126,70,10,1:34.834,46
126,120,4,1:34.983,39
126,110,2,1:35.065,40
126,79,16,1:35.163,37
126,117,7,1:35.458,30
126,87,10,1:35.570,34
126,103,14,1:35.632,30
126,109,8,1:35.723,40
126,114,16,1:35.833,37
126,83,7,1:36.202,33
126,101,15,1:36.226,34
127,106,1,1:31.632,50
127,57,2,1:31.746,38
127,94,3,1:31.773,50
127,108,4,1:31.944,40
127,122,1,1:32.186,50
127,117,7,1:32.208,49
127,110,2,1:32.254,42
127,75,3,1:32.273,37
127,109,8,1:32.307,50
127,120,4,1:32.310,45
127,87,10,1:32.338,47
127,70,10,1:32.366,49
127,12,14,1:32.387,43
127,83,7,1:32.706,49
127,119,8,1:33.026,49
127,79,16,1:33.323,47
127,101,15,1:33.481,48
127,114,16,1:33.523,44
127,103,14,1:35.560,5
128,106,1,1:19.813,56
128,108,4,1:19.915,49
128,93,1,1:20.031,48
128,120,4,1:20.199,54
128,110,2,1:20.284,53
128,75,3,1:20.388,47
128,12,14,1:20.493,52
128,103,14,1:20.930,49
128,87,10,1:21.082,44
128,104,15,1:21.090,51
128,114,16,1:21.134,46
128,70,10,1:21.145,46
128,79,16,1:21.239,46
128,117,7,1:21.327,49
128,101,15,1:21.354,45
128,83,7,1:21.422,48
128,109,8,1:21.618,46
128,57,2,1:22.444,11
128,94,3,1:23.115,3
129,94,3,1:33.706,50
129,93,1,1:33.841,46
129,75,3,1:33.945,35
129,57,2,1:33.952,41
129,110,2,1:34.404,39
129,12,14,1:34.726,53
129,120,4,1:34.802,35
129,119,8,1:34.900,43
129,106,1,1:35.044,53
129,108,4,1:35.186,51
129,70,10,1:35.325,52
129,103,14,1:35.798,41
129,101,15,1:36.232,52
129,114,16,1:36.342,51
129,83,7,1:36.608,25
129,104,15,1:36.642,48
129,87,10,1:36.654,24
129,117,7,1:37.160,9
130,12,14,1:37.810,45
130,94,3,1:38.406,33
130,117,7,1:38.633,42
130,108,4,1:38.751,33
130,104,15,1:39.198,40
130,106,1,1:39.384,33
130,75,3,1:39.388,33
130,103,14,1:39.444,37
130,120,4,1:39.739,18
130,93,1,1:39.764,19
130,110,2,1:40.112,39
130,109,8,1:40.790,34
130,70,10,1:40.815,32
130,57,2,1:40.835,34
130,101,15,1:40.937,33
130,79,16,1:40.994,16
130,119,8,1:41.000,14
130,87,10,1:41.077,45
130,83,7,1:41.276,11
130,114,16,1:41.593,11
131,120,4,1:30.634,43
131,109,8,1:30.849,55
131,75,3,1:30.855,55
131,93,1,1:30.928,55
131,108,4,1:30.980,55
131,106,1,1:31.084,56
131,57,2,1:31.233,54
131,94,3,1:31.261,48
131,103,14,1:31.588,57
131,114,16,1:31.682,55
131,12,14,1:31.727,55
131,87,10,1:31.774,33
131,110,2,1:31.921,43
131,70,10,1:31.941,56
131,117,7,1:31.991,56
131,101,15,1:32.037,51
131,104,15,1:32.055,56
131,83,7,1:32.098,55
131,79,16,1:32.122,57
131,119,8,1:33.452,15
132,110,2,1:18.589,54
132,12,14,1:19.004,62
132,75,3,1:19.686,52
132,120,4,1:19.907,25
132,106,1,1:19.935,27
132,108,4,1:19.994,54
132,93,1,1:20.220,63
132,57,2,1:20.331,43
132,94,3,1:20.366,38
132,103,14,1:20.570,58
132,114,16,1:20.936,14
132,87,10,1:21.009,58
132,117,7,1:21.016,37
132,119,8,1:21.229,55
132,109,8,1:21.274,48
132,101,15,1:21.304,37
132,104,15,1:21.371,10
132,83,7,1:21.455,11
132,79,16,1:21.569,13
132,70,10,1:21.700,3
133,57,2,1:14.165,63
133,94,3,1:14.569,58
133,117,7,1:14.718,75
133,114,16,1:14.720,77
133,93,1,1:14.726,62
133,106,1,1:15.162,71
133,110,2,1:15.228,73
133,119,8,1:15.525,62
133,104,15,1:15.625,77
133,108,4,1:15.742,64
133,120,4,1:16.281,73
133,83,7,1:16.561,17
133,103,14,1:16.710,59
133,109,8,1:17.060,77
133,79,16,1:17.172,46
133,12,14,1:17.939,68
134,57,2,1:14.856,70
134,110,2,1:14.895,70
134,108,4,1:15.558,67
134,94,3,1:15.569,70
134,120,4,1:16.247,65
134,12,14,1:16.303,70
134,87,10,1:16.499,68
134,70,10,1:16.683,67
134,103,14,1:16.762,70
134,101,15,1:17.012,70
134,104,15,1:17.013,70
134,79,16,1:17.076,68
134,83,7,1:17.250,65
134,114,16,1:17.309,70
134,117,7,1:17.325,68
134,75,3,1:18.819,51
134,93,1,1:18.957,51
134,109,8,1:19.359,51
134,106,1,1:26.012,39
134,119,8,1:26.484,19
135,108,4,1:17.115,51
135,94,3,1:17.776,54
135,75,3,1:17.785,51
135,57,2,1:17.809,46
135,120,4,1:17.874,56
135,106,1,1:17.897,52
135,110,2,1:18.290,50
135,12,14,1:18.334,50
135,93,1,1:18.539,39
135,70,10,1:18.609,49
135,117,7,1:18.771,50
135,101,15,1:18.982,54
135,104,15,1:19.045,51
135,109,8,1:19.132,45
135,103,14,1:19.318,50
135,114,16,1:19.447,56
135,79,16,1:19.450,61
135,83,7,1:19.608,13
135,87,10,1:19.805,33
135,119,8,1:20.172,38
136,12,14,1:07.694,70
136,94,3,1:07.719,68
136,108,4,1:08.016,53
136,120,4,1:08.697,56
136,110,2,1:09.164,48
136,93,1,1:09.282,56
136,57,2,1:09.562,61
136,106,1,1:09.584,55
136,104,15,1:09.609,45
136,101,15,1:09.649,45
136,75,3,1:09.694,56
136,87,10,1:10.125,45
136,103,14,1:10.143,54
136,70,10,1:10.215,51
136,114,16,1:10.318,54
136,109,8,1:10.364,41
136,119,8,1:10.406,60
136,79,16,1:10.426,49
136,83,7,1:10.449,48
136,117,7,1:10.470,54
137,93,1,1:28.293,52
137,120,4,1:28.748,51
137,94,3,1:28.952,48
137,108,4,1:29.262,43
137,57,2,1:29.438,45
137,75,3,1:29.707,50
137,12,14,1:29.710,47
137,109,8,1:29.718,52
137,106,1,1:29.748,43
137,70,10,1:29.836,43
137,103,14,1:29.897,46
137,119,8,1:29.972,42
137,87,10,1:30.093,42
137,114,16,1:30.229,43
137,79,16,1:30.735,47
137,101,15,1:30.875,46
137,117,7,1:31.014,43
137,83,7,1:31.277,44
137,110,2,1:31.298,3
138,110,2,1:20.305,55
138,119,8,1:20.561,65
138,94,3,1:20.908,51
138,75,3,1:21.096,49
138,93,1,1:21.441,53
138,101,15,1:21.610,66
138,108,4,1:21.712,50
138,120,4,1:21.716,51
138,57,2,1:22.153,54
138,106,1,1:22.182,29
138,103,14,1:22.338,48
138,79,16,1:22.640,30
138,83,7,1:22.792,52
138,12,14,1:23.063,52
138,104,15,1:23.340,31
138,70,10,1:23.461,54
138,117,7,1:23.487,38
138,114,16,1:23.533,57
138,87,10,1:23.553,50
138,109,8,1:23.930,31
139,75,3,1:44.701,44
139,108,4,1:45.563,31
139,120,4,1:45.840,32
139,94,3,1:46.128,32
139,93,1,1:46.364,44
139,57,2,1:46.653,33
139,101,15,1:46.957,43
139,106,1,1:47.013,33
139,83,7,1:47.019,37
139,110,2,1:47.113,44
139,104,15,1:47.418,30
139,79,16,1:47.435,37
139,119,8,1:47.490,43
139,87,10,1:47.848,44
139,114,16,1:47.969,44
139,109,8,1:47.996,44
139,12,14,1:48.051,42
139,103,14,1:48.105,44
139,70,10,1:48.954,44
139,117,7,1:52.099,2
140,108,4,1:13.817,72
140,57,2,1:13.878,62
140,110,2,1:13.927,57
140,93,1,1:14.117,40
140,120,4,1:14.237,36
140,109,8,1:14.434,71
140,106,1,1:14.585,62
140,75,3,1:14.587,69
140,94,3,1:14.752,30
140,12,14,1:14.758,34
140,104,15,1:14.855,54
140,87,10,1:14.954,42
140,79,16,1:15.222,52
140,103,14,1:15.255,51
140,101,15,1:15.390,50
140,119,8,1:15.539,26
140,114,16,1:15.552,16
140,70,10,1:15.657,59
140,117,7,1:15.724,67
140,83,7,1:15.822,45
141,108,4,1:21.432,53
141,57,2,1:21.512,53
141,94,3,1:21.745,43
141,120,4,1:21.943,53
141,110,2,1:22.036,49
141,103,14,1:22.232,52
141,12,14,1:22.944,46
141,75,3,1:22.971,47
141,93,1,1:23.219,53
141,106,1,1:23.226,33
141,70,10,1:23.275,44
141,87,10,1:23.437,51
141,83,7,1:23.609,52
141,123,8,1:23.728,53
141,104,15,1:23.755,51
141,109,8,1:23.918,53
141,79,16,1:24.219,52
141,101,15,1:24.343,52
141,117,7,1:25.092,17
141,114,16,1:26.198,4
142,108,4,1:45.255,42
142,110,2,1:46.628,45
142,94,3,1:46.798,42
142,93,1,1:46.866,46
142,109,8,1:46.947,43
142,75,3,1:47.013,46
142,122,10,1:47.048,47
142,12,14,1:47.057,48
142,120,4,1:47.060,47
142,106,1,1:47.067,44
142,57,2,1:47.236,48
142,123,8,1:47.274,44
142,117,7,1:47.644,43
142,70,10,1:47.691,42
142,104,15,1:48.018,47
142,103,14,1:48.148,31
142,79,16,1:48.380,39
142,83,7,1:48.418,41
142,101,15,1:48.831,35
142,114,16,1:50.887,8
143,79,16,1:34.486,60
143,108,4,1:34.925,48
143,106,1,1:35.371,46
143,120,4,1:35.745,48
143,94,3,1:35.967,59
143,114,16,1:36.393,53
143,93,1,1:36.561,15
143,109,8,1:36.888,13
143,104,15,1:36.927,46
143,110,2,1:37.047,30
143,123,8,1:37.262,35
143,57,2,1:37.393,43
143,87,10,1:37.425,52
143,117,7,1:37.461,47
143,70,10,1:37.470,35
143,75,3,1:37.477,33
143,83,7,1:37.524,46
143,12,14,1:37.741,54
143,103,14,1:37.851,36
143,101,15,1:37.964,48
144,101,15,1:37.330,53
144,123,8,1:37.611,46
144,110,2,1:37.656,42
144,108,4,1:37.679,55
144,93,1,1:37.763,42
144,106,1,1:37.834,39
144,120,4,1:37.883,42
144,121,16,1:38.091,54
144,94,3,1:38.117,42
144,87,10,1:38.210,56
144,104,15,1:38.311,55
144,70,10,1:38.404,51
144,75,3,1:38.514,45
144,109,8,1:39.084,54
144,114,16,1:39.193,54
144,103,14,1:39.214,54
144,12,14,1:39.261,52
144,117,7,1:39.272,53
144,83,7,1:40.575,53
145,106,1,1:18.336,71
145,75,3,1:19.209,70
145,121,16,1:19.502,67
145,108,4,1:19.691,68
145,120,4,1:20.064,65
145,123,8,1:20.090,50
145,93,1,1:20.137,62
145,57,2,1:20.371,31
145,87,10,1:20.637,61
145,101,15,1:20.659,70
145,110,2,1:20.731,63
145,70,10,1:20.748,69
145,94,3,1:20.872,53
145,83,7,1:21.085,57
145,104,15,1:21.274,67
145,103,14,1:21.311,55
145,117,7,1:21.553,56
145,12,14,1:22.722,7
146,94,3,1:20.472,67
146,108,4,1:21.517,67
146,120,4,1:21.532,69
146,106,1,1:21.631,60
146,104,15,1:21.645,66
146,110,2,1:21.645,66
146,101,15,1:21.771,64
146,114,16,1:21.828,69
146,57,2,1:22.041,69
146,121,16,1:22.123,67
146,75,3,1:22.143,67
146,12,14,1:22.293,59
146,122,10,1:22.494,64
146,83,7,1:22.877,67
146,117,7,1:23.058,65
146,70,10,1:23.764,21
146,93,1,1:24.201,19
146,123,8,1:24.296,21
147,108,4,1:34.876,50
147,57,2,1:35.480,41
147,106,1,1:35.674,40
147,110,2,1:35.717,46
147,93,1,1:35.875,44
147,94,3,1:36.248,43
147,117,7,1:36.324,46
147,75,3,1:36.326,42
147,101,15,1:36.511,47
147,12,14,1:36.553,39
147,87,10,1:36.557,49
147,70,10,1:36.585,48
147,120,4,1:36.598,44
147,83,7,1:36.601,46
147,123,8,1:36.867,37
147,114,16,1:36.957,48
147,121,16,1:36.980,45
147,103,14,1:37.179,43
147,109,8,1:38.008,21
147,104,15,1:38.314,13
148,108,4,1:22.384,56
148,94,3,1:22.905,55
148,120,4,1:23.218,51
148,106,1,1:23.242,53
148,110,2,1:23.355,50
148,93,1,1:23.465,52
148,12,14,1:23.667,57
148,104,15,1:23.705,56
148,57,2,1:23.865,52
148,117,7,1:23.889,57
148,87,10,1:24.259,55
148,75,3,1:25.288,31
148,83,7,1:25.533,53
148,109,8,1:25.559,47
148,70,10,1:25.767,33
148,121,16,1:26.076,46
148,114,16,1:26.144,47
148,103,14,1:30.935,6
149,87,10,1:25.637,57
149,57,2,1:27.278,44
149,108,4,1:27.438,52
149,120,4,1:27.690,51
149,93,1,1:27.765,55
149,94,3,1:27.765,56
149,12,14,1:27.948,51
149,117,7,1:27.982,56
149,106,1,1:28.018,51
149,110,2,1:28.195,56
149,103,14,1:28.604,42
149,121,16,1:28.751,52
149,124,15,1:29.121,56
149,70,10,1:29.152,17
149,114,16,1:29.200,41
149,104,15,1:29.251,30
149,123,8,1:29.411,5
149,109,8,1:29.438,46
149,83,7,1:29.482,14
150,108,4,1:22.167,43
150,121,3,1:22.970,43
150,94,3,1:23.081,43
150,120,4,1:23.242,43
150,126,17,1:24.192,43
150,114,16,1:24.194,43
150,57,1,1:24.218,43
150,109,8,1:24.597,43
150,125,2,1:24.901,43
150,104,15,1:25.020,43
150,110,2,1:25.065,43
150,70,17,1:25.243,43
150,106,1,1:25.271,43
150,103,14,1:25.538,43
150,101,10,1:26.764,42
150,122,10,1:27.603,42
150,12,14,1:28.819,32
151,108,4,1:35.454,53
151,94,3,1:35.488,56
151,120,4,1:35.520,53
151,101,10,1:35.740,56
151,110,2,1:35.816,55
151,127,16,1:35.868,35
151,114,16,1:35.871,49
151,126,17,1:35.874,28
151,121,3,1:35.985,32
151,103,14,1:36.044,39
151,125,2,1:36.046,56
151,109,8,1:36.254,52
151,122,10,1:36.363,52
151,124,15,1:36.424,52
151,93,8,1:36.779,50
151,70,17,1:37.275,35
151,12,14,1:39.256,3
151,57,1,1:35.069,41
151,106,1,1:36.157,49
151,104,15,1:36.425,49
152,125,2,1:30.965,50
152,120,4,1:31.039,53
152,94,3,1:31.041,52
152,93,8,1:31.106,36
152,108,4,1:31.116,51
152,109,8,1:31.125,52
152,127,16,1:31.317,52
152,110,2,1:31.357,51
152,57,1,1:31.406,51
152,106,1,1:31.469,47
152,12,14,1:31.770,51
152,104,15,1:31.820,52
152,114,3,1:31.871,51
152,101,10,1:31.967,48
152,122,10,1:32.006,49
152,126,17,1:32.034,45
152,121,16,1:32.043,39
152,103,14,1:32.052,53
152,70,17,1:32.572,31
152,124,15,1:32.685,47
153,120,4,1:35.140,36
153,110,2,1:35.518,36
153,108,4,1:35.728,38
153,106,1,1:36.132,36
153,94,3,1:36.167,29
153,57,1,1:36.235,37
153,104,15,1:36.531,39
153,124,15,1:36.682,31
153,125,2,1:36.690,29
153,127,16,1:36.952,30
153,93,8,1:36.954,16
153,101,10,1:37.098,30
153,109,8,1:37.141,47
153,114,3,1:37.225,45
153,122,10,1:37.303,40
153,70,17,1:37.338,30
153,121,16,1:37.380,44
153,12,14,1:37.906,38
153,126,17,1:38.006,38
153,103,14,1:38.064,38
154,108,4,1:31.778,41
154,106,1,1:32.192,49
154,120,4,1:32.228,50
154,94,3,1:32.280,49
154,125,2,1:32.396,50
154,93,8,1:32.466,50
154,57,1,1:32.600,43
154,103,14,1:32.745,44
154,110,2,1:32.893,32
154,121,16,1:32.998,43
154,12,14,1:33.009,49
154,124,15,1:33.150,49
154,122,10,1:33.238,50
154,127,16,1:33.257,39
154,70,17,1:33.446,39
154,109,8,1:33.477,47
154,101,10,1:34.309,47
154,126,17,1:34.447,39
155,108,4,1:29.746,36
155,120,4,1:29.822,35
155,110,2,1:30.318,31
155,106,1,1:30.461,35
155,94,3,1:30.466,41
155,109,8,1:30.482,55
155,57,1,1:30.562,35
155,93,8,1:30.703,35
155,125,2,1:30.795,27
155,114,3,1:30.964,55
155,127,16,1:30.971,51
155,70,17,1:31.015,43
155,101,10,1:31.122,30
155,104,15,1:31.159,35
155,12,14,1:31.287,38
155,103,14,1:31.769,51
155,121,16,1:31.770,30
155,126,17,1:32.328,21
155,122,10,1:32.680,24
156,94,3,1:17.988,58
156,57,1,1:18.265,61
156,109,8,1:18.289,63
156,108,4,1:18.311,63
156,120,4,1:18.894,56
156,106,1,1:19.048,56
156,127,16,1:19.473,60
156,122,10,1:19.521,52
156,110,2,1:19.733,55
156,93,8,1:19.836,58
156,12,14,1:19.894,61
156,114,3,1:20.039,60
156,123,15,1:20.345,57
156,104,15,1:20.398,58
156,70,17,1:20.401,62
156,121,16,1:20.473,60
156,103,14,1:20.501,58
156,125,2,1:20.620,33
156,126,17,1:20.630,57
156,101,10,1:21.413,3
157,108,4,1:13.221,78
157,110,2,1:13.405,76
157,125,2,1:13.518,77
157,120,4,1:13.745,60
157,93,8,1:13.988,70
157,106,1,1:14.055,36
157,57,1,1:14.090,73
157,94,3,1:14.230,45
157,109,8,1:14.597,76
157,122,10,1:14.855,6
157,103,14,1:14.877,69
157,126,17,1:14.884,38
157,114,3,1:14.913,77
157,101,10,1:15.157,34
157,70,17,1:15.223,49
157,123,15,1:15.298,31
157,121,16,1:15.321,55
157,12,14,1:15.593,15
157,127,16,1:15.981,16
157,104,15,1:18.054,6
158,120,4,1:15.743,61
158,108,4,1:16.187,61
158,94,3,1:17.019,62
158,110,2,1:17.244,62
158,106,1,1:17.259,62
158,70,17,1:17.575,63
158,57,1,1:17.706,62
158,127,16,1:17.770,63
158,104,15,1:17.896,63
158,114,3,1:17.998,47
158,12,14,1:18.128,66
158,125,2,1:18.255,52
158,126,17,1:18.297,52
158,123,15,1:18.353,42
158,101,10,1:18.624,47
158,122,10,1:18.907,63
158,93,8,1:19.317,65
158,121,16,1:19.424,62
158,109,8,1:20.508,9
159,110,2,1:14.119,63
159,108,4,1:14.229,65
159,120,4,1:14.255,64
159,106,1,1:14.261,57
159,94,3,1:14.287,62
159,93,8,1:14.389,60
159,125,2,1:14.455,60
159,101,10,1:14.593,62
159,57,1,1:14.805,64
159,103,14,1:14.902,58
159,104,15,1:14.993,64
159,12,14,1:15.024,58
159,114,3,1:15.358,60
159,70,17,1:15.372,65
159,122,10,1:15.397,63
159,126,17,1:15.414,57
159,123,15,1:16.076,53
159,109,8,1:16.197,31
159,127,16,1:16.292,51
159,121,16,1:16.320,53
160,120,4,1:07.924,59
160,108,4,1:08.272,61
160,57,1,1:08.628,53
160,106,1,1:08.765,56
160,103,14,1:09.214,56
160,126,17,1:09.247,60
160,110,2,1:09.372,47
160,70,17,1:09.459,57
160,101,10,1:09.550,55
160,123,15,1:09.621,45
160,114,3,1:09.802,63
160,12,14,1:09.935,39
160,122,10,1:09.960,43
160,121,16,1:09.977,58
160,104,15,1:10.151,47
160,127,16,1:10.204,40
160,109,8,1:10.641,9
161,120,4,1:29.337,51
161,108,4,1:29.734,48
161,57,1,1:30.016,49
161,109,8,1:30.047,50
161,94,3,1:30.179,49
161,12,14,1:30.353,49
161,93,8,1:30.645,52
161,104,15,1:30.751,48
161,101,10,1:30.818,52
161,106,1,1:30.819,50
161,110,2,1:30.869,51
161,114,3,1:30.873,50
161,122,10,1:30.921,50
161,70,17,1:30.933,51
161,103,14,1:32.088,50
161,127,16,1:41.705,9
161,125,2,1:45.576,8
161,126,17,2:16.121,3
162,125,2,1:44.861,32
162,70,17,1:45.068,39
162,108,4,1:45.257,42
162,120,4,1:45.706,43
162,12,14,1:45.849,32
162,93,8,1:46.073,30
162,94,3,1:46.096,40
162,123,15,1:46.104,30
162,106,1,1:46.174,40
162,57,1,1:46.534,43
162,110,2,1:46.566,43
162,121,16,1:46.649,38
162,122,10,1:46.709,43
162,101,10,1:46.744,44
162,109,8,1:46.813,38
162,126,17,1:46.966,41
162,104,15,1:47.177,42
162,103,14,1:47.212,38
162,114,3,1:47.241,42
162,127,16,1:47.667,44
163,110,2,1:19.409,45
163,120,4,1:19.412,56
163,94,3,1:19.576,50
163,93,8,1:19.790,54
163,108,4,1:19.918,57
163,70,17,1:20.013,68
163,57,1,1:20.022,55
163,12,14,1:20.113,54
163,106,1,1:20.440,47
163,121,16,1:20.457,56
163,126,17,1:20.705,48
163,103,14,1:20.708,55
163,125,2,1:20.745,54
163,109,8,1:20.779,50
163,127,16,1:20.802,48
163,123,15,1:20.827,38
163,114,3,1:21.180,47
163,104,15,1:21.433,46
163,101,10,1:21.916,17
163,122,10,1:21.989,37
164,120,4,1:12.271,60
164,108,4,1:12.379,59
164,94,3,1:12.921,70
164,123,15,1:13.049,72
164,127,16,1:13.327,70
164,125,2,1:13.480,70
164,109,8,1:13.687,70
164,12,14,1:13.719,42
164,110,2,1:13.728,70
164,93,8,1:13.808,58
164,103,14,1:13.822,70
164,121,16,1:13.879,60
164,122,10,1:13.950,70
164,101,10,1:13.986,71
164,126,17,1:14.307,63
164,114,3,1:14.354,71
164,106,1,1:14.557,33
164,70,17,1:14.912,61
164,104,15,1:15.248,59
164,57,1,1:15.684,6
165,108,4,1:20.901,53
165,94,3,1:21.003,52
165,120,4,1:21.245,47
165,106,1,1:21.294,53
165,109,8,1:21.368,53
165,57,1,1:21.546,50
165,93,8,1:21.740,47
165,110,2,1:21.800,45
165,122,10,1:21.820,53
165,125,2,1:21.968,53
165,127,16,1:22.133,46
165,126,17,1:22.139,51
165,103,14,1:22.164,52
165,104,15,1:22.185,53
165,123,15,1:22.239,48
165,114,3,1:22.712,52
165,121,16,1:22.777,49
165,101,10,1:22.892,48
165,12,14,1:23.757,23
166,94,3,1:43.388,50
166,110,2,1:43.754,42
166,127,16,1:43.884,50
166,93,8,1:43.972,47
166,57,1,1:43.977,40
166,125,2,1:44.091,47
166,109,8,1:44.152,51
166,108,4,1:44.155,42
166,106,1,1:44.274,50
166,122,10,1:44.288,31
166,70,17,1:44.370,47
166,114,3,1:44.434,41
166,121,16,1:44.531,49
166,126,17,1:44.930,45
166,12,14,1:45.002,50
166,103,14,1:45.083,50
166,101,10,1:45.388,50
166,104,15,1:45.492,37
166,123,15,1:46.055,40
167,57,1,1:33.808,48
167,104,15,1:34.573,54
167,93,8,1:34.963,62
167,125,2,1:35.303,27
167,70,17,1:35.404,48
167,120,4,1:35.408,31
167,108,4,1:35.555,36
167,121,16,1:35.641,62
167,109,8,1:35.648,61
167,94,3,1:35.649,30
167,110,2,1:35.676,27
167,103,14,1:35.851,61
167,12,14,1:35.862,52
167,106,1,1:35.983,41
167,122,10,1:36.201,56
167,101,10,1:36.646,32
167,114,3,1:36.831,45
167,127,16,1:36.938,55
167,126,17,1:37.126,16
167,123,15,1:37.182,17
