date,driver_id,team_id,stop_number,stop_lap,pits_time
18 - 20 MAR 2016,87,13,1,1,27.831
18 - 20 MAR 2016,93,16,1,8,22.414
18 - 20 MAR 2016,92,3,1,10,22.701
18 - 20 MAR 2016,30,11,1,11,21.550
18 - 20 MAR 2016,98,29,1,11,26.206
18 - 20 MAR 2016,89,3,1,11,22.357
18 - 20 MAR 2016,51,22,1,12,21.531
18 - 20 MAR 2016,79,14,1,12,22.245
18 - 20 MAR 2016,12,2,1,12,21.796
18 - 20 MAR 2016,97,13,1,12,23.286
18 - 20 MAR 2016,99,29,1,12,23.224
18 - 20 MAR 2016,60,1,1,13,21.339
18 - 20 MAR 2016,94,16,1,13,22.303
18 - 20 MAR 2016,14,2,1,15,22.616
18 - 20 MAR 2016,6,1,1,16,22.508
18 - 20 MAR 2016,57,22,1,16,21.940
18 - 20 MAR 2016,70,20,1,16,22.167
18 - 20 MAR 2016,75,20,1,16,24.719
18 - 20 MAR 2016,83,11,1,17,21.376
18 - 20 MAR 2016,87,13,2,16,22.079
18 - 20 MAR 2016,60,1,2,18,18:09.312
18 - 20 MAR 2016,51,22,2,18,18:09.303
18 - 20 MAR 2016,6,1,2,18,18:09.365
18 - 20 MAR 2016,79,14,2,18,18:09.822
18 - 20 MAR 2016,94,16,2,18,18:09.372
18 - 20 MAR 2016,93,16,2,18,18:09.971
18 - 20 MAR 2016,57,22,2,18,18:10.087
18 - 20 MAR 2016,30,11,2,18,18:09.805
18 - 20 MAR 2016,67,28,1,18,18:09.417
18 - 20 MAR 2016,70,20,2,18,18:09.155
18 - 20 MAR 2016,83,11,2,18,18:08.989
18 - 20 MAR 2016,97,13,2,18,18:08.294
18 - 20 MAR 2016,75,20,2,18,18:07.311
18 - 20 MAR 2016,89,3,2,18,18:06.875
18 - 20 MAR 2016,14,2,2,18,18:04.466
18 - 20 MAR 2016,92,3,2,18,18:02.337
18 - 20 MAR 2016,98,29,2,18,18:02.140
18 - 20 MAR 2016,87,13,3,17,15:46.318
18 - 20 MAR 2016,89,3,3,27,16.936
18 - 20 MAR 2016,14,2,3,30,21.837
18 - 20 MAR 2016,93,16,3,31,22.392
18 - 20 MAR 2016,94,16,3,32,29.066
18 - 20 MAR 2016,98,29,3,32,23.895
18 - 20 MAR 2016,60,1,3,35,24.548
18 - 20 MAR 2016,79,14,3,42,21.981
01 - 03 APR 2016,70,20,1,1,31.931
01 - 03 APR 2016,75,20,1,2,30.326
01 - 03 APR 2016,93,16,1,2,28.401
01 - 03 APR 2016,79,14,1,6,24.541
01 - 03 APR 2016,30,11,1,7,24.093
01 - 03 APR 2016,83,11,1,8,24.944
01 - 03 APR 2016,82,28,1,8,32.793
01 - 03 APR 2016,100,2,1,9,24.604
01 - 03 APR 2016,83,11,2,9,19.369
01 - 03 APR 2016,94,16,1,10,25.810
01 - 03 APR 2016,92,3,1,10,26.246
01 - 03 APR 2016,67,28,1,11,25.739
01 - 03 APR 2016,98,29,1,11,26.236
01 - 03 APR 2016,6,1,1,12,24.720
01 - 03 APR 2016,87,13,1,12,26.876
01 - 03 APR 2016,99,29,1,12,26.382
01 - 03 APR 2016,51,22,1,13,24.934
01 - 03 APR 2016,57,22,1,13,24.512
01 - 03 APR 2016,89,3,1,13,24.775
01 - 03 APR 2016,75,20,2,14,25.068
01 - 03 APR 2016,88,14,1,16,24.419
01 - 03 APR 2016,70,20,2,16,24.930
01 - 03 APR 2016,93,16,2,20,34.978
01 - 03 APR 2016,79,14,2,24,26.631
01 - 03 APR 2016,87,13,2,24,24.383
01 - 03 APR 2016,100,2,2,25,24.682
01 - 03 APR 2016,94,16,2,26,25.594
01 - 03 APR 2016,67,28,2,27,26.151
01 - 03 APR 2016,57,22,2,28,25.030
01 - 03 APR 2016,6,1,2,29,25.222
01 - 03 APR 2016,30,11,2,29,24.236
01 - 03 APR 2016,89,3,2,29,25.363
01 - 03 APR 2016,98,29,2,29,25.547
01 - 03 APR 2016,51,22,2,30,27.226
01 - 03 APR 2016,92,3,2,30,25.491
01 - 03 APR 2016,99,29,2,31,28.120
01 - 03 APR 2016,88,14,2,34,24.661
01 - 03 APR 2016,83,11,3,34,26.110
01 - 03 APR 2016,70,20,3,35,24.734
01 - 03 APR 2016,6,1,3,37,25.257
01 - 03 APR 2016,75,20,3,37,24.517
01 - 03 APR 2016,87,13,3,38,24.341
01 - 03 APR 2016,51,22,3,39,25.761
01 - 03 APR 2016,67,28,3,40,30.063
01 - 03 APR 2016,57,22,3,41,24.524
01 - 03 APR 2016,100,2,3,41,25.316
01 - 03 APR 2016,98,29,3,41,25.419
01 - 03 APR 2016,79,14,3,42,24.879
01 - 03 APR 2016,88,14,3,44,24.224
01 - 03 APR 2016,99,29,3,44,25.517
01 - 03 APR 2016,94,16,3,46,25.129
01 - 03 APR 2016,92,3,3,47,25.660
01 - 03 APR 2016,70,20,4,51,26.595
15 - 17 APR 2016,67,28,1,1,58.563
15 - 17 APR 2016,6,1,1,1,31.134
15 - 17 APR 2016,57,22,1,1,29.322
15 - 17 APR 2016,92,3,1,1,36.854
15 - 17 APR 2016,79,14,1,3,24.392
15 - 17 APR 2016,88,14,1,4,24.084
15 - 17 APR 2016,75,20,1,4,23.215
15 - 17 APR 2016,70,20,1,4,27.683
15 - 17 APR 2016,60,1,1,4,30.115
15 - 17 APR 2016,14,2,1,4,24.072
15 - 17 APR 2016,93,16,1,4,25.754
15 - 17 APR 2016,83,11,1,4,22.682
15 - 17 APR 2016,94,16,1,4,30.034
15 - 17 APR 2016,89,3,1,4,23.955
15 - 17 APR 2016,87,13,1,4,23.158
15 - 17 APR 2016,57,22,2,5,25.179
15 - 17 APR 2016,57,22,3,6,22.301
15 - 17 APR 2016,6,1,2,14,23.296
15 - 17 APR 2016,98,29,1,15,26.969
15 - 17 APR 2016,97,13,1,15,22.799
15 - 17 APR 2016,12,2,1,16,22.874
15 - 17 APR 2016,60,1,2,17,22.276
15 - 17 APR 2016,70,20,2,17,23.867
15 - 17 APR 2016,75,20,2,18,22.485
15 - 17 APR 2016,99,29,1,18,23.183
15 - 17 APR 2016,88,14,2,19,22.607
15 - 17 APR 2016,30,11,1,19,22.124
15 - 17 APR 2016,93,16,2,19,22.832
15 - 17 APR 2016,79,14,2,19,22.461
15 - 17 APR 2016,82,28,1,19,23.878
15 - 17 APR 2016,51,22,1,20,22.831
15 - 17 APR 2016,94,16,2,20,23.744
15 - 17 APR 2016,87,13,2,20,23.257
15 - 17 APR 2016,67,28,2,20,24.615
15 - 17 APR 2016,92,3,2,20,23.735
15 - 17 APR 2016,83,11,2,21,22.630
15 - 17 APR 2016,57,22,4,21,22.626
15 - 17 APR 2016,97,13,2,24,23.280
15 - 17 APR 2016,70,20,3,26,29.570
15 - 17 APR 2016,14,2,2,27,23.029
15 - 17 APR 2016,98,29,2,27,24.104
15 - 17 APR 2016,75,20,3,28,22.351
15 - 17 APR 2016,89,3,2,28,23.563
15 - 17 APR 2016,99,29,2,28,24.635
15 - 17 APR 2016,83,11,3,30,22.747
15 - 17 APR 2016,57,22,5,30,22.698
15 - 17 APR 2016,30,11,2,31,23.349
15 - 17 APR 2016,12,2,2,32,22.927
15 - 17 APR 2016,93,16,3,33,24.269
15 - 17 APR 2016,67,28,3,33,23.342
15 - 17 APR 2016,82,28,2,34,22.963
15 - 17 APR 2016,88,14,3,35,22.684
15 - 17 APR 2016,60,1,3,35,22.350
15 - 17 APR 2016,87,13,3,35,22.677
15 - 17 APR 2016,51,22,2,36,23.559
15 - 17 APR 2016,79,14,3,37,22.426
15 - 17 APR 2016,6,1,3,37,22.832
15 - 17 APR 2016,97,13,3,38,24.099
15 - 17 APR 2016,94,16,3,39,23.130
15 - 17 APR 2016,92,3,3,40,25.357
15 - 17 APR 2016,99,29,3,40,24.369
15 - 17 APR 2016,82,28,3,43,23.070
15 - 17 APR 2016,98,29,3,43,24.274
15 - 17 APR 2016,14,2,3,44,22.510
15 - 17 APR 2016,67,28,4,44,23.284
15 - 17 APR 2016,70,20,4,46,22.790
29 APR - 01 MAY 2016,88,14,1,1,41.282
29 APR - 01 MAY 2016,79,14,1,1,47.763
29 APR - 01 MAY 2016,89,3,1,1,30.529
29 APR - 01 MAY 2016,75,20,1,1,32.800
29 APR - 01 MAY 2016,82,28,1,1,40.169
29 APR - 01 MAY 2016,88,14,2,8,38.906
29 APR - 01 MAY 2016,82,28,2,9,25.037
29 APR - 01 MAY 2016,93,16,1,11,30.805
29 APR - 01 MAY 2016,92,3,1,12,30.259
29 APR - 01 MAY 2016,98,29,1,13,31.433
29 APR - 01 MAY 2016,97,13,1,14,30.805
29 APR - 01 MAY 2016,83,11,1,16,29.841
29 APR - 01 MAY 2016,87,13,1,16,30.585
29 APR - 01 MAY 2016,57,22,1,17,30.001
29 APR - 01 MAY 2016,67,28,1,17,31.420
29 APR - 01 MAY 2016,30,11,1,18,29.551
29 APR - 01 MAY 2016,6,1,1,20,30.498
29 APR - 01 MAY 2016,14,2,1,20,30.580
29 APR - 01 MAY 2016,51,22,1,21,29.709
29 APR - 01 MAY 2016,12,2,1,21,29.751
29 APR - 01 MAY 2016,94,16,1,22,30.553
29 APR - 01 MAY 2016,75,20,2,27,30.400
29 APR - 01 MAY 2016,89,3,2,28,30.433
29 APR - 01 MAY 2016,79,14,2,29,31.205
29 APR - 01 MAY 2016,98,29,2,39,57.151
29 APR - 01 MAY 2016,30,11,2,46,30.065
13 - 15 MAY 2016,30,11,1,8,21.384
13 - 15 MAY 2016,75,20,1,9,22.679
13 - 15 MAY 2016,88,16,1,9,23.277
13 - 15 MAY 2016,89,3,1,9,22.840
13 - 15 MAY 2016,93,16,1,10,22.874
13 - 15 MAY 2016,14,2,1,10,22.280
13 - 15 MAY 2016,70,20,1,10,22.176
13 - 15 MAY 2016,87,13,1,10,22.843
13 - 15 MAY 2016,79,14,1,11,21.738
13 - 15 MAY 2016,12,2,1,11,21.795
13 - 15 MAY 2016,97,13,1,11,23.283
13 - 15 MAY 2016,98,29,1,11,24.554
13 - 15 MAY 2016,94,14,1,12,22.369
13 - 15 MAY 2016,6,1,1,12,22.107
13 - 15 MAY 2016,83,11,1,12,21.856
13 - 15 MAY 2016,92,3,1,12,22.976
13 - 15 MAY 2016,60,1,1,15,21.643
13 - 15 MAY 2016,67,28,1,15,23.187
13 - 15 MAY 2016,82,28,1,16,23.206
13 - 15 MAY 2016,99,29,1,22,28.753
13 - 15 MAY 2016,89,3,2,24,23.122
13 - 15 MAY 2016,30,11,2,25,22.568
13 - 15 MAY 2016,88,16,2,25,22.234
13 - 15 MAY 2016,79,14,2,28,22.104
13 - 15 MAY 2016,60,1,2,29,22.617
13 - 15 MAY 2016,67,28,2,29,22.844
13 - 15 MAY 2016,82,28,2,30,22.430
13 - 15 MAY 2016,87,13,2,30,23.165
13 - 15 MAY 2016,97,13,2,33,22.397
13 - 15 MAY 2016,98,29,2,33,24.387
13 - 15 MAY 2016,94,14,2,34,22.348
13 - 15 MAY 2016,6,1,2,35,22.169
13 - 15 MAY 2016,75,20,2,35,21.918
13 - 15 MAY 2016,14,2,2,36,22.590
13 - 15 MAY 2016,92,3,2,36,23.090
13 - 15 MAY 2016,60,1,3,37,21.603
13 - 15 MAY 2016,67,28,3,37,34.832
13 - 15 MAY 2016,93,16,2,38,22.937
13 - 15 MAY 2016,83,11,2,39,22.443
13 - 15 MAY 2016,12,2,2,39,22.987
13 - 15 MAY 2016,89,3,3,40,22.897
13 - 15 MAY 2016,30,11,3,41,21.831
13 - 15 MAY 2016,79,14,3,43,21.683
13 - 15 MAY 2016,99,29,2,48,26.186
13 - 15 MAY 2016,88,16,3,51,22.769
13 - 15 MAY 2016,87,13,3,55,22.122
13 - 15 MAY 2016,79,14,4,65,23.133
26 - 29 MAY 2016,88,16,1,1,1:32.609
26 - 29 MAY 2016,88,16,2,2,19.918
26 - 29 MAY 2016,87,13,1,7,25.583
26 - 29 MAY 2016,14,2,1,8,25.766
26 - 29 MAY 2016,92,3,1,8,28.242
26 - 29 MAY 2016,88,16,3,7,27.698
26 - 29 MAY 2016,89,3,1,11,27.176
26 - 29 MAY 2016,99,29,1,11,29.117
26 - 29 MAY 2016,94,14,1,12,25.604
26 - 29 MAY 2016,60,1,1,13,25.114
26 - 29 MAY 2016,12,2,1,14,25.512
26 - 29 MAY 2016,70,20,1,15,25.215
26 - 29 MAY 2016,83,11,1,15,27.364
26 - 29 MAY 2016,67,28,1,15,33.490
26 - 29 MAY 2016,82,28,1,16,26.044
26 - 29 MAY 2016,51,22,1,20,26.698
26 - 29 MAY 2016,30,11,1,20,24.934
26 - 29 MAY 2016,93,16,1,21,27.738
26 - 29 MAY 2016,75,20,1,21,25.714
26 - 29 MAY 2016,87,13,2,21,38.811
26 - 29 MAY 2016,79,14,1,23,25.054
26 - 29 MAY 2016,89,3,2,29,26.435
26 - 29 MAY 2016,75,20,2,30,25.608
26 - 29 MAY 2016,14,2,2,30,25.450
26 - 29 MAY 2016,87,13,3,29,25.879
26 - 29 MAY 2016,83,11,2,30,25.478
26 - 29 MAY 2016,67,28,2,30,25.111
26 - 29 MAY 2016,57,22,1,31,26.315
26 - 29 MAY 2016,51,22,2,31,27.680
26 - 29 MAY 2016,60,1,2,31,25.561
26 - 29 MAY 2016,70,20,2,31,27.064
26 - 29 MAY 2016,93,16,2,31,28.112
26 - 29 MAY 2016,94,14,2,31,25.459
26 - 29 MAY 2016,98,29,1,31,26.517
26 - 29 MAY 2016,79,14,2,32,35.327
26 - 29 MAY 2016,12,2,2,32,26.836
26 - 29 MAY 2016,82,28,2,32,27.407
26 - 29 MAY 2016,30,11,2,32,25.182
26 - 29 MAY 2016,92,3,2,32,27.166
26 - 29 MAY 2016,87,13,4,32,31.241
26 - 29 MAY 2016,99,29,2,34,27.380
26 - 29 MAY 2016,99,29,3,47,26.292
26 - 29 MAY 2016,92,3,3,48,45.700
26 - 29 MAY 2016,83,11,3,49,24.673
26 - 29 MAY 2016,89,3,3,49,33.342
10 - 12 JUN 2016,92,3,1,9,23.987
10 - 12 JUN 2016,60,1,1,11,22.597
10 - 12 JUN 2016,6,1,1,11,22.820
10 - 12 JUN 2016,98,29,1,11,24.784
10 - 12 JUN 2016,93,16,1,13,23.517
10 - 12 JUN 2016,82,28,1,13,23.412
10 - 12 JUN 2016,89,3,1,14,22.957
10 - 12 JUN 2016,99,29,1,15,29.732
10 - 12 JUN 2016,12,2,1,17,27.952
10 - 12 JUN 2016,67,28,1,17,23.680
10 - 12 JUN 2016,88,16,1,17,23.000
10 - 12 JUN 2016,94,14,1,20,23.586
10 - 12 JUN 2016,79,14,1,21,22.872
10 - 12 JUN 2016,51,22,1,21,22.466
10 - 12 JUN 2016,70,20,1,21,22.876
10 - 12 JUN 2016,30,11,1,22,22.925
10 - 12 JUN 2016,83,11,1,23,22.184
10 - 12 JUN 2016,57,22,1,24,22.243
10 - 12 JUN 2016,75,20,1,30,22.556
10 - 12 JUN 2016,6,1,2,33,23.263
10 - 12 JUN 2016,92,3,2,35,23.608
10 - 12 JUN 2016,60,1,2,37,22.361
10 - 12 JUN 2016,79,14,2,38,24.018
10 - 12 JUN 2016,98,29,2,38,24.516
10 - 12 JUN 2016,67,28,2,39,23.055
10 - 12 JUN 2016,89,3,2,39,23.299
10 - 12 JUN 2016,87,13,1,39,23.162
10 - 12 JUN 2016,82,28,2,41,23.928
10 - 12 JUN 2016,88,16,2,44,22.627
10 - 12 JUN 2016,99,29,2,44,25.069
10 - 12 JUN 2016,94,14,2,46,22.909
10 - 12 JUN 2016,75,20,2,46,24.757
10 - 12 JUN 2016,67,28,3,46,32.114
10 - 12 JUN 2016,93,16,2,48,24.445
10 - 12 JUN 2016,51,22,2,51,22.728
10 - 12 JUN 2016,70,20,2,51,23.111
17 - 19 JUN 2016,99,29,1,1,33.405
17 - 19 JUN 2016,93,16,1,4,22.028
17 - 19 JUN 2016,94,14,1,5,20.069
17 - 19 JUN 2016,12,2,1,5,20.282
17 - 19 JUN 2016,88,16,1,5,24.802
17 - 19 JUN 2016,79,14,1,6,19.840
17 - 19 JUN 2016,14,2,1,6,20.185
17 - 19 JUN 2016,87,13,1,6,20.772
17 - 19 JUN 2016,30,11,1,7,19.445
17 - 19 JUN 2016,92,3,1,7,20.670
17 - 19 JUN 2016,6,1,1,8,20.593
17 - 19 JUN 2016,82,28,1,8,29.227
17 - 19 JUN 2016,67,28,1,10,21.132
17 - 19 JUN 2016,97,13,1,11,20.965
17 - 19 JUN 2016,57,22,1,15,20.108
17 - 19 JUN 2016,75,20,1,16,20.614
17 - 19 JUN 2016,89,3,1,16,21.083
17 - 19 JUN 2016,83,11,1,19,19.732
17 - 19 JUN 2016,60,1,1,20,20.422
17 - 19 JUN 2016,70,20,1,20,20.347
17 - 19 JUN 2016,94,14,2,20,22.497
17 - 19 JUN 2016,51,22,1,21,20.058
17 - 19 JUN 2016,79,14,2,22,20.155
17 - 19 JUN 2016,12,2,2,24,20.654
17 - 19 JUN 2016,92,3,2,24,20.713
17 - 19 JUN 2016,14,2,2,25,20.640
17 - 19 JUN 2016,89,3,2,25,20.559
17 - 19 JUN 2016,67,28,2,26,23.588
17 - 19 JUN 2016,93,16,2,27,21.030
17 - 19 JUN 2016,30,11,2,28,19.858
17 - 19 JUN 2016,98,29,1,29,26.187
17 - 19 JUN 2016,82,28,2,29,21.533
17 - 19 JUN 2016,97,13,2,31,20.561
01 - 03 JUL 2016,70,20,1,8,22.601
01 - 03 JUL 2016,12,2,1,8,21.924
01 - 03 JUL 2016,14,2,1,9,22.859
01 - 03 JUL 2016,83,11,1,9,21.047
01 - 03 JUL 2016,93,16,1,9,22.605
01 - 03 JUL 2016,75,20,1,9,21.883
01 - 03 JUL 2016,51,22,1,10,21.890
01 - 03 JUL 2016,87,13,1,11,22.033
01 - 03 JUL 2016,97,13,1,12,21.745
01 - 03 JUL 2016,30,11,1,12,21.097
01 - 03 JUL 2016,89,3,1,12,22.980
01 - 03 JUL 2016,98,29,1,13,22.613
01 - 03 JUL 2016,79,14,1,14,21.183
01 - 03 JUL 2016,94,14,1,15,21.945
01 - 03 JUL 2016,57,22,1,21,22.918
01 - 03 JUL 2016,82,28,1,21,22.053
01 - 03 JUL 2016,6,1,1,22,21.916
01 - 03 JUL 2016,98,29,2,23,23.738
01 - 03 JUL 2016,70,20,2,24,21.580
01 - 03 JUL 2016,14,2,2,26,22.035
01 - 03 JUL 2016,67,28,1,26,22.662
01 - 03 JUL 2016,12,2,2,26,22.879
01 - 03 JUL 2016,75,20,2,26,21.412
01 - 03 JUL 2016,99,29,1,27,23.326
01 - 03 JUL 2016,51,22,2,28,17.959
01 - 03 JUL 2016,98,29,3,27,18.064
01 - 03 JUL 2016,57,22,2,28,16.983
01 - 03 JUL 2016,94,14,2,28,17.165
01 - 03 JUL 2016,79,14,2,28,19.408
01 - 03 JUL 2016,6,1,2,28,21.206
01 - 03 JUL 2016,83,11,2,28,20.876
01 - 03 JUL 2016,92,3,1,28,20.929
01 - 03 JUL 2016,93,16,2,28,33.462
01 - 03 JUL 2016,14,2,3,28,18.307
01 - 03 JUL 2016,67,28,2,28,18.860
01 - 03 JUL 2016,87,13,2,28,17.721
01 - 03 JUL 2016,30,11,2,28,17.388
01 - 03 JUL 2016,97,13,2,28,16.851
01 - 03 JUL 2016,12,2,3,28,16.764
01 - 03 JUL 2016,75,20,3,28,16.544
01 - 03 JUL 2016,89,3,2,28,16.419
01 - 03 JUL 2016,70,20,3,28,16.227
01 - 03 JUL 2016,82,28,2,28,16.475
01 - 03 JUL 2016,99,29,2,28,16.218
01 - 03 JUL 2016,51,22,3,29,18.220
01 - 03 JUL 2016,98,29,4,28,18.342
01 - 03 JUL 2016,57,22,3,29,18.716
01 - 03 JUL 2016,94,14,3,29,18.455
01 - 03 JUL 2016,79,14,3,29,18.347
01 - 03 JUL 2016,6,1,3,29,18.455
01 - 03 JUL 2016,83,11,3,29,17.800
01 - 03 JUL 2016,92,3,2,29,17.739
01 - 03 JUL 2016,14,2,4,29,18.964
01 - 03 JUL 2016,67,28,3,29,19.554
01 - 03 JUL 2016,87,13,3,29,19.611
01 - 03 JUL 2016,30,11,3,29,19.015
01 - 03 JUL 2016,97,13,3,29,18.382
01 - 03 JUL 2016,12,2,4,29,18.194
01 - 03 JUL 2016,75,20,4,29,17.970
01 - 03 JUL 2016,89,3,3,29,19.041
01 - 03 JUL 2016,70,20,4,29,19.028
01 - 03 JUL 2016,93,16,3,29,18.636
01 - 03 JUL 2016,82,28,3,29,18.308
01 - 03 JUL 2016,99,29,3,29,17.828
01 - 03 JUL 2016,82,28,4,41,21.921
01 - 03 JUL 2016,92,3,3,43,22.707
01 - 03 JUL 2016,87,13,4,49,27.119
01 - 03 JUL 2016,70,20,5,50,27.834
01 - 03 JUL 2016,97,13,4,50,22.728
01 - 03 JUL 2016,89,3,4,50,24.326
01 - 03 JUL 2016,99,29,4,50,25.234
01 - 03 JUL 2016,83,11,4,51,21.639
01 - 03 JUL 2016,57,22,4,54,22.109
01 - 03 JUL 2016,51,22,4,55,21.035
01 - 03 JUL 2016,30,11,4,56,21.231
01 - 03 JUL 2016,79,14,4,60,22.284
08 - 10 JUL 2016,6,1,1,5,29.578
08 - 10 JUL 2016,83,11,1,5,29.808
08 - 10 JUL 2016,70,20,1,5,30.747
08 - 10 JUL 2016,93,16,1,5,30.786
08 - 10 JUL 2016,12,2,1,5,32.374
08 - 10 JUL 2016,60,1,1,5,31.381
08 - 10 JUL 2016,67,28,1,5,31.632
08 - 10 JUL 2016,82,28,1,5,41.508
08 - 10 JUL 2016,87,13,1,5,30.804
08 - 10 JUL 2016,98,29,1,5,31.812
08 - 10 JUL 2016,79,14,1,6,30.198
08 - 10 JUL 2016,30,11,1,6,29.243
08 - 10 JUL 2016,88,16,1,6,30.315
08 - 10 JUL 2016,14,2,1,6,30.093
08 - 10 JUL 2016,97,13,1,6,29.784
08 - 10 JUL 2016,99,29,1,6,29.998
08 - 10 JUL 2016,57,22,1,7,30.343
08 - 10 JUL 2016,51,22,1,7,29.395
08 - 10 JUL 2016,94,14,1,7,31.995
08 - 10 JUL 2016,75,20,1,7,29.475
08 - 10 JUL 2016,92,3,1,7,30.981
08 - 10 JUL 2016,89,3,1,7,35.393
08 - 10 JUL 2016,89,3,2,10,1:44.980
08 - 10 JUL 2016,60,1,2,15,29.163
08 - 10 JUL 2016,6,1,2,16,30.462
08 - 10 JUL 2016,30,11,2,16,29.403
08 - 10 JUL 2016,88,16,2,16,30.327
08 - 10 JUL 2016,83,11,2,16,29.282
08 - 10 JUL 2016,92,3,2,16,30.143
08 - 10 JUL 2016,67,28,2,16,30.882
08 - 10 JUL 2016,97,13,2,16,55.697
08 - 10 JUL 2016,57,22,2,17,28.728
08 - 10 JUL 2016,51,22,2,17,29.715
08 - 10 JUL 2016,75,20,2,17,28.915
08 - 10 JUL 2016,79,14,2,17,29.813
08 - 10 JUL 2016,93,16,2,17,29.895
08 - 10 JUL 2016,70,20,2,17,29.867
08 - 10 JUL 2016,12,2,2,17,28.799
08 - 10 JUL 2016,14,2,2,17,29.588
08 - 10 JUL 2016,87,13,2,17,29.201
08 - 10 JUL 2016,82,28,2,17,29.884
08 - 10 JUL 2016,99,29,2,17,30.135
08 - 10 JUL 2016,94,14,2,18,29.429
08 - 10 JUL 2016,97,13,3,19,41.486
08 - 10 JUL 2016,30,11,3,38,29.346
08 - 10 JUL 2016,12,2,3,39,28.936
08 - 10 JUL 2016,87,13,3,40,28.450
22 - 24 JUL 2016,14,2,1,7,22.229
22 - 24 JUL 2016,98,29,1,9,23.486
22 - 24 JUL 2016,14,2,2,10,16.486
22 - 24 JUL 2016,92,3,1,11,22.778
22 - 24 JUL 2016,60,1,1,14,21.640
22 - 24 JUL 2016,67,28,1,14,22.427
22 - 24 JUL 2016,70,20,1,14,22.014
22 - 24 JUL 2016,79,14,1,15,22.241
22 - 24 JUL 2016,12,2,1,15,22.099
22 - 24 JUL 2016,82,28,1,15,22.828
22 - 24 JUL 2016,57,22,1,16,21.441
22 - 24 JUL 2016,94,14,1,16,22.389
22 - 24 JUL 2016,93,16,1,16,22.960
22 - 24 JUL 2016,83,11,1,16,21.704
22 - 24 JUL 2016,51,22,1,17,21.233
22 - 24 JUL 2016,89,3,1,17,23.873
22 - 24 JUL 2016,87,13,1,24,21.990
22 - 24 JUL 2016,88,16,1,24,22.105
22 - 24 JUL 2016,30,11,1,25,21.793
22 - 24 JUL 2016,97,13,1,26,21.892
22 - 24 JUL 2016,75,20,1,27,22.689
22 - 24 JUL 2016,14,2,3,28,22.718
22 - 24 JUL 2016,6,1,1,29,21.951
22 - 24 JUL 2016,99,29,1,29,24.254
22 - 24 JUL 2016,79,14,2,33,22.006
22 - 24 JUL 2016,98,29,2,35,22.765
22 - 24 JUL 2016,67,28,2,36,22.303
22 - 24 JUL 2016,87,13,2,36,22.051
22 - 24 JUL 2016,82,28,2,37,22.520
22 - 24 JUL 2016,94,14,2,38,21.687
22 - 24 JUL 2016,70,20,2,39,23.350
22 - 24 JUL 2016,97,13,2,39,21.665
22 - 24 JUL 2016,92,3,2,39,22.965
22 - 24 JUL 2016,75,20,2,40,29.941
22 - 24 JUL 2016,57,22,2,41,21.773
22 - 24 JUL 2016,60,1,2,41,21.535
22 - 24 JUL 2016,51,22,2,42,22.351
22 - 24 JUL 2016,93,16,2,42,22.417
22 - 24 JUL 2016,83,11,2,43,21.405
22 - 24 JUL 2016,12,2,2,44,21.897
22 - 24 JUL 2016,89,3,2,45,23.198
22 - 24 JUL 2016,88,16,2,46,27.951
22 - 24 JUL 2016,6,1,2,50,21.857
22 - 24 JUL 2016,89,3,3,62,23.308
22 - 24 JUL 2016,30,11,2,65,22.366
29 - 31 JUL 2016,97,13,1,2,19.298
29 - 31 JUL 2016,88,16,1,7,23.243
29 - 31 JUL 2016,92,3,1,7,29.865
29 - 31 JUL 2016,75,20,1,8,19.233
29 - 31 JUL 2016,93,16,1,9,22.751
29 - 31 JUL 2016,30,11,1,9,18.590
29 - 31 JUL 2016,94,14,1,11,19.017
29 - 31 JUL 2016,51,22,1,11,19.693
29 - 31 JUL 2016,87,13,1,11,19.034
29 - 31 JUL 2016,79,14,1,12,18.964
29 - 31 JUL 2016,83,11,1,12,18.796
29 - 31 JUL 2016,70,20,1,12,19.608
29 - 31 JUL 2016,98,29,1,12,19.813
29 - 31 JUL 2016,60,1,1,13,19.230
29 - 31 JUL 2016,14,2,1,13,19.427
29 - 31 JUL 2016,99,29,1,13,31.317
29 - 31 JUL 2016,57,22,1,14,18.650
29 - 31 JUL 2016,6,1,1,14,22.393
29 - 31 JUL 2016,12,2,1,14,19.258
29 - 31 JUL 2016,89,3,1,16,20.148
29 - 31 JUL 2016,67,28,1,17,20.301
29 - 31 JUL 2016,92,3,2,19,19.944
29 - 31 JUL 2016,82,28,1,25,20.099
29 - 31 JUL 2016,97,13,2,25,26.688
29 - 31 JUL 2016,30,11,2,26,36.395
29 - 31 JUL 2016,98,29,2,26,19.626
29 - 31 JUL 2016,51,22,2,27,18.936
29 - 31 JUL 2016,75,20,2,27,19.223
29 - 31 JUL 2016,94,14,2,28,19.137
29 - 31 JUL 2016,12,2,2,28,19.440
29 - 31 JUL 2016,88,16,2,28,20.227
29 - 31 JUL 2016,93,16,2,29,19.747
29 - 31 JUL 2016,60,1,2,31,19.472
29 - 31 JUL 2016,14,2,2,31,19.124
29 - 31 JUL 2016,6,1,2,32,19.142
29 - 31 JUL 2016,70,20,2,32,19.144
29 - 31 JUL 2016,87,13,2,32,19.159
29 - 31 JUL 2016,79,14,2,33,18.738
29 - 31 JUL 2016,99,29,2,32,20.919
29 - 31 JUL 2016,83,11,2,33,19.183
29 - 31 JUL 2016,57,22,2,34,18.504
29 - 31 JUL 2016,89,3,2,33,19.318
29 - 31 JUL 2016,92,3,3,42,19.755
29 - 31 JUL 2016,75,20,3,43,19.379
29 - 31 JUL 2016,67,28,2,43,19.863
29 - 31 JUL 2016,51,22,3,44,28.364
29 - 31 JUL 2016,70,20,3,44,19.907
29 - 31 JUL 2016,94,14,3,45,18.967
29 - 31 JUL 2016,79,14,3,46,18.979
29 - 31 JUL 2016,60,1,3,46,19.000
29 - 31 JUL 2016,97,13,3,45,19.725
29 - 31 JUL 2016,14,2,3,46,19.268
29 - 31 JUL 2016,57,22,3,47,18.475
29 - 31 JUL 2016,6,1,3,47,19.525
29 - 31 JUL 2016,98,29,3,46,19.658
29 - 31 JUL 2016,12,2,3,47,19.127
29 - 31 JUL 2016,82,28,2,47,19.326
29 - 31 JUL 2016,88,16,3,49,19.264
29 - 31 JUL 2016,99,29,3,49,21.186
29 - 31 JUL 2016,93,16,3,51,19.547
26 - 28 AUG 2016,94,14,1,1,31.235
26 - 28 AUG 2016,92,3,1,1,26.390
26 - 28 AUG 2016,60,1,1,1,22.403
26 - 28 AUG 2016,6,1,1,1,1:27.084
26 - 28 AUG 2016,30,11,1,2,22.484
26 - 28 AUG 2016,70,20,1,6,23.564
26 - 28 AUG 2016,6,1,2,5,23.061
26 - 28 AUG 2016,75,20,1,6,23.783
26 - 28 AUG 2016,67,28,1,6,23.705
26 - 28 AUG 2016,97,13,1,6,22.698
26 - 28 AUG 2016,101,29,1,6,28.718
26 - 28 AUG 2016,83,11,1,7,22.190
26 - 28 AUG 2016,82,28,1,7,23.486
26 - 28 AUG 2016,51,22,1,9,16:36.150
26 - 28 AUG 2016,79,14,1,9,16:38.401
26 - 28 AUG 2016,70,20,2,9,16:38.468
26 - 28 AUG 2016,12,2,1,9,16:38.234
26 - 28 AUG 2016,57,22,1,9,16:40.478
26 - 28 AUG 2016,30,11,2,9,16:40.664
26 - 28 AUG 2016,75,20,2,9,16:40.284
26 - 28 AUG 2016,88,16,1,9,16:40.466
26 - 28 AUG 2016,97,13,2,9,16:40.234
26 - 28 AUG 2016,67,28,2,9,16:39.366
26 - 28 AUG 2016,60,1,2,9,16:38.511
26 - 28 AUG 2016,83,11,2,9,16:38.328
26 - 28 AUG 2016,82,28,2,9,16:38.622
26 - 28 AUG 2016,94,14,2,9,16:38.546
26 - 28 AUG 2016,101,29,2,9,16:40.980
26 - 28 AUG 2016,92,3,2,9,16:41.198
26 - 28 AUG 2016,6,1,3,9,15:43.158
26 - 28 AUG 2016,94,14,3,16,23.231
26 - 28 AUG 2016,57,22,2,21,24.343
26 - 28 AUG 2016,88,16,2,21,23.359
26 - 28 AUG 2016,30,11,3,22,22.515
26 - 28 AUG 2016,82,28,3,22,23.561
26 - 28 AUG 2016,97,13,3,22,23.333
26 - 28 AUG 2016,70,20,3,23,24.015
26 - 28 AUG 2016,12,2,2,23,22.451
26 - 28 AUG 2016,60,1,3,23,22.762
26 - 28 AUG 2016,83,11,3,23,22.318
26 - 28 AUG 2016,67,28,3,23,23.107
26 - 28 AUG 2016,92,3,3,23,30.238
26 - 28 AUG 2016,75,20,3,24,22.652
26 - 28 AUG 2016,6,1,4,24,23.056
26 - 28 AUG 2016,101,29,3,24,24.208
26 - 28 AUG 2016,79,14,2,25,22.531
26 - 28 AUG 2016,51,22,2,26,22.596
26 - 28 AUG 2016,94,14,4,27,22.727
26 - 28 AUG 2016,57,22,3,32,22.432
26 - 28 AUG 2016,97,13,4,34,22.578
26 - 28 AUG 2016,88,16,3,35,23.363
02 - 04 SEP 2016,97,13,1,2,33.275
02 - 04 SEP 2016,92,3,1,2,27.786
02 - 04 SEP 2016,92,3,2,4,13:30.454
02 - 04 SEP 2016,83,11,1,13,24.161
02 - 04 SEP 2016,94,14,1,13,24.610
02 - 04 SEP 2016,12,2,1,13,26.843
02 - 04 SEP 2016,88,16,1,13,25.183
02 - 04 SEP 2016,70,20,1,14,24.043
02 - 04 SEP 2016,87,13,1,14,24.505
02 - 04 SEP 2016,6,1,1,15,24.116
02 - 04 SEP 2016,75,20,1,15,24.537
02 - 04 SEP 2016,14,2,1,15,26.427
02 - 04 SEP 2016,92,3,3,5,36.594
02 - 04 SEP 2016,60,1,1,16,25.472
02 - 04 SEP 2016,79,14,1,16,23.745
02 - 04 SEP 2016,30,11,1,16,23.940
02 - 04 SEP 2016,98,29,1,16,25.962
02 - 04 SEP 2016,82,28,1,16,25.150
02 - 04 SEP 2016,93,16,1,23,25.301
02 - 04 SEP 2016,89,3,1,23,25.145
02 - 04 SEP 2016,51,22,1,24,25.550
02 - 04 SEP 2016,57,22,1,25,23.633
02 - 04 SEP 2016,75,20,2,28,24.033
02 - 04 SEP 2016,67,28,1,28,25.340
02 - 04 SEP 2016,83,11,2,30,23.899
02 - 04 SEP 2016,87,13,2,30,23.757
02 - 04 SEP 2016,60,1,2,33,25.033
02 - 04 SEP 2016,101,29,1,32,25.539
02 - 04 SEP 2016,70,20,2,33,24.553
02 - 04 SEP 2016,12,2,2,33,23.694
02 - 04 SEP 2016,88,16,2,33,24.363
02 - 04 SEP 2016,6,1,2,34,24.279
02 - 04 SEP 2016,82,28,2,34,25.515
02 - 04 SEP 2016,94,14,2,35,23.827
02 - 04 SEP 2016,30,11,2,36,23.822
02 - 04 SEP 2016,79,14,2,37,23.633
02 - 04 SEP 2016,14,2,2,38,24.418
02 - 04 SEP 2016,93,16,2,39,24.341
02 - 04 SEP 2016,12,2,3,49,24.082
16 - 18 SEP 2016,51,22,1,1,26.350
16 - 18 SEP 2016,79,14,1,1,25.925
16 - 18 SEP 2016,57,22,1,1,24.453
16 - 18 SEP 2016,6,1,1,1,24.874
16 - 18 SEP 2016,12,2,1,1,24.649
16 - 18 SEP 2016,88,16,1,1,24.584
16 - 18 SEP 2016,93,16,1,1,25.973
16 - 18 SEP 2016,94,14,1,1,25.740
16 - 18 SEP 2016,30,11,1,1,25.929
16 - 18 SEP 2016,87,13,1,1,25.816
16 - 18 SEP 2016,89,3,1,1,26.135
16 - 18 SEP 2016,75,20,1,1,32.821
16 - 18 SEP 2016,82,28,1,1,26.519
16 - 18 SEP 2016,14,2,1,1,42.815
16 - 18 SEP 2016,83,11,1,1,32.709
16 - 18 SEP 2016,98,29,1,1,24.308
16 - 18 SEP 2016,101,29,1,1,24.343
16 - 18 SEP 2016,92,3,1,1,25.057
16 - 18 SEP 2016,97,13,1,1,25.211
16 - 18 SEP 2016,60,1,1,1,24.342
16 - 18 SEP 2016,93,16,2,7,29.846
16 - 18 SEP 2016,89,3,2,8,29.706
16 - 18 SEP 2016,97,13,2,11,28.847
16 - 18 SEP 2016,94,14,2,13,28.815
16 - 18 SEP 2016,12,2,2,14,29.401
16 - 18 SEP 2016,79,14,2,15,28.890
16 - 18 SEP 2016,57,22,2,15,29.150
16 - 18 SEP 2016,88,16,2,15,30.301
16 - 18 SEP 2016,83,11,2,15,28.780
16 - 18 SEP 2016,14,2,2,15,28.998
16 - 18 SEP 2016,51,22,2,16,30.546
16 - 18 SEP 2016,30,11,2,16,28.682
16 - 18 SEP 2016,6,1,2,17,29.041
16 - 18 SEP 2016,87,13,2,17,28.759
16 - 18 SEP 2016,92,3,2,17,30.297
16 - 18 SEP 2016,82,28,2,18,30.307
16 - 18 SEP 2016,98,29,2,18,30.532
16 - 18 SEP 2016,101,29,2,19,1:44.383
16 - 18 SEP 2016,60,1,2,24,28.924
16 - 18 SEP 2016,75,20,2,25,28.742
16 - 18 SEP 2016,89,3,3,25,29.468
16 - 18 SEP 2016,94,14,3,27,28.948
16 - 18 SEP 2016,93,16,3,27,29.320
16 - 18 SEP 2016,14,2,3,27,29.025
16 - 18 SEP 2016,30,11,3,28,29.578
16 - 18 SEP 2016,83,11,3,30,28.545
16 - 18 SEP 2016,79,14,3,32,28.921
16 - 18 SEP 2016,51,22,3,33,28.970
16 - 18 SEP 2016,83,11,4,32,1:03.680
16 - 18 SEP 2016,6,1,3,33,29.135
16 - 18 SEP 2016,57,22,3,34,28.421
16 - 18 SEP 2016,12,2,3,34,30.381
16 - 18 SEP 2016,97,13,3,34,28.804
16 - 18 SEP 2016,92,3,3,35,29.537
16 - 18 SEP 2016,101,29,3,34,30.614
16 - 18 SEP 2016,82,28,3,36,30.160
16 - 18 SEP 2016,98,29,3,36,30.471
16 - 18 SEP 2016,89,3,4,36,29.680
16 - 18 SEP 2016,88,16,3,37,29.205
16 - 18 SEP 2016,87,13,3,38,29.754
16 - 18 SEP 2016,60,1,3,42,29.391
16 - 18 SEP 2016,30,11,4,43,29.903
16 - 18 SEP 2016,94,14,4,44,28.854
16 - 18 SEP 2016,57,22,4,45,28.315
16 - 18 SEP 2016,6,1,4,46,28.954
16 - 18 SEP 2016,79,14,4,47,28.662
16 - 18 SEP 2016,101,29,4,45,42.368
16 - 18 SEP 2016,93,16,4,48,29.377
30 SEP - 02 OCT 2016,88,16,1,1,32.413
30 SEP - 02 OCT 2016,30,11,1,1,23.528
30 SEP - 02 OCT 2016,87,13,1,1,30.679
30 SEP - 02 OCT 2016,82,28,1,1,30.782
30 SEP - 02 OCT 2016,30,11,2,6,24.425
30 SEP - 02 OCT 2016,94,14,1,9,23.935
30 SEP - 02 OCT 2016,75,20,1,9,27.024
30 SEP - 02 OCT 2016,14,2,1,9,24.738
30 SEP - 02 OCT 2016,70,20,1,9,26.609
30 SEP - 02 OCT 2016,51,22,1,9,23.750
30 SEP - 02 OCT 2016,12,2,1,9,25.195
30 SEP - 02 OCT 2016,98,29,1,9,25.820
30 SEP - 02 OCT 2016,101,29,1,12,25.368
30 SEP - 02 OCT 2016,57,22,1,20,23.689
30 SEP - 02 OCT 2016,6,1,1,20,24.584
30 SEP - 02 OCT 2016,93,16,1,20,24.400
30 SEP - 02 OCT 2016,79,14,1,21,24.197
30 SEP - 02 OCT 2016,89,3,1,21,25.272
30 SEP - 02 OCT 2016,82,28,2,22,24.814
30 SEP - 02 OCT 2016,94,14,2,27,23.856
30 SEP - 02 OCT 2016,12,2,2,27,24.061
30 SEP - 02 OCT 2016,70,20,2,28,24.012
30 SEP - 02 OCT 2016,83,11,1,29,23.828
30 SEP - 02 OCT 2016,88,16,2,29,24.338
30 SEP - 02 OCT 2016,98,29,2,30,26.156
30 SEP - 02 OCT 2016,51,22,2,31,24.661
30 SEP - 02 OCT 2016,97,13,1,31,23.928
30 SEP - 02 OCT 2016,101,29,2,31,33.338
30 SEP - 02 OCT 2016,30,11,3,31,23.778
30 SEP - 02 OCT 2016,6,1,2,32,24.412
30 SEP - 02 OCT 2016,75,20,2,32,23.947
30 SEP - 02 OCT 2016,92,3,1,32,24.697
30 SEP - 02 OCT 2016,14,2,2,37,24.645
30 SEP - 02 OCT 2016,93,16,2,37,24.473
30 SEP - 02 OCT 2016,89,3,2,37,24.706
30 SEP - 02 OCT 2016,82,28,3,39,25.006
30 SEP - 02 OCT 2016,6,1,3,40,24.809
30 SEP - 02 OCT 2016,12,2,3,40,23.920
30 SEP - 02 OCT 2016,70,20,3,40,25.192
30 SEP - 02 OCT 2016,79,14,2,41,24.408
30 SEP - 02 OCT 2016,94,14,3,41,28.274
30 SEP - 02 OCT 2016,88,16,3,40,24.718
30 SEP - 02 OCT 2016,51,22,3,41,23.476
30 SEP - 02 OCT 2016,98,29,3,41,25.201
07 - 09 OCT 2016,12,2,1,9,22.786
07 - 09 OCT 2016,94,14,1,10,22.855
07 - 09 OCT 2016,79,14,1,10,22.996
07 - 09 OCT 2016,67,28,1,10,23.741
07 - 09 OCT 2016,88,16,1,10,22.990
07 - 09 OCT 2016,70,20,1,11,22.832
07 - 09 OCT 2016,82,28,1,11,24.110
07 - 09 OCT 2016,51,22,1,12,22.673
07 - 09 OCT 2016,60,1,1,12,23.226
07 - 09 OCT 2016,75,20,1,12,23.605
07 - 09 OCT 2016,6,1,1,12,23.244
07 - 09 OCT 2016,101,29,1,12,24.973
07 - 09 OCT 2016,57,22,1,13,22.989
07 - 09 OCT 2016,93,16,1,13,22.986
07 - 09 OCT 2016,98,29,1,13,24.630
07 - 09 OCT 2016,14,2,1,19,24.375
07 - 09 OCT 2016,88,16,2,23,22.943
07 - 09 OCT 2016,30,11,1,24,22.463
07 - 09 OCT 2016,97,13,1,25,23.452
07 - 09 OCT 2016,87,13,1,25,23.072
07 - 09 OCT 2016,92,3,1,25,25.131
07 - 09 OCT 2016,6,1,2,26,22.762
07 - 09 OCT 2016,83,11,1,26,25.007
07 - 09 OCT 2016,89,3,1,26,24.011
07 - 09 OCT 2016,12,2,2,27,23.032
07 - 09 OCT 2016,94,14,2,28,22.788
07 - 09 OCT 2016,70,20,2,28,22.952
07 - 09 OCT 2016,82,28,2,28,23.792
07 - 09 OCT 2016,51,22,2,29,23.150
07 - 09 OCT 2016,75,20,2,29,22.721
07 - 09 OCT 2016,67,28,2,30,25.429
07 - 09 OCT 2016,101,29,2,31,24.256
07 - 09 OCT 2016,79,14,2,32,25.861
07 - 09 OCT 2016,57,22,2,33,22.732
07 - 09 OCT 2016,98,29,2,32,25.461
07 - 09 OCT 2016,60,1,2,34,22.887
07 - 09 OCT 2016,14,2,2,36,23.342
07 - 09 OCT 2016,93,16,2,37,22.938
21 - 23 OCT 2016,83,11,1,1,27.098
21 - 23 OCT 2016,79,14,1,8,23.956
21 - 23 OCT 2016,6,1,1,8,23.989
21 - 23 OCT 2016,94,14,1,9,23.489
21 - 23 OCT 2016,51,22,1,10,23.526
21 - 23 OCT 2016,14,2,1,10,23.613
21 - 23 OCT 2016,67,28,1,10,24.523
21 - 23 OCT 2016,75,20,1,10,23.350
21 - 23 OCT 2016,57,22,1,11,23.601
21 - 23 OCT 2016,30,11,1,11,24.093
21 - 23 OCT 2016,93,16,1,11,24.778
21 - 23 OCT 2016,12,2,1,11,23.683
21 - 23 OCT 2016,82,28,1,13,24.470
21 - 23 OCT 2016,87,13,1,13,24.310
21 - 23 OCT 2016,98,29,1,13,26.059
21 - 23 OCT 2016,60,1,1,14,24.433
21 - 23 OCT 2016,97,13,1,15,24.071
21 - 23 OCT 2016,89,3,1,17,25.229
21 - 23 OCT 2016,101,29,1,17,25.216
21 - 23 OCT 2016,83,11,2,20,25.222
21 - 23 OCT 2016,88,16,1,21,37.837
21 - 23 OCT 2016,6,1,2,24,23.845
21 - 23 OCT 2016,79,14,2,25,23.534
21 - 23 OCT 2016,94,14,2,26,36.112
21 - 23 OCT 2016,97,13,2,26,24.766
21 - 23 OCT 2016,101,29,2,26,27.532
21 - 23 OCT 2016,75,20,2,27,24.467
21 - 23 OCT 2016,67,28,2,27,26.056
21 - 23 OCT 2016,87,13,2,27,24.103
21 - 23 OCT 2016,14,2,2,28,25.635
21 - 23 OCT 2016,60,1,2,29,23.812
21 - 23 OCT 2016,30,11,2,29,23.903
21 - 23 OCT 2016,92,3,1,29,24.244
21 - 23 OCT 2016,93,16,2,30,24.281
21 - 23 OCT 2016,12,2,2,30,25.300
21 - 23 OCT 2016,57,22,2,31,23.575
21 - 23 OCT 2016,98,29,2,30,25.182
21 - 23 OCT 2016,51,22,2,31,24.149
21 - 23 OCT 2016,6,1,3,38,25.384
21 - 23 OCT 2016,87,13,3,43,23.898
21 - 23 OCT 2016,101,29,3,44,24.665
21 - 23 OCT 2016,60,1,3,53,24.156
21 - 23 OCT 2016,30,11,3,54,23.464
28 - 30 OCT 2016,79,14,1,1,22.087
28 - 30 OCT 2016,97,13,1,1,23.897
28 - 30 OCT 2016,89,3,1,1,32.608
28 - 30 OCT 2016,67,28,1,11,22.957
28 - 30 OCT 2016,94,14,1,12,21.775
28 - 30 OCT 2016,93,16,1,12,22.747
28 - 30 OCT 2016,87,13,1,12,22.271
28 - 30 OCT 2016,82,28,1,12,25.198
28 - 30 OCT 2016,88,16,1,13,22.665
28 - 30 OCT 2016,70,20,1,14,22.134
28 - 30 OCT 2016,30,11,1,14,21.863
28 - 30 OCT 2016,101,29,1,15,23.866
28 - 30 OCT 2016,12,2,1,16,22.461
28 - 30 OCT 2016,57,22,1,17,21.709
28 - 30 OCT 2016,14,2,1,17,22.438
28 - 30 OCT 2016,83,11,1,19,22.396
28 - 30 OCT 2016,51,22,1,20,21.997
28 - 30 OCT 2016,6,1,1,20,22.398
28 - 30 OCT 2016,75,20,1,20,22.213
28 - 30 OCT 2016,60,1,1,32,22.035
28 - 30 OCT 2016,6,1,2,45,22.974
28 - 30 OCT 2016,12,2,2,45,25.171
28 - 30 OCT 2016,88,16,2,47,22.865
28 - 30 OCT 2016,82,28,2,48,23.110
28 - 30 OCT 2016,92,3,1,49,23.540
28 - 30 OCT 2016,79,14,2,50,22.443
28 - 30 OCT 2016,67,28,2,50,23.678
28 - 30 OCT 2016,87,13,2,51,22.384
11 - 13 NOV 2016,87,13,1,7,24.986
11 - 13 NOV 2016,14,2,1,8,24.192
11 - 13 NOV 2016,12,2,1,9,24.821
11 - 13 NOV 2016,83,11,1,9,24.724
11 - 13 NOV 2016,30,11,1,9,29.421
11 - 13 NOV 2016,88,16,1,9,25.758
11 - 13 NOV 2016,97,13,1,9,24.745
11 - 13 NOV 2016,89,3,1,9,25.395
11 - 13 NOV 2016,60,1,1,10,29.981
11 - 13 NOV 2016,82,28,1,12,25.147
11 - 13 NOV 2016,94,14,1,13,24.186
11 - 13 NOV 2016,79,14,1,13,24.623
11 - 13 NOV 2016,88,16,2,17,25.355
11 - 13 NOV 2016,97,13,2,17,24.656
11 - 13 NOV 2016,57,22,1,20,33:30.361
11 - 13 NOV 2016,51,22,1,20,33:29.747
11 - 13 NOV 2016,94,14,2,20,33:29.643
11 - 13 NOV 2016,70,20,1,20,33:28.504
11 - 13 NOV 2016,75,20,1,20,33:28.398
11 - 13 NOV 2016,93,16,1,20,33:28.828
11 - 13 NOV 2016,92,3,1,20,33:28.206
11 - 13 NOV 2016,79,14,2,20,33:28.600
11 - 13 NOV 2016,101,29,1,20,33:29.052
11 - 13 NOV 2016,98,29,1,20,33:28.464
11 - 13 NOV 2016,12,2,2,20,33:28.789
11 - 13 NOV 2016,83,11,2,20,33:28.595
11 - 13 NOV 2016,87,13,2,20,33:28.979
11 - 13 NOV 2016,14,2,2,20,33:30.062
11 - 13 NOV 2016,60,1,2,20,33:30.637
11 - 13 NOV 2016,30,11,2,20,33:29.630
11 - 13 NOV 2016,82,28,2,20,33:31.147
11 - 13 NOV 2016,88,16,3,20,33:31.266
11 - 13 NOV 2016,70,20,2,22,24.282
11 - 13 NOV 2016,57,22,2,28,24:42.048
11 - 13 NOV 2016,51,22,2,28,24:41.624
11 - 13 NOV 2016,94,14,3,28,24:41.433
11 - 13 NOV 2016,75,20,2,28,24:42.290
11 - 13 NOV 2016,93,16,2,28,24:43.053
11 - 13 NOV 2016,92,3,2,28,24:43.214
11 - 13 NOV 2016,79,14,3,28,24:44.725
11 - 13 NOV 2016,101,29,2,28,24:45.092
11 - 13 NOV 2016,98,29,2,28,24:44.979
11 - 13 NOV 2016,12,2,3,28,24:43.818
11 - 13 NOV 2016,83,11,3,28,24:43.957
11 - 13 NOV 2016,87,13,3,28,24:44.474
11 - 13 NOV 2016,14,2,3,28,24:44.987
11 - 13 NOV 2016,60,1,3,28,24:43.923
11 - 13 NOV 2016,70,20,3,28,24:45.304
11 - 13 NOV 2016,30,11,3,28,24:45.969
11 - 13 NOV 2016,82,28,3,28,24:44.444
11 - 13 NOV 2016,88,16,4,28,24:44.388
11 - 13 NOV 2016,30,11,4,31,29.754
11 - 13 NOV 2016,14,2,4,34,25.006
11 - 13 NOV 2016,83,11,4,38,24.994
11 - 13 NOV 2016,79,14,4,40,29.621
11 - 13 NOV 2016,87,13,4,41,24.265
11 - 13 NOV 2016,94,14,4,43,24.435
11 - 13 NOV 2016,14,2,5,44,24.754
11 - 13 NOV 2016,82,28,4,47,17.835
11 - 13 NOV 2016,79,14,5,52,24.521
11 - 13 NOV 2016,98,29,3,52,25.509
11 - 13 NOV 2016,94,14,5,54,24.041
25 - 27 NOV 2016,87,13,1,1,27.068
25 - 27 NOV 2016,93,16,1,6,21.761
25 - 27 NOV 2016,98,29,1,6,33.395
25 - 27 NOV 2016,57,22,1,7,22.600
25 - 27 NOV 2016,6,1,1,7,21.959
25 - 27 NOV 2016,12,2,1,7,22.428
25 - 27 NOV 2016,97,13,1,7,24.781
25 - 27 NOV 2016,92,3,1,7,23.272
25 - 27 NOV 2016,51,22,1,8,23.753
25 - 27 NOV 2016,60,1,1,8,21.711
25 - 27 NOV 2016,70,20,1,8,21.834
25 - 27 NOV 2016,30,11,1,8,21.775
25 - 27 NOV 2016,88,16,1,8,21.896
25 - 27 NOV 2016,82,28,1,8,22.032
25 - 27 NOV 2016,79,14,1,9,22.084
25 - 27 NOV 2016,75,20,1,9,21.308
25 - 27 NOV 2016,67,28,1,20,22.838
25 - 27 NOV 2016,94,14,1,21,21.221
25 - 27 NOV 2016,97,13,2,21,22.145
25 - 27 NOV 2016,101,29,1,22,24.035
25 - 27 NOV 2016,79,14,2,24,21.768
25 - 27 NOV 2016,98,29,2,24,22.949
25 - 27 NOV 2016,6,1,2,25,22.087
25 - 27 NOV 2016,70,20,2,26,21.482
25 - 27 NOV 2016,75,20,2,27,22.012
25 - 27 NOV 2016,57,22,2,28,21.355
25 - 27 NOV 2016,82,28,2,28,22.102
25 - 27 NOV 2016,93,16,2,28,21.935
25 - 27 NOV 2016,51,22,2,29,21.218
25 - 27 NOV 2016,30,11,2,30,21.539
25 - 27 NOV 2016,101,29,2,36,23.026
25 - 27 NOV 2016,92,3,2,36,29.933
25 - 27 NOV 2016,60,1,2,37,21.872
25 - 27 NOV 2016,12,2,2,38,22.248
25 - 27 NOV 2016,67,28,2,38,22.527
25 - 27 NOV 2016,89,3,1,38,22.991
25 - 27 NOV 2016,97,13,3,41,22.588
24 - 26 MAR 2017,87,28,1,1,31.336
24 - 26 MAR 2017,103,11,1,5,22.293
24 - 26 MAR 2017,100,2,1,9,39.562
24 - 26 MAR 2017,101,20,1,15,22.154
24 - 26 MAR 2017,102,3,1,15,28.591
24 - 26 MAR 2017,12,2,1,16,22.484
24 - 26 MAR 2017,70,13,1,16,23.130
24 - 26 MAR 2017,57,22,1,17,21.709
24 - 26 MAR 2017,75,20,1,17,22.045
24 - 26 MAR 2017,93,16,1,18,21.762
24 - 26 MAR 2017,30,11,1,20,21.568
24 - 26 MAR 2017,60,1,1,23,21.988
24 - 26 MAR 2017,83,22,1,25,21.440
24 - 26 MAR 2017,94,14,1,25,22.208
24 - 26 MAR 2017,6,1,1,26,22.033
24 - 26 MAR 2017,103,11,2,29,22.380
24 - 26 MAR 2017,70,13,2,30,23.159
24 - 26 MAR 2017,88,16,1,34,25.559
24 - 26 MAR 2017,87,28,2,44,22.189
24 - 26 MAR 2017,88,16,2,49,24.026
07 - 09 APR 2017,70,13,1,1,23.550
07 - 09 APR 2017,60,1,1,2,22.906
07 - 09 APR 2017,88,16,1,2,24.016
07 - 09 APR 2017,12,2,1,2,24.250
07 - 09 APR 2017,30,11,1,2,23.123
07 - 09 APR 2017,75,20,1,2,24.030
07 - 09 APR 2017,87,28,1,2,23.809
07 - 09 APR 2017,89,3,1,2,27.934
07 - 09 APR 2017,101,20,1,2,17.673
07 - 09 APR 2017,67,28,1,2,30.654
07 - 09 APR 2017,100,2,1,2,25.146
07 - 09 APR 2017,102,3,1,2,29.443
07 - 09 APR 2017,57,22,1,4,22.999
07 - 09 APR 2017,83,22,1,4,32.287
07 - 09 APR 2017,79,14,1,4,17.340
07 - 09 APR 2017,6,1,1,4,23.847
07 - 09 APR 2017,94,14,1,4,23.071
07 - 09 APR 2017,60,1,2,4,17.354
07 - 09 APR 2017,93,16,1,4,17.337
07 - 09 APR 2017,101,20,2,4,33.491
07 - 09 APR 2017,12,2,2,4,17.304
07 - 09 APR 2017,88,16,2,4,17.320
07 - 09 APR 2017,75,20,2,4,17.416
07 - 09 APR 2017,30,11,2,4,17.324
07 - 09 APR 2017,87,28,2,4,17.296
07 - 09 APR 2017,97,13,1,4,17.291
07 - 09 APR 2017,100,2,2,4,17.325
07 - 09 APR 2017,70,13,2,4,17.336
07 - 09 APR 2017,89,3,2,4,17.341
07 - 09 APR 2017,67,28,2,4,17.303
07 - 09 APR 2017,57,22,2,5,17.616
07 - 09 APR 2017,79,14,2,5,23.613
07 - 09 APR 2017,6,1,2,5,17.877
07 - 09 APR 2017,94,14,2,5,17.651
07 - 09 APR 2017,83,22,2,5,17.343
07 - 09 APR 2017,60,1,3,5,17.362
07 - 09 APR 2017,93,16,2,5,17.340
07 - 09 APR 2017,12,2,3,5,17.302
07 - 09 APR 2017,88,16,3,5,17.324
07 - 09 APR 2017,30,11,3,5,17.321
07 - 09 APR 2017,75,20,3,5,17.312
07 - 09 APR 2017,87,28,3,5,17.298
07 - 09 APR 2017,101,20,3,5,17.356
07 - 09 APR 2017,97,13,2,5,17.291
07 - 09 APR 2017,100,2,3,5,17.295
07 - 09 APR 2017,70,13,3,5,17.362
07 - 09 APR 2017,89,3,3,5,17.344
07 - 09 APR 2017,67,28,3,5,24.114
07 - 09 APR 2017,57,22,3,6,17.737
07 - 09 APR 2017,79,14,3,6,17.480
07 - 09 APR 2017,6,1,3,6,17.435
07 - 09 APR 2017,94,14,3,6,17.421
07 - 09 APR 2017,83,22,3,6,17.323
07 - 09 APR 2017,60,1,4,6,17.370
07 - 09 APR 2017,12,2,4,6,17.302
07 - 09 APR 2017,93,16,3,6,17.374
07 - 09 APR 2017,88,16,4,6,17.322
07 - 09 APR 2017,30,11,4,6,17.377
07 - 09 APR 2017,75,20,4,6,18.225
07 - 09 APR 2017,87,28,4,6,17.299
07 - 09 APR 2017,101,20,4,6,17.366
07 - 09 APR 2017,97,13,3,6,17.301
07 - 09 APR 2017,100,2,4,6,17.292
07 - 09 APR 2017,70,13,4,6,17.359
07 - 09 APR 2017,89,3,4,6,17.344
07 - 09 APR 2017,67,28,4,6,17.314
07 - 09 APR 2017,75,20,5,20,23.057
07 - 09 APR 2017,30,11,5,24,23.451
07 - 09 APR 2017,93,16,4,28,22.840
07 - 09 APR 2017,94,14,4,29,22.505
07 - 09 APR 2017,97,13,4,30,23.993
07 - 09 APR 2017,87,28,5,32,23.463
07 - 09 APR 2017,79,14,4,33,22.505
07 - 09 APR 2017,70,13,5,33,40.144
07 - 09 APR 2017,60,1,5,34,22.443
07 - 09 APR 2017,83,22,4,35,24.317
07 - 09 APR 2017,57,22,4,36,22.668
07 - 09 APR 2017,67,28,5,35,23.211
07 - 09 APR 2017,6,1,4,39,23.119
07 - 09 APR 2017,101,20,5,42,22.926
07 - 09 APR 2017,30,11,6,48,22.517
07 - 09 APR 2017,75,20,6,49,22.979
14 - 16 APR 2017,103,11,1,8,24.915
14 - 16 APR 2017,60,1,1,10,24.702
14 - 16 APR 2017,94,14,1,11,25.174
14 - 16 APR 2017,101,20,1,11,24.664
14 - 16 APR 2017,98,3,1,11,26.542
14 - 16 APR 2017,6,1,1,12,26.430
14 - 16 APR 2017,67,28,1,12,25.075
14 - 16 APR 2017,93,16,1,12,25.001
14 - 16 APR 2017,83,22,1,13,28.368
14 - 16 APR 2017,79,14,1,13,25.312
14 - 16 APR 2017,57,22,1,13,30.687
14 - 16 APR 2017,30,11,1,13,25.704
14 - 16 APR 2017,70,13,1,13,26.634
14 - 16 APR 2017,75,20,1,13,24.332
14 - 16 APR 2017,12,2,1,13,24.922
14 - 16 APR 2017,97,13,1,13,27.466
14 - 16 APR 2017,88,16,1,13,25.204
14 - 16 APR 2017,83,22,2,30,24.540
14 - 16 APR 2017,67,28,2,31,24.965
14 - 16 APR 2017,60,1,2,33,24.314
14 - 16 APR 2017,89,3,1,33,25.576
14 - 16 APR 2017,75,20,2,36,24.630
14 - 16 APR 2017,70,13,2,36,25.135
14 - 16 APR 2017,12,2,2,36,24.723
14 - 16 APR 2017,6,1,2,37,25.856
14 - 16 APR 2017,30,11,2,37,24.240
14 - 16 APR 2017,101,20,2,37,24.505
14 - 16 APR 2017,97,13,2,37,26.420
14 - 16 APR 2017,79,14,2,39,25.200
14 - 16 APR 2017,57,22,2,41,30.682
14 - 16 APR 2017,88,16,2,41,25.246
28 - 30 APR 2017,100,2,1,1,30.006
28 - 30 APR 2017,89,3,1,1,32.235
28 - 30 APR 2017,98,3,1,2,31.266
28 - 30 APR 2017,98,3,2,20,30.799
28 - 30 APR 2017,30,11,1,21,29.923
28 - 30 APR 2017,87,28,1,21,36.559
28 - 30 APR 2017,88,16,1,21,29.991
28 - 30 APR 2017,89,3,2,21,30.655
28 - 30 APR 2017,93,16,1,24,29.973
28 - 30 APR 2017,100,2,2,24,35.998
28 - 30 APR 2017,101,20,1,26,30.253
28 - 30 APR 2017,103,11,1,26,29.791
28 - 30 APR 2017,83,22,1,27,29.356
28 - 30 APR 2017,75,20,1,27,29.868
28 - 30 APR 2017,6,1,1,29,30.152
28 - 30 APR 2017,94,14,1,29,29.567
28 - 30 APR 2017,57,22,1,30,29.739
28 - 30 APR 2017,60,1,1,34,30.097
28 - 30 APR 2017,70,13,1,40,30.280
28 - 30 APR 2017,30,11,2,41,29.920
12 - 14 MAY 2017,88,16,1,1,22.235
12 - 14 MAY 2017,30,11,1,1,40.612
12 - 14 MAY 2017,97,13,1,2,23.159
12 - 14 MAY 2017,12,2,1,12,22.690
12 - 14 MAY 2017,103,11,1,12,22.100
12 - 14 MAY 2017,100,2,1,12,22.547
12 - 14 MAY 2017,87,28,1,13,22.703
12 - 14 MAY 2017,93,16,1,13,22.432
12 - 14 MAY 2017,30,11,2,13,22.292
12 - 14 MAY 2017,60,1,1,14,22.499
12 - 14 MAY 2017,70,13,1,15,22.490
12 - 14 MAY 2017,101,20,1,16,22.616
12 - 14 MAY 2017,75,20,1,18,25.082
12 - 14 MAY 2017,89,3,1,18,22.995
12 - 14 MAY 2017,67,28,1,19,22.866
12 - 14 MAY 2017,57,22,1,21,21.544
12 - 14 MAY 2017,79,14,1,21,21.811
12 - 14 MAY 2017,97,13,2,21,22.762
12 - 14 MAY 2017,83,22,1,26,21.689
12 - 14 MAY 2017,12,2,2,31,23.354
12 - 14 MAY 2017,89,3,2,32,22.775
12 - 14 MAY 2017,98,3,1,33,23.445
12 - 14 MAY 2017,87,28,2,33,23.814
12 - 14 MAY 2017,70,13,2,33,22.362
12 - 14 MAY 2017,88,16,2,33,22.117
12 - 14 MAY 2017,103,11,2,33,22.071
12 - 14 MAY 2017,30,11,3,33,23.066
12 - 14 MAY 2017,75,20,2,34,23.107
12 - 14 MAY 2017,101,20,2,34,22.643
12 - 14 MAY 2017,93,16,2,34,21.934
12 - 14 MAY 2017,67,28,2,34,22.641
12 - 14 MAY 2017,57,22,2,36,21.722
12 - 14 MAY 2017,60,1,2,37,22.307
12 - 14 MAY 2017,79,14,2,38,21.918
12 - 14 MAY 2017,97,13,3,42,24.750
12 - 14 MAY 2017,12,2,3,51,22.923
12 - 14 MAY 2017,87,28,3,63,25.052
25 - 28 MAY 2017,98,3,1,1,25.813
25 - 28 MAY 2017,14,2,1,1,24.465
25 - 28 MAY 2017,75,20,1,16,31.313
25 - 28 MAY 2017,94,14,1,32,25.343
25 - 28 MAY 2017,83,22,1,33,24.308
25 - 28 MAY 2017,6,1,1,34,24.833
25 - 28 MAY 2017,89,3,1,35,24.949
25 - 28 MAY 2017,88,16,1,36,24.406
25 - 28 MAY 2017,101,20,1,36,24.299
25 - 28 MAY 2017,93,16,1,37,24.427
25 - 28 MAY 2017,87,28,1,37,24.979
25 - 28 MAY 2017,79,14,1,38,24.183
25 - 28 MAY 2017,30,11,1,38,24.353
25 - 28 MAY 2017,60,1,1,39,24.306
25 - 28 MAY 2017,101,20,2,39,24.496
25 - 28 MAY 2017,14,2,2,39,26.057
25 - 28 MAY 2017,67,28,1,40,24.660
25 - 28 MAY 2017,103,11,1,41,26.690
25 - 28 MAY 2017,87,28,2,42,26.040
25 - 28 MAY 2017,97,13,1,42,25.472
25 - 28 MAY 2017,100,2,1,43,24.768
25 - 28 MAY 2017,57,22,1,46,24.155
25 - 28 MAY 2017,94,14,2,60,25.678
25 - 28 MAY 2017,101,20,3,60,24.642
25 - 28 MAY 2017,30,11,2,62,25.123
25 - 28 MAY 2017,75,20,2,63,25.026
25 - 28 MAY 2017,103,11,2,67,25.248
25 - 28 MAY 2017,75,20,3,72,35.485
09 - 11 JUN 2017,67,28,1,1,31.256
09 - 11 JUN 2017,98,3,1,1,51.757
09 - 11 JUN 2017,60,1,1,5,31.596
09 - 11 JUN 2017,70,13,1,11,26.764
09 - 11 JUN 2017,97,13,1,11,24.423
09 - 11 JUN 2017,89,3,1,11,24.047
09 - 11 JUN 2017,88,16,1,15,18.088
09 - 11 JUN 2017,6,1,1,17,23.500
09 - 11 JUN 2017,79,14,1,18,23.309
09 - 11 JUN 2017,75,20,1,19,23.229
09 - 11 JUN 2017,83,22,1,23,22.946
09 - 11 JUN 2017,103,11,1,25,22.790
09 - 11 JUN 2017,57,22,1,32,23.061
09 - 11 JUN 2017,101,20,1,32,23.409
09 - 11 JUN 2017,98,3,2,40,24.202
09 - 11 JUN 2017,6,1,2,41,23.760
09 - 11 JUN 2017,12,2,1,42,23.526
09 - 11 JUN 2017,100,2,1,45,23.267
09 - 11 JUN 2017,87,28,1,46,28.869
09 - 11 JUN 2017,60,1,2,49,23.345
09 - 11 JUN 2017,88,16,2,53,1:46.374
23 - 25 JUN 2017,83,22,1,1,36.262
23 - 25 JUN 2017,67,28,1,3,20.776
23 - 25 JUN 2017,79,14,1,5,23.361
23 - 25 JUN 2017,100,2,1,5,21.423
23 - 25 JUN 2017,57,22,1,12,20.418
23 - 25 JUN 2017,60,1,1,12,20.059
23 - 25 JUN 2017,75,20,1,12,20.598
23 - 25 JUN 2017,6,1,1,12,23.237
23 - 25 JUN 2017,30,11,1,12,21.453
23 - 25 JUN 2017,101,20,1,12,20.493
23 - 25 JUN 2017,83,22,2,11,20.407
23 - 25 JUN 2017,87,28,1,12,20.391
23 - 25 JUN 2017,12,2,1,12,21.217
23 - 25 JUN 2017,93,16,1,12,21.040
23 - 25 JUN 2017,89,3,1,12,23.906
23 - 25 JUN 2017,98,3,1,12,31.122
23 - 25 JUN 2017,103,11,1,13,22.625
23 - 25 JUN 2017,70,13,1,13,21.263
23 - 25 JUN 2017,79,14,2,13,20.198
23 - 25 JUN 2017,98,3,2,13,22.356
23 - 25 JUN 2017,67,28,2,14,21.069
23 - 25 JUN 2017,57,22,2,17,15.234
23 - 25 JUN 2017,60,1,2,17,15.174
23 - 25 JUN 2017,75,20,2,17,15.278
23 - 25 JUN 2017,30,11,2,17,15.033
23 - 25 JUN 2017,101,20,2,17,15.061
23 - 25 JUN 2017,6,1,2,17,15.049
23 - 25 JUN 2017,103,11,2,17,15.327
23 - 25 JUN 2017,70,13,2,17,15.638
23 - 25 JUN 2017,79,14,3,17,15.135
23 - 25 JUN 2017,87,28,2,17,15.128
23 - 25 JUN 2017,12,2,2,17,15.104
23 - 25 JUN 2017,93,16,2,17,14.966
23 - 25 JUN 2017,100,2,2,17,15.097
23 - 25 JUN 2017,67,28,3,17,15.073
23 - 25 JUN 2017,89,3,2,17,26.051
23 - 25 JUN 2017,98,3,3,17,34.847
23 - 25 JUN 2017,83,22,3,17,14.978
23 - 25 JUN 2017,75,20,3,20,26:34.609
23 - 25 JUN 2017,101,20,3,20,31.657
23 - 25 JUN 2017,6,1,3,20,26:23.848
23 - 25 JUN 2017,98,3,4,21,22.390
23 - 25 JUN 2017,57,22,3,22,21:50.768
23 - 25 JUN 2017,60,1,3,22,21:50.808
23 - 25 JUN 2017,30,11,3,22,21:50.671
23 - 25 JUN 2017,103,11,3,22,21:52.728
23 - 25 JUN 2017,79,14,4,22,21:53.343
23 - 25 JUN 2017,70,13,3,22,21:53.641
23 - 25 JUN 2017,87,28,3,22,21:52.704
23 - 25 JUN 2017,12,2,3,22,21:53.187
23 - 25 JUN 2017,93,16,3,22,21:53.693
23 - 25 JUN 2017,67,28,4,22,21:53.665
23 - 25 JUN 2017,89,3,3,22,21:54.950
23 - 25 JUN 2017,100,2,3,22,21:54.189
23 - 25 JUN 2017,83,22,4,22,21:53.511
23 - 25 JUN 2017,101,20,4,22,21:53.873
23 - 25 JUN 2017,98,3,5,22,21:55.645
23 - 25 JUN 2017,57,22,4,31,27.025
23 - 25 JUN 2017,60,1,4,33,29.317
23 - 25 JUN 2017,100,2,4,33,20.446
23 - 25 JUN 2017,75,20,4,33,14.951
23 - 25 JUN 2017,6,1,4,33,14.943
23 - 25 JUN 2017,67,28,5,36,24.486
07 - 09 JUL 2017,88,16,1,1,33.607
07 - 09 JUL 2017,88,16,2,9,16.139
07 - 09 JUL 2017,70,13,1,14,21.977
07 - 09 JUL 2017,57,22,1,31,20.761
07 - 09 JUL 2017,100,2,1,31,21.714
07 - 09 JUL 2017,79,14,1,33,21.713
07 - 09 JUL 2017,60,1,1,34,21.750
07 - 09 JUL 2017,97,13,1,34,22.233
07 - 09 JUL 2017,89,3,1,34,22.339
07 - 09 JUL 2017,75,20,1,35,22.030
07 - 09 JUL 2017,103,11,1,35,21.332
07 - 09 JUL 2017,98,3,1,35,22.414
07 - 09 JUL 2017,67,28,1,36,22.026
07 - 09 JUL 2017,83,22,1,41,22.387
07 - 09 JUL 2017,93,16,1,40,21.659
07 - 09 JUL 2017,101,20,1,42,22.176
07 - 09 JUL 2017,6,1,1,44,21.662
07 - 09 JUL 2017,100,2,2,44,16.206
07 - 09 JUL 2017,30,11,1,47,20.977
07 - 09 JUL 2017,88,16,3,55,22.274
14 - 16 JUL 2017,88,16,1,1,45.538
14 - 16 JUL 2017,98,3,1,2,29.861
14 - 16 JUL 2017,98,3,2,3,29.941
14 - 16 JUL 2017,88,16,2,9,22.895
14 - 16 JUL 2017,60,1,1,18,28.363
14 - 16 JUL 2017,94,14,1,19,29.147
14 - 16 JUL 2017,101,20,1,20,29.194
14 - 16 JUL 2017,12,2,1,20,28.269
14 - 16 JUL 2017,103,11,1,22,29.849
14 - 16 JUL 2017,75,20,1,23,28.942
14 - 16 JUL 2017,67,28,1,23,28.361
14 - 16 JUL 2017,6,1,1,24,28.476
14 - 16 JUL 2017,70,13,1,24,30.841
14 - 16 JUL 2017,57,22,1,25,27.733
14 - 16 JUL 2017,30,11,1,25,27.583
14 - 16 JUL 2017,100,2,1,26,29.337
14 - 16 JUL 2017,88,16,3,27,28.630
14 - 16 JUL 2017,89,3,1,28,28.825
14 - 16 JUL 2017,98,3,3,31,31.250
14 - 16 JUL 2017,83,22,1,32,27.858
14 - 16 JUL 2017,79,14,1,32,27.910
14 - 16 JUL 2017,87,28,1,37,28.099
14 - 16 JUL 2017,103,11,2,42,28.335
14 - 16 JUL 2017,67,28,2,43,28.998
14 - 16 JUL 2017,6,1,2,49,29.057
14 - 16 JUL 2017,94,14,2,49,28.056
14 - 16 JUL 2017,60,1,2,50,35.204
28 - 30 JUL 2017,89,3,1,1,25.179
28 - 30 JUL 2017,98,3,1,3,24.213
28 - 30 JUL 2017,67,28,1,20,22.638
28 - 30 JUL 2017,98,3,2,28,22.998
28 - 30 JUL 2017,103,11,1,29,21.804
28 - 30 JUL 2017,83,22,1,30,22.681
28 - 30 JUL 2017,57,22,1,31,21.338
28 - 30 JUL 2017,87,28,1,31,22.684
28 - 30 JUL 2017,60,1,1,32,22.317
28 - 30 JUL 2017,6,1,1,33,21.919
28 - 30 JUL 2017,75,20,1,34,24.017
28 - 30 JUL 2017,76,11,1,34,22.399
28 - 30 JUL 2017,12,2,1,35,22.399
28 - 30 JUL 2017,93,16,1,35,22.745
28 - 30 JUL 2017,101,20,1,35,22.441
28 - 30 JUL 2017,88,16,1,40,22.273
28 - 30 JUL 2017,94,14,1,42,33.605
28 - 30 JUL 2017,100,2,1,42,28.616
28 - 30 JUL 2017,70,13,1,45,31.860
28 - 30 JUL 2017,97,13,1,46,22.684
28 - 30 JUL 2017,89,3,2,63,24.097
25 - 27 AUG 2017,97,13,1,8,26.202
25 - 27 AUG 2017,89,3,1,8,23.999
25 - 27 AUG 2017,87,28,1,9,22.828
25 - 27 AUG 2017,103,11,1,9,24.697
25 - 27 AUG 2017,101,20,1,10,23.364
25 - 27 AUG 2017,67,28,1,10,22.925
25 - 27 AUG 2017,12,2,1,10,24.158
25 - 27 AUG 2017,70,13,1,11,23.507
25 - 27 AUG 2017,30,11,1,11,22.667
25 - 27 AUG 2017,57,22,1,12,22.037
25 - 27 AUG 2017,75,20,1,12,23.289
25 - 27 AUG 2017,83,22,1,13,22.963
25 - 27 AUG 2017,60,1,1,14,22.443
25 - 27 AUG 2017,79,14,1,14,22.900
25 - 27 AUG 2017,6,1,1,15,22.533
25 - 27 AUG 2017,6,1,2,17,30.373
25 - 27 AUG 2017,88,16,1,18,22.444
25 - 27 AUG 2017,100,2,1,18,26.894
25 - 27 AUG 2017,93,16,1,19,24.095
25 - 27 AUG 2017,89,3,2,23,23.221
25 - 27 AUG 2017,75,20,2,25,28.594
25 - 27 AUG 2017,101,20,2,27,23.200
25 - 27 AUG 2017,6,1,3,29,22.963
25 - 27 AUG 2017,70,13,2,29,23.539
25 - 27 AUG 2017,67,28,2,29,22.756
25 - 27 AUG 2017,30,11,2,29,23.092
25 - 27 AUG 2017,101,20,3,29,29.646
25 - 27 AUG 2017,93,16,2,29,24.370
25 - 27 AUG 2017,103,11,2,29,23.109
25 - 27 AUG 2017,75,20,3,29,26.574
25 - 27 AUG 2017,60,1,2,30,25.650
25 - 27 AUG 2017,57,22,2,30,22.357
25 - 27 AUG 2017,83,22,2,30,22.919
25 - 27 AUG 2017,79,14,2,30,23.180
25 - 27 AUG 2017,89,3,3,29,23.792
25 - 27 AUG 2017,87,28,2,30,22.908
25 - 27 AUG 2017,88,16,2,30,23.341
25 - 27 AUG 2017,97,13,2,30,24.674
25 - 27 AUG 2017,100,2,2,30,26.187
25 - 27 AUG 2017,87,28,3,34,23.737
01 - 03 SEP 2017,67,28,1,3,33.433
01 - 03 SEP 2017,94,14,1,3,39.888
01 - 03 SEP 2017,70,13,1,9,24.418
01 - 03 SEP 2017,87,28,1,11,24.384
01 - 03 SEP 2017,93,16,1,13,24.865
01 - 03 SEP 2017,6,1,1,15,25.367
01 - 03 SEP 2017,101,20,1,16,24.432
01 - 03 SEP 2017,103,11,1,17,26.131
01 - 03 SEP 2017,89,3,1,18,25.310
01 - 03 SEP 2017,88,16,1,19,25.826
01 - 03 SEP 2017,98,3,1,20,25.212
01 - 03 SEP 2017,30,11,1,21,25.078
01 - 03 SEP 2017,97,13,1,25,31.008
01 - 03 SEP 2017,94,14,2,27,24.173
01 - 03 SEP 2017,12,2,1,30,24.442
01 - 03 SEP 2017,60,1,1,31,24.307
01 - 03 SEP 2017,57,22,1,32,23.725
01 - 03 SEP 2017,75,20,1,32,25.377
01 - 03 SEP 2017,83,22,1,33,23.728
01 - 03 SEP 2017,67,28,2,34,24.307
01 - 03 SEP 2017,79,14,1,37,23.951
15 - 17 SEP 2017,57,22,1,1,30.442
15 - 17 SEP 2017,79,14,1,1,30.737
15 - 17 SEP 2017,70,13,1,1,31.032
15 - 17 SEP 2017,75,20,1,1,30.709
15 - 17 SEP 2017,97,13,1,1,30.785
15 - 17 SEP 2017,83,22,1,1,30.444
15 - 17 SEP 2017,100,2,1,1,31.550
15 - 17 SEP 2017,101,20,1,1,31.793
15 - 17 SEP 2017,93,16,1,1,32.689
15 - 17 SEP 2017,87,28,1,1,32.701
15 - 17 SEP 2017,88,16,1,1,33.077
15 - 17 SEP 2017,12,2,1,1,36.900
15 - 17 SEP 2017,103,11,1,1,37.403
15 - 17 SEP 2017,30,11,1,1,38.464
15 - 17 SEP 2017,67,28,1,1,39.455
15 - 17 SEP 2017,89,3,1,1,40.125
15 - 17 SEP 2017,98,3,1,1,40.506
15 - 17 SEP 2017,57,22,2,2,24.368
15 - 17 SEP 2017,79,14,2,2,24.402
15 - 17 SEP 2017,70,13,2,2,25.093
15 - 17 SEP 2017,75,20,2,2,25.315
15 - 17 SEP 2017,83,22,2,2,25.367
15 - 17 SEP 2017,97,13,2,2,26.206
15 - 17 SEP 2017,100,2,2,2,26.553
15 - 17 SEP 2017,101,20,2,2,26.532
15 - 17 SEP 2017,93,16,2,2,27.452
15 - 17 SEP 2017,87,28,2,2,26.903
15 - 17 SEP 2017,88,16,2,2,27.015
15 - 17 SEP 2017,12,2,2,2,29.306
15 - 17 SEP 2017,103,11,2,2,29.294
15 - 17 SEP 2017,30,11,2,2,30.790
15 - 17 SEP 2017,67,28,2,2,31.320
15 - 17 SEP 2017,89,3,2,2,38.886
15 - 17 SEP 2017,98,3,2,2,45.875
15 - 17 SEP 2017,57,22,3,3,24.337
15 - 17 SEP 2017,79,14,3,3,24.362
15 - 17 SEP 2017,70,13,3,3,24.964
15 - 17 SEP 2017,75,20,3,3,25.288
15 - 17 SEP 2017,83,22,3,3,25.432
15 - 17 SEP 2017,97,13,3,3,25.113
15 - 17 SEP 2017,100,2,3,3,24.543
15 - 17 SEP 2017,101,20,3,3,24.664
15 - 17 SEP 2017,93,16,3,3,25.356
15 - 17 SEP 2017,87,28,3,3,25.509
15 - 17 SEP 2017,88,16,3,3,25.003
15 - 17 SEP 2017,12,2,3,3,25.626
15 - 17 SEP 2017,103,11,3,3,25.584
15 - 17 SEP 2017,30,11,3,3,25.731
15 - 17 SEP 2017,67,28,3,3,26.228
15 - 17 SEP 2017,89,3,3,3,27.591
15 - 17 SEP 2017,98,3,3,3,27.865
15 - 17 SEP 2017,79,14,4,11,29.658
15 - 17 SEP 2017,75,20,4,11,30.128
15 - 17 SEP 2017,101,20,4,11,31.336
15 - 17 SEP 2017,87,28,4,11,30.132
15 - 17 SEP 2017,70,13,4,12,30.725
15 - 17 SEP 2017,97,13,4,12,30.015
15 - 17 SEP 2017,100,2,4,12,30.390
15 - 17 SEP 2017,89,3,4,13,31.714
15 - 17 SEP 2017,30,11,4,17,29.685
15 - 17 SEP 2017,98,3,4,21,32.249
15 - 17 SEP 2017,87,28,5,24,30.504
15 - 17 SEP 2017,30,11,5,24,30.048
15 - 17 SEP 2017,103,11,4,26,29.412
15 - 17 SEP 2017,93,16,4,27,30.093
15 - 17 SEP 2017,100,2,5,27,36.138
15 - 17 SEP 2017,67,28,4,27,29.049
15 - 17 SEP 2017,101,20,5,27,29.173
15 - 17 SEP 2017,89,3,5,27,50.617
15 - 17 SEP 2017,79,14,5,28,29.118
15 - 17 SEP 2017,83,22,4,28,29.089
15 - 17 SEP 2017,70,13,5,28,30.005
15 - 17 SEP 2017,75,20,5,28,29.186
15 - 17 SEP 2017,57,22,4,29,28.466
15 - 17 SEP 2017,98,3,5,28,31.094
15 - 17 SEP 2017,97,13,5,29,30.038
15 - 17 SEP 2017,89,3,6,31,30.067
15 - 17 SEP 2017,30,11,6,37,29.671
15 - 17 SEP 2017,70,13,6,38,1:08.357
15 - 17 SEP 2017,101,20,6,38,29.134
15 - 17 SEP 2017,87,28,6,38,29.379
15 - 17 SEP 2017,98,3,6,37,32.183
29 SEP - 01 OCT 2017,101,20,1,2,24.456
29 SEP - 01 OCT 2017,70,13,1,9,24.872
29 SEP - 01 OCT 2017,87,28,1,10,23.766
29 SEP - 01 OCT 2017,30,11,1,11,23.791
29 SEP - 01 OCT 2017,67,28,1,11,24.912
29 SEP - 01 OCT 2017,103,11,1,12,24.109
29 SEP - 01 OCT 2017,104,16,1,12,25.044
29 SEP - 01 OCT 2017,100,2,1,13,24.580
29 SEP - 01 OCT 2017,97,13,1,13,25.558
29 SEP - 01 OCT 2017,57,22,1,26,23.489
29 SEP - 01 OCT 2017,12,2,1,26,25.798
29 SEP - 01 OCT 2017,94,14,1,27,23.652
29 SEP - 01 OCT 2017,60,1,1,27,23.695
29 SEP - 01 OCT 2017,83,22,1,28,23.676
29 SEP - 01 OCT 2017,79,14,1,29,24.199
29 SEP - 01 OCT 2017,75,20,1,30,24.314
29 SEP - 01 OCT 2017,67,28,2,33,24.419
29 SEP - 01 OCT 2017,98,3,1,37,25.060
29 SEP - 01 OCT 2017,89,3,1,38,24.719
29 SEP - 01 OCT 2017,70,13,2,50,25.714
06 - 08 OCT 2017,98,3,1,2,24.424
06 - 08 OCT 2017,98,3,2,3,24.918
06 - 08 OCT 2017,103,11,1,4,23.475
06 - 08 OCT 2017,100,2,1,9,23.430
06 - 08 OCT 2017,30,11,1,17,22.956
06 - 08 OCT 2017,87,28,1,19,23.065
06 - 08 OCT 2017,101,20,1,20,24.078
06 - 08 OCT 2017,94,14,1,21,22.620
06 - 08 OCT 2017,75,20,1,21,23.634
06 - 08 OCT 2017,57,22,1,22,22.724
06 - 08 OCT 2017,104,16,1,22,23.344
06 - 08 OCT 2017,67,28,1,23,22.781
06 - 08 OCT 2017,79,14,1,25,23.796
06 - 08 OCT 2017,12,2,1,25,24.636
06 - 08 OCT 2017,98,3,3,25,24.952
06 - 08 OCT 2017,6,1,1,28,23.699
06 - 08 OCT 2017,83,22,1,30,22.876
06 - 08 OCT 2017,100,2,2,34,23.399
06 - 08 OCT 2017,103,11,2,35,22.736
06 - 08 OCT 2017,70,13,1,38,23.199
06 - 08 OCT 2017,97,13,1,39,25.618
06 - 08 OCT 2017,104,16,2,39,24.413
20 - 22 OCT 2017,87,28,1,1,25.112
20 - 22 OCT 2017,98,3,1,3,31.334
20 - 22 OCT 2017,105,16,1,8,24.400
20 - 22 OCT 2017,103,11,1,10,24.949
20 - 22 OCT 2017,79,14,1,12,23.604
20 - 22 OCT 2017,75,20,1,12,24.326
20 - 22 OCT 2017,101,20,1,14,24.502
20 - 22 OCT 2017,12,2,1,14,23.796
20 - 22 OCT 2017,60,1,1,16,24.300
20 - 22 OCT 2017,67,28,1,16,24.897
20 - 22 OCT 2017,88,16,1,17,24.883
20 - 22 OCT 2017,83,22,1,18,23.459
20 - 22 OCT 2017,57,22,1,19,23.402
20 - 22 OCT 2017,93,13,1,19,24.525
20 - 22 OCT 2017,6,1,1,20,23.575
20 - 22 OCT 2017,89,3,1,21,25.841
20 - 22 OCT 2017,94,14,1,24,24.325
20 - 22 OCT 2017,100,2,1,25,23.578
20 - 22 OCT 2017,30,11,1,29,23.772
20 - 22 OCT 2017,105,16,2,35,24.229
20 - 22 OCT 2017,103,11,2,36,24.497
20 - 22 OCT 2017,94,14,2,37,23.423
20 - 22 OCT 2017,60,1,2,38,23.620
20 - 22 OCT 2017,87,28,2,49,25.268
20 - 22 OCT 2017,83,22,2,52,23.254
27 - 29 OCT 2017,60,1,1,1,32.037
27 - 29 OCT 2017,57,22,1,1,29.283
27 - 29 OCT 2017,93,13,1,2,22.852
27 - 29 OCT 2017,30,11,1,3,22.055
27 - 29 OCT 2017,98,3,1,4,23.358
27 - 29 OCT 2017,75,20,1,18,22.903
27 - 29 OCT 2017,70,13,1,19,22.587
27 - 29 OCT 2017,101,20,1,20,22.665
27 - 29 OCT 2017,89,3,1,28,22.736
27 - 29 OCT 2017,87,28,1,31,22.507
27 - 29 OCT 2017,100,2,1,31,28.044
27 - 29 OCT 2017,94,14,1,32,22.570
27 - 29 OCT 2017,104,16,1,31,22.709
27 - 29 OCT 2017,67,28,1,31,28.761
27 - 29 OCT 2017,83,22,1,32,21.758
27 - 29 OCT 2017,57,22,2,31,23.315
27 - 29 OCT 2017,93,13,2,31,23.035
27 - 29 OCT 2017,6,1,1,32,22.540
27 - 29 OCT 2017,103,11,1,32,21.825
27 - 29 OCT 2017,60,1,2,32,22.379
27 - 29 OCT 2017,12,2,1,32,22.655
27 - 29 OCT 2017,75,20,2,50,22.528
27 - 29 OCT 2017,67,28,2,62,23.035
10 - 12 NOV 2017,60,1,1,1,19.097
10 - 12 NOV 2017,83,22,1,1,18.717
10 - 12 NOV 2017,6,1,1,1,19.433
10 - 12 NOV 2017,94,14,1,1,18.827
10 - 12 NOV 2017,12,2,1,1,18.487
10 - 12 NOV 2017,30,11,1,1,18.238
10 - 12 NOV 2017,75,20,1,1,18.417
10 - 12 NOV 2017,70,13,1,1,18.927
10 - 12 NOV 2017,93,13,1,1,19.208
10 - 12 NOV 2017,104,16,1,1,19.430
10 - 12 NOV 2017,89,3,1,1,19.603
10 - 12 NOV 2017,105,16,1,1,19.936
10 - 12 NOV 2017,103,11,1,1,20.146
10 - 12 NOV 2017,98,3,1,1,26.439
10 - 12 NOV 2017,67,28,1,1,25.845
10 - 12 NOV 2017,57,22,1,1,19.377
10 - 12 NOV 2017,79,14,1,1,25.946
10 - 12 NOV 2017,60,1,2,2,17.817
10 - 12 NOV 2017,83,22,2,2,17.827
10 - 12 NOV 2017,6,1,2,2,18.027
10 - 12 NOV 2017,94,14,2,2,17.913
10 - 12 NOV 2017,12,2,2,2,17.770
10 - 12 NOV 2017,30,11,2,2,17.736
10 - 12 NOV 2017,75,20,2,2,17.959
10 - 12 NOV 2017,70,13,2,2,18.549
10 - 12 NOV 2017,93,13,2,2,18.604
10 - 12 NOV 2017,104,16,2,2,18.855
10 - 12 NOV 2017,89,3,2,2,19.250
10 - 12 NOV 2017,105,16,2,2,19.439
10 - 12 NOV 2017,103,11,2,2,19.270
10 - 12 NOV 2017,57,22,2,2,19.237
10 - 12 NOV 2017,98,3,2,2,19.160
10 - 12 NOV 2017,67,28,2,2,18.860
10 - 12 NOV 2017,79,14,2,2,17.929
10 - 12 NOV 2017,60,1,3,3,17.842
10 - 12 NOV 2017,83,22,3,3,17.784
10 - 12 NOV 2017,6,1,3,3,18.290
10 - 12 NOV 2017,94,14,3,3,18.017
10 - 12 NOV 2017,12,2,3,3,17.716
10 - 12 NOV 2017,30,11,3,3,17.745
10 - 12 NOV 2017,75,20,3,3,17.822
10 - 12 NOV 2017,70,13,3,3,18.052
10 - 12 NOV 2017,93,13,3,3,18.347
10 - 12 NOV 2017,104,16,3,3,18.207
10 - 12 NOV 2017,89,3,3,3,17.802
10 - 12 NOV 2017,105,16,3,3,17.738
10 - 12 NOV 2017,103,11,3,3,17.925
10 - 12 NOV 2017,57,22,3,3,18.725
10 - 12 NOV 2017,98,3,3,3,18.764
10 - 12 NOV 2017,67,28,3,3,18.456
10 - 12 NOV 2017,79,14,3,3,18.129
10 - 12 NOV 2017,83,22,4,27,23.064
10 - 12 NOV 2017,30,11,4,27,23.275
10 - 12 NOV 2017,105,16,4,27,23.830
10 - 12 NOV 2017,60,1,4,28,22.736
10 - 12 NOV 2017,94,14,4,28,23.180
10 - 12 NOV 2017,12,2,4,28,23.342
10 - 12 NOV 2017,103,11,4,28,22.486
10 - 12 NOV 2017,6,1,4,29,23.170
10 - 12 NOV 2017,70,13,4,30,24.054
10 - 12 NOV 2017,93,13,4,31,23.550
10 - 12 NOV 2017,75,20,4,35,23.275
10 - 12 NOV 2017,57,22,4,43,23.121
10 - 12 NOV 2017,79,14,4,43,23.484
10 - 12 NOV 2017,104,16,4,44,23.748
10 - 12 NOV 2017,89,3,4,44,24.164
10 - 12 NOV 2017,67,28,4,48,34.438
10 - 12 NOV 2017,94,14,5,62,22.644
10 - 12 NOV 2017,103,11,5,67,24.756
24 - 26 NOV 2017,103,11,1,11,21.613
24 - 26 NOV 2017,100,2,1,12,22.125
24 - 26 NOV 2017,94,14,1,14,21.269
24 - 26 NOV 2017,6,1,1,15,21.609
24 - 26 NOV 2017,75,20,1,16,21.869
24 - 26 NOV 2017,70,13,1,17,29.724
24 - 26 NOV 2017,79,14,1,19,23.477
24 - 26 NOV 2017,60,1,1,20,21.221
24 - 26 NOV 2017,83,22,1,21,21.478
24 - 26 NOV 2017,12,2,1,21,22.541
24 - 26 NOV 2017,30,11,1,22,21.449
24 - 26 NOV 2017,87,28,1,22,21.875
24 - 26 NOV 2017,57,22,1,24,21.274
24 - 26 NOV 2017,105,16,1,26,21.598
24 - 26 NOV 2017,98,3,1,28,22.959
24 - 26 NOV 2017,103,11,2,29,21.543
24 - 26 NOV 2017,104,16,1,30,21.519
24 - 26 NOV 2017,89,3,1,30,22.176
24 - 26 NOV 2017,101,20,1,31,21.865
24 - 26 NOV 2017,93,13,1,31,21.956
24 - 26 NOV 2017,67,28,1,32,21.850
24 - 26 NOV 2017,103,11,3,35,21.908
