race_id,driver_id,team_id,stop_number,stop_lap,pits_time
1,6,1,1,18,21.421
1,57,22,1,19,21.821
1,94,14,1,21,20.953
1,87,28,1,22,21.983
1,93,13,1,22,23.868
1,105,16,2,22,22.296
1,101,20,1,23,21.854
1,67,28,1,24,23.054
1,70,13,1,24,22.628
1,75,20,1,24,22.327
1,100,2,1,25,22.474
1,83,22,1,25,21.664
1,60,1,1,26,21.787
1,79,14,1,26,21.440
1,12,2,1,26,22.573
1,106,3,2,27,22.836
1,103,11,2,29,21.397
2,94,14,1,2,30.381
2,60,1,1,18,24.524
2,6,1,1,19,25.018
2,83,22,1,20,26.105
2,89,3,1,23,25.194
2,57,22,1,26,24.302
2,93,13,2,26,25.307
2,87,28,2,27,24.629
2,100,2,2,28,25.131
2,103,11,2,30,24.638
2,75,20,2,32,24.677
2,104,16,2,34,24.957
2,106,3,2,34,25.139
2,101,20,2,35,24.596
2,70,13,2,39,24.382
2,12,2,2,39,24.581
2,107,11,2,40,25.693
2,105,16,2,42,24.953
2,67,28,3,45,26.263
3,57,22,1,18,22.464
3,83,22,1,19,22.097
3,60,1,1,20,23.009
3,106,3,1,21,23.392
3,100,2,1,22,23.730
3,103,11,1,23,22.661
3,87,28,1,24,22.973
3,6,1,1,27,22.913
3,12,2,1,29,24.110
3,89,3,1,29,22.785
3,94,14,2,31,22.596
3,105,16,2,30,24.070
3,79,14,2,31,22.691
3,70,13,2,31,23.297
3,93,13,2,31,23.117
3,101,20,2,31,22.637
3,104,16,2,31,34.650
3,75,20,2,32,22.334
3,107,11,2,33,22.723
3,67,28,2,46,23.735
4,79,14,1,37,19.925
4,94,14,1,38,19.765
4,83,22,1,40,20.192
4,60,1,2,40,20.823
4,87,28,2,39,21.778
4,57,22,2,40,21.329
4,104,16,2,39,21.287
4,105,16,3,39,21.072
4,6,1,2,40,21.149
4,75,20,2,40,26.174
4,67,28,2,40,22.757
4,93,13,2,40,20.967
4,106,3,2,40,22.030
4,103,11,2,40,21.236
4,12,2,2,40,21.371
4,89,3,4,39,14.998
4,100,2,4,46,20.978
5,83,22,1,19,23.213
5,106,3,1,20,21.995
5,103,11,1,20,21.351
5,12,2,1,21,21.721
5,57,22,1,25,22.085
5,93,13,1,25,22.409
5,101,20,1,29,47.910
5,87,28,1,32,22.917
5,79,14,1,33,21.618
5,105,16,2,33,22.472
5,94,14,1,34,21.740
5,100,2,1,34,27.416
5,89,3,1,35,22.100
5,60,1,2,41,24.273
5,75,20,2,40,22.242
5,107,11,3,41,23.865
6,57,22,1,12,23.739
6,105,16,1,13,24.326
6,106,3,1,14,23.870
6,60,1,1,16,23.964
6,93,13,1,16,24.874
6,79,14,1,17,24.542
6,6,1,1,17,24.263
6,83,22,1,17,24.020
6,87,28,1,17,24.237
6,89,3,1,17,24.291
6,12,2,1,19,24.241
6,75,20,1,21,29.379
6,101,20,1,23,24.663
6,104,16,1,37,24.296
6,94,14,1,47,24.111
6,107,11,3,49,25.563
6,70,13,1,50,25.213
6,103,11,3,59,24.852
6,67,28,2,68,24.568
6,100,2,2,72,25.438
7,89,3,1,1,23.529
7,101,20,1,11,25.353
7,70,13,1,13,24.521
7,93,13,1,14,24.416
7,94,14,1,16,23.137
7,57,22,1,16,23.335
7,79,14,1,17,23.279
7,12,2,1,18,23.099
7,106,3,1,19,23.666
7,87,28,1,22,24.008
7,104,16,1,23,24.107
7,107,11,1,26,23.531
7,6,1,1,32,23.645
7,83,22,1,36,23.775
7,60,1,1,37,23.529
7,75,20,2,44,23.718
7,67,28,1,48,24.400
7,100,2,2,48,23.537
8,103,11,1,1,26.576
8,107,11,1,1,26.273
8,94,14,1,25,24.395
8,93,13,1,26,25.423
8,79,14,1,28,24.309
8,87,28,1,28,25.419
8,106,3,1,31,25.026
8,57,22,1,33,24.310
8,6,1,1,34,24.289
8,67,28,1,34,29.996
8,89,3,1,35,24.295
8,70,13,1,37,25.016
8,105,16,1,38,24.297
8,83,22,2,39,30.666
8,60,1,2,40,31.029
8,100,2,1,40,24.399
8,12,2,2,46,24.788
9,94,14,1,15,21.214
9,6,1,1,15,21.552
9,60,1,1,15,23.912
9,67,28,1,15,22.121
9,101,20,1,15,22.527
9,104,16,1,15,22.011
9,106,3,1,15,21.364
9,12,2,1,15,21.588
9,75,20,1,27,22.863
9,87,28,1,28,22.138
9,93,13,2,34,26.335
9,79,14,2,38,21.259
9,100,2,2,40,22.526
9,89,3,1,45,21.519
9,57,22,2,52,20.980
9,107,11,2,60,24.884
9,103,11,2,65,22.299
10,106,3,1,18,27.865
10,101,20,1,19,29.410
10,70,13,1,20,28.719
10,83,22,1,21,27.894
10,107,11,1,21,28.224
10,89,3,1,24,28.207
10,57,22,1,25,28.982
10,87,28,1,25,28.450
10,67,28,1,26,29.254
10,79,14,2,30,28.001
10,103,11,1,30,27.774
10,12,2,2,32,28.085
10,93,13,2,32,28.078
10,104,16,2,32,29.766
10,75,20,2,32,28.836
10,60,1,2,33,28.174
10,94,14,2,33,28.000
10,6,1,2,33,28.985
10,100,2,2,33,28.658
11,75,20,1,22,25.130
11,60,1,1,25,18.657
11,101,20,1,25,19.570
11,89,3,1,38,18.840
11,57,22,1,42,18.978
11,106,3,3,46,20.653
11,104,16,2,46,19.512
11,94,14,3,48,19.087
11,12,2,3,47,20.927
11,103,11,2,50,19.526
11,83,22,2,52,33.279
11,107,11,2,51,21.711
11,6,1,2,53,19.988
11,105,16,2,52,19.985
11,100,2,2,52,19.621
11,70,13,3,55,20.812
11,67,28,3,55,19.752
11,87,28,3,55,27.736
11,93,13,3,56,20.530
12,89,3,1,6,22.640
12,83,22,1,15,21.337
12,75,20,1,22,22.561
12,105,16,1,24,21.831
12,57,22,1,25,21.480
12,93,13,1,25,21.914
12,67,28,1,29,21.733
12,87,28,1,31,25.126
12,107,11,1,31,21.509
12,104,16,1,32,21.684
12,6,1,2,38,21.829
12,60,1,1,39,23.111
12,12,2,1,39,21.795
12,101,20,1,39,22.258
12,100,2,1,40,21.732
12,79,14,1,44,21.364
12,103,11,1,47,21.291
12,70,13,2,50,22.650
13,79,14,1,1,6:35.824
13,6,1,2,7,35.451
13,57,22,2,21,22.375
13,60,1,2,22,22.253
13,93,13,2,22,23.857
13,67,28,2,23,23.248
13,103,11,2,23,22.901
13,101,20,2,24,23.225
13,107,11,2,24,22.339
13,75,20,2,25,23.157
13,104,16,2,25,22.953
13,94,14,2,26,22.341
13,87,28,2,26,24.304
13,89,3,2,26,22.558
13,100,2,3,28,23.389
13,83,22,3,29,22.399
13,105,16,2,31,29.316
14,79,14,1,1,24.805
14,87,28,1,4,38.563
14,6,1,1,20,23.862
14,67,28,1,23,24.779
14,100,2,1,24,24.094
14,94,14,1,26,24.003
14,57,22,1,28,23.728
14,60,1,2,29,24.301
14,104,16,1,34,27.792
14,106,3,1,34,24.084
14,103,11,1,35,26.440
14,83,22,1,36,23.763
14,107,11,1,37,25.245
14,101,20,1,38,24.827
14,75,20,1,39,25.655
14,93,13,1,39,25.774
14,70,13,2,41,24.456
14,89,3,2,42,25.575
15,60,1,1,14,28.722
15,57,22,1,15,28.946
15,70,13,1,15,31.183
15,83,22,1,16,28.542
15,67,28,1,16,29.517
15,94,14,1,17,29.681
15,6,1,1,22,29.513
15,104,16,1,26,28.931
15,79,14,1,27,28.779
15,105,16,2,36,29.464
15,93,13,1,37,30.242
15,12,2,1,38,29.922
15,106,3,1,38,29.310
15,75,20,3,39,24.340
15,103,11,1,40,28.767
15,100,2,1,43,30.234
15,89,3,1,44,28.860
15,107,11,2,45,34.022
15,87,28,3,48,29.324
16,105,16,1,3,29.418
16,12,2,1,5,30.348
16,103,11,1,7,29.266
16,67,28,1,8,30.469
16,87,28,1,9,29.904
16,106,3,1,10,30.397
16,101,20,1,10,30.642
16,107,11,1,10,29.912
16,100,2,1,11,29.636
16,83,22,1,12,29.794
16,75,20,1,12,29.924
16,60,1,1,13,29.798
16,57,22,1,14,29.551
16,6,1,1,18,29.531
16,93,13,1,32,30.021
16,70,13,1,35,30.625
16,89,3,2,37,30.146
16,79,14,1,39,37.446
16,94,14,1,43,29.370
17,87,28,1,2,29.007
17,89,3,1,5,23.244
17,6,1,1,17,22.781
17,94,14,1,21,28.789
17,83,22,1,23,22.777
17,79,14,1,23,22.864
17,100,2,1,23,23.159
17,57,22,1,24,22.614
17,75,20,1,24,23.635
17,101,20,1,26,23.316
17,60,1,1,26,22.748
17,12,2,1,26,27.454
17,105,16,1,28,23.110
17,67,28,1,29,23.692
17,104,16,1,29,23.376
17,70,13,1,30,23.555
17,93,13,1,32,23.477
17,106,3,2,35,26.672
17,107,11,2,38,23.647
17,103,11,2,39,29.804
18,106,3,1,1,34.812
18,67,28,1,1,35.104
18,6,1,1,21,23.714
18,94,14,1,22,23.446
18,101,20,1,22,24.534
18,83,22,1,23,23.478
18,70,13,1,23,24.681
18,93,13,1,24,29.319
18,75,20,1,25,25.723
18,60,1,1,26,24.449
18,105,16,1,27,23.819
18,107,11,2,29,23.715
18,87,28,1,30,23.723
18,89,3,1,30,23.940
18,57,22,2,37,23.915
18,104,16,2,36,24.219
18,103,11,3,38,24.296
18,100,2,2,40,24.195
19,93,13,1,11,22.660
19,107,11,1,11,22.732
19,79,14,1,12,22.022
19,70,13,1,12,23.037
19,100,2,1,12,22.174
19,106,3,1,13,22.588
19,89,3,1,16,31.406
19,6,1,1,17,22.017
19,103,11,2,23,23.371
19,105,16,2,24,23.553
19,104,16,2,26,23.055
19,75,20,1,30,23.755
19,101,20,2,30,22.756
19,87,28,1,43,22.390
19,60,1,2,47,21.777
19,57,22,2,47,22.399
19,94,14,2,48,22.088
19,67,28,2,60,23.426
19,83,22,3,62,22.512
20,107,11,1,16,23.273
20,89,3,1,18,23.377
20,57,22,1,19,22.641
20,104,16,1,22,23.757
20,100,2,1,28,22.618
20,6,1,1,31,22.766
20,67,28,1,32,23.403
20,94,14,1,35,23.432
20,106,3,1,35,23.593
20,79,14,1,39,23.300
20,75,20,1,39,23.505
20,87,28,1,41,23.115
20,93,13,2,48,23.770
20,105,16,1,49,23.422
20,60,1,2,53,22.683
20,12,2,2,54,23.046
20,101,20,2,57,31.198
20,83,22,2,59,22.727
20,103,11,2,65,24.283
21,105,16,1,1,41.012
21,57,22,1,7,21.283
21,106,3,1,7,21.828
21,67,28,1,7,22.354
21,60,1,1,15,22.630
21,94,14,1,17,21.057
21,101,20,1,18,21.979
21,75,20,1,26,22.112
21,12,2,1,27,21.726
21,104,16,1,29,22.493
21,79,14,1,33,21.061
21,100,2,1,35,22.317
21,107,11,1,35,22.755
21,93,13,1,37,21.964
21,83,22,2,40,21.289
21,103,11,1,40,22.189
21,87,28,1,41,21.587
22,79,13,1,1,33.027
22,6,30,1,12,23.299
22,70,13,1,13,21.588
22,75,31,1,13,23.234
22,60,1,1,14,21.995
22,87,28,1,14,22.388
22,109,16,1,14,21.780
22,57,22,1,15,21.515
22,67,28,1,15,29.981
22,108,2,1,15,21.627
22,83,22,1,23,22.014
22,94,14,1,25,21.157
22,88,16,1,26,22.086
22,103,31,1,27,22.471
22,102,30,1,27,27.172
22,106,1,1,28,22.306
22,104,14,1,37,21.269
22,110,11,2,42,21.543
22,56,11,3,44,21.889
23,67,28,1,1,32.082
23,103,31,2,23,26.600
23,79,13,1,24,25.676
23,109,16,2,25,24.842
23,110,11,2,26,24.912
23,56,11,2,27,24.313
23,94,14,2,32,26.729
23,70,13,2,32,25.253
23,6,30,2,33,25.621
23,75,31,2,33,26.798
23,57,22,2,34,24.324
23,108,2,2,34,24.717
23,106,1,2,36,24.358
23,83,22,2,37,24.433
23,60,1,3,38,34.193
23,88,16,2,38,30.761
23,87,28,2,38,25.982
23,104,14,2,39,24.484
23,102,30,2,40,24.880
23,93,2,3,40,24.985
24,70,13,1,11,24.107
24,79,13,1,18,23.506
24,109,16,1,19,23.215
24,75,31,1,20,23.733
24,6,30,1,25,23.888
24,56,11,1,26,32.627
24,102,30,2,30,25.137
24,88,16,3,30,43.206
24,87,28,2,33,23.383
24,94,14,2,34,22.365
24,60,1,2,35,22.316
24,108,2,3,34,22.524
24,67,28,2,35,23.520
24,57,22,2,36,23.597
24,83,22,2,36,24.083
24,93,2,2,36,22.532
24,106,1,2,42,24.227
24,103,31,2,44,23.515
24,110,11,2,49,23.965
24,104,14,3,53,22.408
25,88,16,1,5,21.013
25,6,30,1,6,21.401
25,102,30,1,7,20.776
25,75,31,1,10,20.939
25,103,31,1,10,23.099
25,79,13,1,10,20.884
25,60,1,1,11,19.981
25,83,22,1,12,20.006
25,93,2,1,12,19.755
25,109,16,1,12,20.720
25,57,22,1,13,19.993
25,94,14,1,14,20.973
25,70,13,2,34,20.870
25,67,28,1,34,20.906
25,110,11,2,38,20.751
25,108,2,2,39,22.080
25,87,28,2,39,20.859
25,56,11,3,42,20.703
25,106,1,2,47,19.857
26,103,31,1,22,23.321
26,108,2,1,26,21.579
26,70,13,1,35,22.193
26,60,1,2,40,21.643
26,102,30,2,41,23.507
26,94,14,2,43,22.540
26,83,22,2,45,22.018
26,88,16,2,45,33.821
26,87,28,2,45,22.992
26,109,16,2,45,37.345
26,57,22,2,46,22.511
26,79,13,2,45,22.702
26,75,31,2,45,22.896
26,110,11,2,44,21.846
26,106,1,2,46,21.638
26,6,30,2,45,22.549
26,56,11,2,44,22.142
26,104,14,2,46,22.095
26,67,28,2,46,22.732
26,93,2,2,46,21.545
27,70,13,1,9,25.532
27,110,11,1,10,26.165
27,57,22,1,11,24.266
27,94,14,1,11,24.011
27,60,1,1,11,24.483
27,87,28,1,11,25.419
27,79,13,1,11,24.269
27,75,31,1,11,28.463
27,83,22,2,12,24.776
27,106,1,2,16,25.705
27,56,11,1,21,23.946
27,93,2,1,30,23.795
27,88,16,1,32,24.023
27,103,31,1,39,24.591
27,109,16,1,40,25.062
27,102,30,1,44,35.651
27,6,30,1,46,26.299
27,108,2,1,47,25.026
27,67,28,1,50,24.219
27,104,14,2,62,23.858
28,109,16,1,1,37.950
28,93,2,1,3,24.727
28,104,14,1,7,23.485
28,79,13,1,8,23.927
28,110,11,1,9,23.686
28,75,31,1,11,24.076
28,88,16,1,12,23.825
28,70,13,1,16,24.030
28,60,1,1,26,23.782
28,57,22,1,28,23.662
28,106,1,1,33,23.732
28,102,30,1,33,23.884
28,67,28,1,34,24.071
28,56,11,2,38,23.119
28,87,28,1,39,24.381
28,103,31,1,45,23.727
28,94,14,1,48,23.426
28,6,30,2,58,24.666
28,83,22,2,67,23.456
29,79,13,1,16,31.031
29,87,28,1,16,30.832
29,104,14,1,17,30.228
29,108,2,1,18,30.576
29,75,31,1,18,37.286
29,93,2,1,19,29.920
29,94,14,1,20,30.118
29,106,1,1,21,30.203
29,83,22,1,23,30.412
29,57,22,1,24,30.186
29,56,11,1,24,29.792
29,109,16,1,25,30.279
29,6,30,1,31,29.975
29,67,28,1,31,30.837
29,88,16,1,32,30.233
29,110,11,2,33,37.494
29,70,13,1,34,30.884
29,102,30,2,34,31.697
29,103,31,1,39,30.849
29,60,1,2,51,30.468
30,56,11,1,19,21.525
30,83,22,1,21,22.552
30,106,1,1,22,21.878
30,6,30,1,23,21.709
30,102,30,1,24,21.672
30,108,2,1,25,21.547
30,104,14,1,25,22.239
30,103,31,1,25,21.982
30,70,13,1,26,21.985
30,110,11,1,27,22.772
30,75,31,1,28,22.330
30,57,22,1,30,30.067
30,94,14,1,31,21.110
30,88,16,1,32,25.091
30,67,28,1,34,22.265
30,109,16,1,35,21.225
30,93,2,1,41,21.266
30,79,13,1,46,22.305
30,60,1,2,50,22.251
30,87,28,3,62,22.309
31,67,28,1,1,33.562
31,87,28,1,1,32.767
31,104,14,1,12,27.905
31,109,16,1,13,28.954
31,70,13,1,13,28.926
31,6,30,1,17,28.364
31,57,22,1,20,28.905
31,94,14,2,20,27.950
31,93,2,1,20,27.980
31,79,13,2,20,28.381
31,56,11,1,20,28.694
31,106,1,2,21,28.348
31,88,16,2,21,28.811
31,110,11,1,21,30.245
31,108,2,2,35,27.919
31,60,1,2,38,38.468
31,103,31,2,39,29.074
31,83,22,2,45,28.177
31,75,31,3,46,28.747
32,79,13,1,3,21.224
32,108,2,2,25,20.242
32,106,1,3,27,20.317
32,70,13,3,29,20.624
32,103,31,5,44,20.152
32,88,16,4,45,20.671
32,94,14,5,46,19.062
32,83,22,4,46,21.009
32,93,2,3,46,20.711
32,104,14,4,46,20.012
32,109,16,4,46,19.931
32,67,28,5,46,21.423
32,6,30,4,47,20.930
32,60,1,5,47,19.586
32,102,30,4,47,28.093
32,57,22,6,56,19.610
32,87,28,6,57,20.700
32,56,11,5,57,19.825
32,110,11,5,57,23.445
33,102,30,1,15,23.218
33,110,11,1,16,21.333
33,75,31,1,18,21.901
33,56,11,1,18,21.754
33,67,28,1,19,22.035
33,88,16,1,21,23.002
33,106,1,1,27,21.575
33,108,2,1,28,26.066
33,104,14,1,28,22.104
33,109,16,1,28,23.676
33,93,2,1,29,21.832
33,6,30,1,29,22.205
33,70,13,1,36,21.734
33,87,28,1,38,21.618
33,60,1,1,39,24.819
33,83,22,2,46,21.744
33,79,13,1,46,22.498
33,57,22,2,48,21.390
33,103,31,2,50,21.563
33,94,14,2,67,21.164
34,79,13,1,1,27.620
34,93,2,1,1,59.291
34,104,16,1,13,22.772
34,75,31,1,15,23.133
34,67,28,1,16,22.912
34,108,2,1,19,23.182
34,106,1,1,21,22.449
34,57,22,1,22,23.497
34,83,22,1,23,22.579
34,109,14,1,23,22.506
34,88,16,1,24,22.834
34,87,28,1,25,22.584
34,102,30,1,29,23.044
34,103,31,2,30,25.250
34,110,11,1,30,22.442
34,70,13,2,31,23.000
34,6,30,3,31,26.891
34,56,11,1,31,24.247
34,60,1,2,33,22.786
35,106,1,1,20,23.833
35,102,30,1,21,25.698
35,103,31,2,22,24.419
35,108,2,1,23,24.311
35,110,11,1,23,24.198
35,109,14,1,26,29.830
35,83,22,1,27,23.700
35,6,30,2,26,24.568
35,93,2,1,27,27.010
35,94,14,2,27,24.303
35,88,16,1,28,24.479
35,75,31,1,28,25.340
35,104,16,1,28,24.363
35,70,13,1,29,24.092
35,79,13,1,30,24.320
35,67,28,2,29,25.121
35,87,28,2,34,24.978
35,60,1,3,41,24.376
35,56,11,2,44,23.860
35,57,22,2,49,23.731
36,110,11,1,1,38.752
36,75,31,1,13,29.082
36,6,30,1,15,29.992
36,60,1,1,19,29.384
36,94,14,1,19,28.846
36,106,1,1,20,29.168
36,109,14,1,20,28.606
36,108,2,1,20,30.397
36,83,22,1,22,29.234
36,57,22,1,26,28.930
36,104,16,1,32,32.482
36,79,13,1,34,30.756
36,67,28,2,35,43.576
36,70,13,2,36,29.152
36,88,16,2,36,34.711
36,93,2,2,35,30.623
36,102,30,2,36,28.960
36,56,11,2,44,30.321
36,103,31,3,44,29.460
36,87,28,2,56,30.916
37,79,13,1,1,36.031
37,56,11,2,2,30.177
37,108,2,1,20,29.290
37,93,2,1,21,30.103
37,75,31,1,23,30.271
37,60,1,1,26,29.860
37,104,16,1,26,29.935
37,87,28,1,27,30.509
37,103,31,1,27,30.168
37,110,11,1,27,29.857
37,102,30,2,27,30.227
37,6,30,2,27,36.512
37,57,22,1,28,29.751
37,83,22,1,28,29.436
37,94,14,1,28,29.978
37,109,14,1,29,29.854
37,70,13,2,29,29.786
37,88,16,2,29,29.571
37,106,1,2,30,29.401
38,67,28,1,16,23.478
38,104,16,1,18,23.180
38,103,31,1,18,23.292
38,70,13,1,19,24.132
38,108,2,2,25,23.949
38,110,11,1,25,23.792
38,93,2,1,26,23.476
38,88,16,1,27,23.293
38,79,13,1,29,23.292
38,60,1,2,31,23.213
38,109,14,2,34,23.301
38,56,11,2,33,22.970
38,83,22,2,36,23.157
38,6,30,2,36,23.164
38,75,31,2,41,23.301
38,57,22,2,42,23.591
38,106,1,3,46,23.280
38,87,28,2,47,23.973
38,102,30,2,49,23.412
39,94,14,1,5,24.493
39,108,2,1,12,2:03.388
39,70,13,1,18,22.484
39,75,31,1,20,22.357
39,102,30,1,21,43.411
39,110,11,1,22,22.887
39,57,22,1,23,22.269
39,87,28,1,28,23.084
39,93,2,2,35,22.179
39,83,22,1,36,22.179
39,60,1,1,37,21.862
39,103,31,1,37,22.745
39,67,28,1,37,24.128
39,106,1,2,43,25.786
39,109,14,2,44,22.003
39,88,16,2,44,22.033
39,104,16,2,49,22.618
39,79,13,1,50,22.345
39,6,30,2,52,22.963
39,56,11,2,60,22.570
40,56,11,1,11,24.164
40,93,2,1,18,24.784
40,79,13,1,21,23.751
40,57,22,1,24,23.943
40,75,31,1,24,24.207
40,67,28,1,24,24.583
40,103,31,2,29,25.195
40,94,14,2,34,23.444
40,83,22,2,35,23.819
40,70,13,2,39,23.684
40,88,16,2,39,24.162
40,102,30,2,39,24.206
40,109,14,3,40,23.705
40,6,30,2,40,24.686
40,87,28,2,40,24.731
40,106,1,2,42,23.844
40,108,2,2,42,25.776
40,110,11,2,46,28.748
40,104,16,2,53,24.260
41,93,2,1,29,22.770
41,79,13,2,40,29.491
41,83,22,2,41,23.210
41,75,31,2,45,23.142
41,102,30,2,46,23.524
41,88,16,2,46,23.378
41,104,16,2,47,23.584
41,6,30,2,47,23.841
41,60,1,2,49,23.138
41,109,14,2,50,23.071
41,94,14,3,54,22.593
41,108,2,2,53,23.355
41,103,31,2,53,24.841
41,87,28,2,53,23.479
41,106,1,2,54,23.042
41,70,13,3,53,22.747
41,67,28,2,65,23.471
41,57,22,3,66,23.060
41,110,11,3,66,22.441
41,56,11,4,66,23.158
42,104,16,1,1,1:17.467
42,108,2,1,8,22.974
42,109,14,1,13,22.028
42,70,13,1,18,21.578
42,67,28,1,18,21.968
42,87,28,1,20,21.531
42,6,30,1,22,22.410
42,103,31,2,23,21.778
42,56,11,1,24,21.688
42,94,14,1,25,21.023
42,57,22,1,26,22.178
42,102,30,2,26,22.188
42,83,22,1,29,21.145
42,110,11,1,32,22.272
42,75,31,1,37,22.230
42,106,1,2,38,21.274
42,60,1,2,38,21.858
42,88,16,1,40,21.496
42,93,2,2,41,21.466
42,79,13,2,42,21.624
43,67,28,1,20,23.280
43,110,11,1,25,21.417
43,6,30,2,51,21.569
43,83,22,2,56,16.407
43,57,22,2,56,16.365
43,75,31,2,56,16.546
43,109,14,3,56,17.035
43,108,2,3,56,18.163
43,106,1,3,56,18.748
43,104,32,2,56,19.911
43,93,2,3,56,20.064
43,101,13,2,56,19.626
43,88,32,3,56,19.656
43,60,1,3,56,19.330
43,111,11,3,56,19.488
43,102,30,3,56,19.678
44,106,1,1,1,39.715
44,57,22,1,27,21.729
44,87,28,1,31,21.977
44,111,11,1,32,22.745
44,103,31,1,33,22.118
44,83,22,1,34,21.376
44,110,11,1,34,21.697
44,109,14,1,35,21.505
44,88,32,1,36,22.197
44,79,13,1,37,21.603
44,67,28,1,37,22.444
44,75,31,1,38,22.761
44,108,2,1,39,22.406
44,102,30,1,39,21.667
44,6,30,1,44,21.459
44,104,32,2,49,22.280
44,93,2,2,66,21.873
44,94,14,2,68,21.091
45,104,32,1,3,22.740
45,88,32,2,18,22.685
45,106,1,2,20,22.564
45,60,1,2,29,21.880
45,101,13,2,31,21.860
45,6,30,2,33,27.128
45,109,14,2,34,22.174
45,67,28,1,34,22.591
45,87,28,1,35,23.621
45,75,31,2,35,22.051
45,108,2,2,35,22.742
45,94,14,2,36,21.268
45,93,2,2,40,22.438
45,102,30,3,40,21.831
45,79,13,2,43,22.073
45,83,22,3,49,21.572
45,110,11,3,50,22.048
45,103,31,3,52,22.057
45,111,11,5,52,25.767
45,57,22,3,66,22.426
46,79,13,1,12,29.559
46,108,2,1,12,30.289
46,101,13,1,12,30.768
46,60,1,1,12,29.439
46,104,32,1,12,29.414
46,102,30,1,12,28.355
46,110,11,1,12,29.302
46,111,11,1,12,31.371
46,57,22,1,13,28.805
46,106,1,1,13,29.520
46,103,31,1,13,28.716
46,109,14,2,30,33.308
46,67,28,1,36,33.816
46,6,30,2,47,44.085
46,94,14,2,50,28.273
46,83,22,2,50,33.602
46,93,2,2,51,36.278
47,106,1,1,18,29.419
47,87,28,2,20,29.389
47,101,13,1,22,28.093
47,104,32,2,23,28.306
47,6,30,1,26,29.296
47,108,2,2,29,28.874
47,109,14,2,30,27.858
47,103,31,2,31,27.974
47,94,14,2,32,28.986
47,83,22,2,32,28.188
47,60,1,2,33,28.352
47,102,30,2,33,27.693
47,93,2,2,34,28.772
47,88,32,2,35,28.365
47,79,13,3,35,28.057
47,67,28,2,38,29.803
47,110,11,3,39,28.692
47,57,22,2,41,29.402
47,70,31,3,44,28.736
47,111,11,3,46,29.049
48,87,28,1,28,24.148
48,75,31,1,29,22.641
48,106,1,1,29,22.274
48,60,1,1,29,21.820
48,101,13,1,34,22.366
48,79,13,1,35,21.837
48,110,11,2,35,21.889
48,109,14,2,39,21.804
48,94,14,2,41,21.601
48,93,2,2,41,22.166
48,103,31,2,42,22.388
48,104,32,2,42,22.394
48,108,2,2,44,21.761
48,6,30,2,44,22.197
48,88,32,2,45,22.079
48,102,30,2,45,21.794
48,57,22,2,50,21.853
48,111,11,2,49,22.475
48,67,28,2,62,24.010
48,83,22,3,64,22.607
49,6,30,1,10,22.960
49,67,28,1,10,23.636
49,57,22,1,11,23.298
49,83,22,1,11,25.548
49,94,14,1,11,23.314
49,79,13,1,11,23.586
49,101,13,1,11,24.305
49,109,14,1,11,22.738
49,103,31,1,11,23.689
49,108,2,1,11,23.046
49,88,32,1,11,23.769
49,60,1,1,11,22.982
49,75,31,1,18,23.175
49,106,1,2,24,25.100
49,104,32,1,26,22.681
49,111,11,2,30,23.477
49,87,28,2,35,24.339
50,87,28,1,1,40.078
50,106,1,1,17,24.344
50,103,31,1,26,25:17.308
50,104,32,2,26,25:19.879
50,6,30,2,26,25:20.985
50,93,2,2,26,25:22.369
50,108,2,2,26,25:22.009
50,83,22,2,26,25:22.264
50,111,11,2,26,25:23.130
50,79,13,2,26,25:23.637
50,94,14,2,26,25:22.796
50,101,13,2,26,25:23.223
50,88,32,2,26,25:24.139
50,75,31,2,26,25:24.989
50,110,11,2,26,25:27.938
50,109,14,2,26,25:28.247
50,67,28,2,26,25:30.188
50,57,22,3,28,31.643
50,102,30,3,30,31.480
51,101,13,1,7,17.455
51,103,31,3,30,22.846
51,57,22,5,45,21:40.911
51,83,22,5,45,21:42.010
51,6,30,6,44,19:40.725
51,67,28,5,44,19:41.863
51,79,13,5,45,21:39.801
51,109,14,5,45,21:42.435
51,75,31,5,45,21:39.712
51,108,2,5,45,21:32.871
51,88,32,5,45,21:30.227
51,106,1,5,45,21:25.145
51,110,11,5,45,21:09.095
51,60,1,6,45,21:06.590
52,79,13,1,15,30.112
52,57,22,1,16,41.352
52,102,30,1,16,29.767
52,111,11,1,17,29.862
52,101,13,1,18,30.068
52,87,28,1,19,30.188
52,75,31,1,20,29.602
52,94,14,1,25,28.748
52,83,22,1,26,29.750
52,109,14,2,27,30.111
52,106,1,1,28,30.261
52,88,32,1,30,29.662
52,60,1,1,30,29.395
52,6,30,1,35,33.317
52,104,32,2,42,29.409
52,67,28,2,42,29.988
52,108,2,2,47,31.368
52,110,11,3,50,29.675
53,109,14,1,7,23.562
53,110,11,1,11,22.496
53,83,22,1,13,22.625
53,67,28,1,28,23.635
53,108,2,1,29,21.991
53,111,11,2,33,24.063
53,87,28,2,34,23.114
53,106,1,2,35,23.111
53,102,30,2,36,22.772
53,60,1,2,41,24.366
53,79,13,2,44,22.530
53,93,2,2,44,22.503
53,57,22,2,45,23.180
53,94,14,2,45,22.568
53,104,32,2,44,22.917
53,70,31,2,44,22.686
53,6,30,2,44,33.016
53,88,32,2,44,22.527
53,75,31,2,45,22.612
54,6,30,1,11,29.061
54,79,13,1,14,26.999
54,94,14,1,23,26.394
54,111,11,1,24,26.739
54,93,2,1,26,27.299
54,67,28,1,26,26.985
54,60,1,1,27,26.666
54,104,32,1,28,27.204
54,102,30,1,28,26.473
54,87,28,1,31,27.300
54,106,1,1,34,26.940
54,103,31,2,34,37.483
54,110,11,1,36,32.991
54,57,22,1,40,27.162
54,83,22,1,41,26.512
54,108,2,2,43,27.750
54,75,31,2,45,26.635
54,109,14,2,46,25.882
54,101,13,1,53,28.535
54,88,32,2,55,32.943
55,102,30,1,10,29.745
55,110,11,1,11,29.707
55,106,1,1,13,30.243
55,101,13,1,13,30.559
55,79,13,1,14,30.204
55,94,14,1,18,29.427
55,87,28,1,27,30.708
55,111,11,1,34,29.892
55,6,30,1,48,29.863
55,67,28,2,50,31.199
55,83,22,2,51,30.129
55,75,31,2,51,30.555
55,88,32,2,51,29.809
55,93,2,2,51,30.614
55,57,22,2,52,30.925
55,60,1,2,51,29.934
55,103,31,3,52,36.630
55,108,2,2,53,30.203
55,109,14,2,59,29.552
56,57,22,1,8,23.860
56,102,30,1,8,25.432
56,88,32,1,8,23.417
56,75,31,1,10,25.163
56,101,13,2,10,23.475
56,106,1,2,30,23.687
56,79,13,2,32,23.208
56,60,1,2,33,25.401
56,93,2,2,33,23.537
56,104,32,2,33,23.288
56,109,14,2,34,22.490
56,87,28,2,34,2:33.964
56,103,31,2,36,23.650
56,108,2,2,36,23.686
56,67,28,2,36,31.422
56,111,11,2,38,36.599
56,94,14,3,43,22.787
56,110,11,2,42,22.888
56,83,22,2,46,22.853
56,6,30,3,50,23.180
57,103,31,1,1,19:14.123
57,104,32,2,25,24.398
57,88,32,3,33,24.135
57,109,14,3,34,23.848
57,101,13,3,34,25.254
57,57,22,3,35,24.345
57,75,31,3,36,24.589
57,79,13,3,36,24.817
57,111,11,3,37,24.024
57,108,2,3,38,24.666
57,83,22,4,38,24.675
57,93,2,3,39,25.502
57,110,11,3,39,27.146
57,60,1,3,39,25.444
57,106,1,3,40,24.855
57,6,30,3,40,25.270
57,94,14,4,46,23.906
57,102,30,3,53,24.836
57,87,28,4,53,25.793
58,111,11,1,27,24.297
58,101,13,1,41,24.414
58,103,31,1,42,24.684
58,75,31,2,47,24.507
58,104,32,2,51,24.577
58,88,32,2,53,24.232
58,108,2,2,54,24.245
58,102,30,2,54,24.551
58,87,28,2,54,25.466
58,93,2,2,55,24.853
58,79,13,2,55,24.695
58,112,11,3,59,40.028
58,83,22,2,62,52.874
58,109,14,2,62,23.645
58,6,30,3,62,24.686
58,60,1,3,63,24.809
58,113,28,3,63,25.780
58,110,22,4,78,24.235
59,94,14,1,10,21.289
59,83,22,1,10,21.587
59,57,22,1,10,22.406
59,109,14,1,10,21.508
59,108,2,1,10,21.840
59,93,2,1,10,22.140
59,103,31,1,10,22.036
59,104,32,1,10,22.000
59,88,32,1,10,25.724
59,101,13,1,10,21.615
59,6,30,1,10,22.012
59,110,11,1,10,22.085
59,106,1,1,22,22.178
59,102,30,1,27,21.480
59,60,1,1,35,22.040
59,111,11,2,35,22.384
59,79,13,1,39,22.123
59,87,28,2,47,23.098
59,113,28,3,48,23.217
60,60,33,1,24,24.626
60,57,22,2,28,24.076
60,103,33,2,28,25.525
60,6,30,2,29,24.046
60,12,34,2,29,24.775
60,102,30,2,30,24.223
60,101,34,2,31,24.471
60,106,1,2,32,24.176
60,79,2,2,32,24.655
60,111,11,2,32,23.983
60,108,2,2,33,25.640
60,114,32,2,33,24.328
60,115,28,2,33,25.343
60,110,11,2,36,24.248
60,93,1,2,37,24.341
60,75,14,3,38,24.191
60,94,14,2,39,23.848
60,104,32,3,39,24.983
60,83,22,3,54,24.566
61,110,11,1,26,29.983
61,83,22,1,28,30.167
61,94,14,2,33,27:01.361
61,106,1,2,33,26:49.484
61,108,2,2,33,26:24.953
61,75,14,2,33,26:21.158
61,93,1,2,33,26:22.211
61,79,2,2,33,26:14.827
61,103,33,3,33,1:05.390
61,6,30,3,33,1:02.892
61,57,22,4,33,1:05.870
61,114,32,3,33,1:03.280
61,12,34,3,33,57.601
61,101,34,5,33,56.733
61,104,32,4,33,56.083
61,60,33,5,33,52.043
61,115,28,4,32,51.222
61,116,28,4,32,49.729
61,102,30,4,40,29.742
62,93,1,3,21,25.892
62,114,32,3,21,26.202
62,108,2,3,22,26.952
62,101,34,3,22,27.033
62,60,33,3,22,26.620
62,102,30,3,22,26.729
62,104,32,3,24,26.172
62,111,11,3,24,26.595
62,106,1,3,25,27.082
62,110,11,3,28,26.843
62,115,28,3,32,27.245
62,57,22,3,37,26.907
62,103,33,3,39,26.027
62,12,34,3,40,26.442
62,79,2,3,41,28.639
62,116,28,4,43,26.984
62,75,14,3,51,26.607
62,83,22,4,63,26.573
62,94,14,4,64,26.319
63,101,34,1,23,22.798
63,110,11,2,28,21.919
63,6,30,1,37,21.572
63,60,33,2,38,21.973
63,103,33,2,39,21.432
63,102,30,2,39,22.871
63,57,22,2,42,22.078
63,116,28,2,42,22.502
63,79,2,2,46,21.762
63,93,1,2,46,21.856
63,104,32,2,47,26.065
63,111,11,3,50,22.405
63,115,28,2,50,22.310
63,108,2,2,51,22.467
63,83,22,2,53,21.638
63,75,14,2,57,21.345
63,106,1,2,58,22.292
63,94,14,2,60,21.592
63,12,34,2,61,23.479
64,108,2,1,30,23.874
64,104,32,1,30,24.428
64,60,33,1,31,24.369
64,110,11,1,31,23.928
64,93,1,1,32,24.150
64,102,30,1,33,24.521
64,94,14,1,34,23.746
64,75,14,1,35,24.548
64,116,28,1,34,25.202
64,79,2,1,36,24.715
64,101,34,1,37,23.935
64,115,28,1,37,24.797
64,6,30,1,43,24.077
64,111,11,1,43,23.703
64,12,34,1,45,23.803
64,103,33,1,58,23.474
64,114,32,1,64,24.430
64,57,22,2,67,24.244
65,94,14,1,12,19.769
65,75,14,3,48,33:18.466
65,57,22,3,48,33:20.923
65,60,33,3,48,33:20.416
65,104,32,3,48,33:21.830
65,106,1,3,48,33:22.544
65,114,32,3,48,33:23.526
65,108,2,3,48,33:30.409
65,93,1,3,48,33:32.724
65,79,2,3,48,33:35.163
65,12,34,4,48,33:34.526
65,6,30,3,48,33:36.437
65,102,30,4,48,33:37.324
65,111,11,2,48,34:08.175
65,83,22,3,48,33:55.229
65,110,11,4,48,33:56.172
65,115,28,5,48,33:34.176
65,116,28,6,48,1:26.440
66,114,32,1,15,30.226
66,115,28,1,15,31.457
66,79,2,1,16,29.951
66,83,22,1,17,30.572
66,93,1,1,17,30.534
66,104,32,1,17,30.781
66,110,11,1,17,30.092
66,12,34,1,18,31.288
66,111,11,1,18,29.775
66,57,22,1,19,30.263
66,75,14,1,24,29.682
66,108,2,1,24,30.531
66,101,34,1,28,30.207
66,102,30,1,28,30.586
66,116,28,1,31,30.983
66,94,14,2,32,30.123
66,6,30,1,33,31.327
66,103,33,1,34,30.996
66,60,33,1,37,31.069
66,106,1,2,38,31.368
67,116,28,1,21,22.759
67,102,30,1,23,21.210
67,111,11,2,25,21.953
67,114,32,1,26,21.234
67,110,11,2,26,46.315
67,83,22,1,27,21.752
67,12,34,1,27,21.131
67,60,33,1,27,21.546
67,103,33,1,28,20.936
67,94,14,1,29,20.936
67,108,2,1,31,21.692
67,115,28,1,33,22.400
67,6,30,1,36,21.227
67,101,34,1,36,21.238
67,106,1,2,37,21.924
67,93,1,1,41,21.226
67,79,2,1,41,21.410
67,75,14,2,54,20.961
67,57,22,2,69,21.640
68,79,2,1,29,21.151
68,102,30,2,29,27.122
68,108,2,1,30,26.474
68,83,22,1,30,21.071
68,110,11,1,30,21.606
68,75,14,1,32,21.735
68,12,34,1,32,22.663
68,111,11,1,33,21.152
68,106,1,1,34,21.143
68,115,28,1,34,21.798
68,6,30,1,37,21.896
68,104,32,2,45,20.850
68,116,28,2,45,23.182
68,103,33,2,46,21.472
68,93,1,1,48,21.431
68,60,33,2,49,20.841
68,114,32,2,51,26.604
68,57,22,2,53,21.421
68,94,14,2,60,21.236
69,6,30,2,18,28.110
69,110,11,2,18,27.812
69,60,33,2,18,28.145
69,101,34,2,19,28.772
69,111,11,2,19,27.543
69,79,2,2,20,28.817
69,108,2,2,21,31.706
69,83,22,2,22,28.209
69,103,33,2,23,28.213
69,102,30,2,23,28.137
69,12,34,2,24,29.743
69,115,28,2,24,29.319
69,116,28,2,25,29.253
69,57,22,2,27,40.266
69,93,1,2,28,37.509
69,106,1,2,29,28.433
69,114,32,2,30,29.134
69,104,32,3,46,28.180
69,75,14,4,48,29.082
70,108,2,1,1,38.267
70,116,28,2,2,24:17.420
70,79,2,3,20,21.623
70,110,11,3,21,22.186
70,114,32,3,22,21.819
70,111,11,3,23,22.704
70,93,1,3,32,21.951
70,102,30,5,33,21.874
70,115,28,3,34,22.113
70,60,33,3,36,22.703
70,101,34,3,37,21.642
70,12,34,3,39,21.523
70,94,14,5,40,20.848
70,57,22,4,47,21.208
70,6,30,4,53,21.172
70,104,32,4,68,21.543
72,111,11,1,23,20.646
72,104,32,1,24,19.163
72,103,33,1,27,19.389
72,79,2,1,30,19.449
72,93,1,1,31,20.327
72,101,34,1,31,19.240
72,114,32,1,31,19.850
72,115,28,2,30,24.578
72,12,34,1,33,19.018
72,102,30,2,33,20.043
72,116,28,1,33,19.999
72,106,1,1,34,19.490
72,94,14,2,40,18.578
72,56,30,1,40,19.708
72,108,2,1,42,20.443
72,60,33,2,44,18.681
72,75,14,2,47,18.555
72,83,22,2,67,21.730
72,57,22,3,70,19.202
72,110,11,2,68,25.533
73,79,2,1,22,23.812
73,94,14,1,23,32.456
73,111,11,1,23,24.168
73,115,28,1,23,24.714
73,108,2,1,24,24.168
73,57,22,1,25,25.619
73,103,33,1,25,24.846
73,12,34,1,25,24.797
73,102,30,2,25,30.551
73,106,1,1,26,24.557
73,75,14,1,26,23.906
73,93,1,1,26,24.283
73,83,22,1,26,24.308
73,101,34,1,26,30.333
73,110,11,1,26,24.156
73,56,30,1,26,24.501
73,60,33,2,26,25.927
73,116,28,3,39,30.917
74,111,11,1,13,30.056
74,115,28,1,20,29.996
74,110,11,2,47,32.081
74,83,22,2,47,29.569
74,6,30,2,47,30.131
74,116,28,2,46,33.931
74,94,14,2,48,31.017
74,93,1,2,48,30.677
74,79,2,2,48,31.016
74,103,33,2,48,43.124
74,57,22,2,49,30.045
74,114,32,3,49,30.972
74,12,34,2,50,30.702
74,75,14,2,50,32.313
74,60,33,2,50,32.128
74,104,32,2,50,31.915
74,101,34,2,50,33.264
74,102,30,2,50,33.961
74,108,2,2,51,32.670
74,106,1,2,51,32.648
75,79,2,1,21,23.028
75,12,34,1,30,29.116
75,108,2,1,34,23.239
75,111,11,1,34,24.104
75,114,32,1,35,23.329
75,110,11,1,35,23.551
75,94,14,1,36,22.442
75,93,1,1,36,28.353
75,116,28,1,35,23.829
75,83,22,1,37,22.962
75,75,14,1,37,22.463
75,6,30,1,37,23.164
75,60,33,2,37,23.514
75,104,32,1,39,29.310
75,103,33,1,39,35.509
75,115,28,1,39,23.892
75,102,30,1,40,23.150
75,106,1,1,47,23.646
75,57,22,1,50,22.684
76,104,32,1,10,23.745
76,111,11,2,25,23.653
76,101,34,2,25,23.919
76,102,30,2,26,23.502
76,94,14,2,29,24.052
76,93,1,2,29,26.866
76,75,14,2,30,23.604
76,79,2,2,30,24.036
76,108,2,2,30,25.548
76,6,30,2,31,24.090
76,110,11,2,31,24.980
76,106,1,2,32,23.805
76,114,32,2,32,23.529
76,83,22,2,34,23.619
76,103,33,2,34,23.455
76,115,28,2,34,24.247
76,57,22,2,37,23.676
76,60,33,2,38,23.849
76,116,28,3,37,24.169
76,12,34,3,39,23.314
77,101,34,1,14,23.100
77,110,11,1,15,21.984
77,102,30,1,16,22.205
77,57,22,1,29,22.373
77,106,1,1,30,22.085
77,104,32,1,31,22.549
77,6,30,1,32,22.424
77,94,14,1,33,21.908
77,60,33,1,33,22.277
77,103,33,2,34,26.056
77,79,2,2,38,22.813
77,12,34,1,39,23.985
77,75,14,1,40,22.114
77,93,1,1,42,22.031
77,108,2,1,44,22.534
77,111,11,2,49,22.739
77,116,28,2,58,23.637
77,83,22,4,67,26.443
78,103,33,3,22,24.997
78,79,2,3,30,22.839
78,101,34,3,30,23.504
78,12,34,3,34,24.375
78,116,28,3,34,23.546
78,108,2,5,37,24.211
78,114,32,5,39,35.416
78,111,11,4,39,22.958
78,94,14,4,40,22.766
78,83,22,4,41,22.856
78,110,11,4,41,23.132
78,102,30,4,42,22.830
78,57,22,4,43,22.664
78,104,32,4,51,23.039
78,106,1,4,52,23.064
78,6,30,4,52,22.666
78,93,1,4,53,22.745
78,60,33,4,55,22.978
78,115,28,5,61,24.627
78,75,14,5,69,22.916
79,111,11,1,18,25.811
79,115,28,1,22,25.881
79,12,34,1,23,25.991
79,103,33,1,23,26.157
79,101,34,1,24,25.517
79,79,2,1,26,25.562
79,60,33,1,26,25.726
79,93,1,1,27,25.639
79,106,1,1,27,25.799
79,6,30,2,30,25.633
79,116,28,1,31,26.515
79,102,30,2,32,25.347
79,83,22,1,33,36.341
79,114,32,2,34,26.674
79,104,32,2,35,26.109
79,75,14,2,41,25.420
79,57,22,2,42,25.381
79,108,2,2,49,26.552
79,110,11,2,49,35.006
79,94,14,3,55,25.465
80,75,14,2,13,16:42.619
80,116,28,1,13,16:59.226
80,110,11,2,13,17:01.615
80,94,14,2,15,18:07.591
80,101,34,2,15,18:08.290
80,57,22,3,15,18:06.674
80,79,2,2,15,18:07.296
80,83,22,3,15,18:09.473
80,104,32,2,15,18:12.287
80,106,1,3,15,18:15.192
80,102,30,2,15,18:14.749
80,93,1,2,15,18:17.194
80,60,33,2,15,18:18.749
80,103,33,3,15,18:22.979
80,111,11,3,15,18:27.052
80,108,2,3,15,18:36.576
80,114,32,3,23,27.874
80,6,30,3,26,34.489
80,12,34,4,44,21.097
81,57,22,1,14,21.595
81,101,34,1,15,21.677
81,102,30,1,17,22.283
81,93,1,1,19,22.213
81,6,30,1,21,22.338
81,60,33,1,23,21.221
81,111,11,1,28,21.241
81,83,22,1,30,21.669
81,106,1,2,35,21.173
81,12,34,1,36,21.304
81,108,2,2,48,22.173
81,94,14,3,53,21.453
81,79,2,2,52,22.056
81,103,33,2,52,22.661
81,75,14,3,53,21.385
81,115,28,2,52,22.070
81,114,32,2,53,21.909
81,104,32,2,54,21.920
82,104,32,2,32,25.875
82,115,28,2,35,25.586
82,12,34,3,42,24.508
82,94,14,3,43,24.402
82,75,14,3,43,24.947
82,101,34,3,43,24.233
82,93,1,3,44,24.287
82,57,22,3,44,25.579
82,114,32,3,44,24.188
82,79,2,3,44,25.139
82,110,22,3,45,25.574
82,70,33,3,44,25.748
82,83,30,3,45,25.188
82,117,30,3,45,28.647
82,106,1,3,46,24.613
82,103,33,3,45,25.039
82,108,2,3,45,24.975
82,111,11,3,45,24.658
82,87,28,3,46,26.051
82,109,11,3,46,25.055
83,79,2,1,8,20.650
83,103,33,1,13,22.339
83,109,11,1,13,20.683
83,75,14,1,15,20.481
83,104,32,1,15,22.820
83,106,1,1,16,21.038
83,94,14,1,16,20.731
83,93,1,1,16,21.521
83,110,22,1,16,21.415
83,12,34,1,16,21.543
83,101,34,1,16,21.141
83,108,2,1,16,20.383
83,117,30,2,27,15.103
83,83,30,2,35,22.710
83,87,28,1,37,22.374
83,70,33,1,37,21.425
83,57,22,1,40,21.788
84,115,28,1,14,19.039
84,101,34,1,17,19.128
84,94,14,1,18,18.281
84,114,32,1,18,18.443
84,75,14,1,20,17.434
84,108,2,1,20,17.556
84,79,2,1,21,18.150
84,104,32,1,21,18.926
84,117,30,1,21,18.380
84,106,1,1,22,17.973
84,57,22,1,22,17.877
84,83,30,1,22,18.413
84,110,22,1,23,18.479
84,103,33,3,23,20.402
84,111,11,2,23,17.936
84,87,28,1,39,19.111
84,12,34,2,53,18.394
84,109,11,1,57,19.845
85,60,33,1,17,30.484
85,104,32,1,17,30.405
85,109,11,1,17,30.793
85,110,22,1,18,31.079
85,83,30,1,18,40.957
85,87,28,1,18,33.765
85,103,33,1,18,32.667
85,114,32,1,18,30.372
85,57,22,1,18,32.740
85,101,34,1,18,31.409
85,111,11,1,18,31.125
85,117,30,1,18,32.203
85,108,2,1,19,30.070
85,79,2,3,30,30.155
85,75,14,2,50,29.627
85,94,14,2,51,29.942
85,115,28,2,52,30.984
85,106,1,3,53,36.560
86,12,34,1,15,21.638
86,109,11,1,16,20.059
86,108,2,1,18,19.986
86,57,22,1,22,18.820
86,106,1,1,24,19.697
86,94,14,1,26,18.798
86,83,30,1,26,19.614
86,93,1,1,27,22.063
86,111,11,1,34,19.185
86,110,22,1,40,19.035
86,103,33,1,40,19.074
86,104,32,2,40,19.007
86,75,14,2,41,18.433
86,101,34,1,41,19.019
86,60,33,1,41,19.861
86,79,2,2,41,19.280
86,114,32,2,41,19.618
86,87,28,2,42,20.673
86,115,28,2,54,32.381
87,117,30,1,10,23.109
87,106,1,1,21,21.794
87,87,28,2,29,23.878
87,115,28,2,30,23.127
87,83,30,2,34,22.541
87,60,33,2,42,22.456
87,94,14,3,44,21.941
87,93,1,3,45,22.302
87,104,32,3,46,21.838
87,103,33,3,46,23.812
87,57,22,3,48,22.241
87,79,2,3,48,22.154
87,110,22,3,51,22.815
87,111,11,3,50,22.761
87,108,2,3,51,22.165
87,101,34,3,52,22.033
87,114,32,3,52,22.316
87,75,14,3,53,21.694
87,12,34,3,53,25.407
87,109,11,4,54,23.404
88,115,28,2,17,36.854
88,75,14,3,30,19:32.062
88,93,1,2,30,19:34.793
88,94,14,3,30,19:35.575
88,103,33,4,29,19:34.965
88,106,1,3,30,19:36.822
88,117,30,2,29,19:34.235
88,110,22,2,30,19:37.545
88,111,11,4,29,19:41.839
88,12,34,2,30,19:42.058
88,57,22,3,30,19:46.281
88,109,11,3,29,19:45.676
88,101,34,2,30,19:46.485
88,83,30,2,30,19:46.699
88,60,33,3,30,19:29.495
88,104,32,3,30,19:29.460
88,79,2,2,30,19:28.673
88,108,2,4,51,24.607
88,114,32,4,56,25.266
89,106,1,1,9,23.212
89,104,32,1,9,22.698
89,60,33,1,9,20.249
89,117,30,1,9,23.001
89,87,28,1,9,21.555
89,111,11,2,17,22.069
89,12,34,1,18,20.571
89,108,2,1,20,21.443
89,115,28,2,23,22.231
89,109,11,2,29,21.540
89,103,33,1,30,22.059
89,94,14,2,33,20.722
89,75,14,2,33,22.349
89,110,22,2,33,20.527
89,57,22,2,33,20.831
89,79,2,1,33,21.794
89,101,34,1,33,22.638
89,83,30,1,33,20.979
89,114,32,2,38,41.500
90,87,28,1,7,38.262
90,60,33,2,19,23.681
90,104,32,2,36,23.613
90,111,11,2,37,30.034
90,106,1,1,41,26.199
90,94,14,2,43,23.704
90,108,2,2,42,24.134
90,57,22,2,44,23.841
90,110,22,2,45,24.069
90,103,33,1,47,25.252
90,114,32,2,47,23.450
90,93,1,2,49,24.881
90,109,11,2,48,23.530
90,101,34,2,49,23.945
90,12,34,2,49,25.139
90,83,30,1,49,26.089
90,117,30,2,49,23.980
90,79,2,2,49,24.833
91,83,30,1,1,50:55.732
91,104,32,2,16,29.632
91,101,34,2,22,30.342
91,87,28,2,22,29.473
91,106,1,2,25,28.805
91,93,1,3,39,28.435
91,57,22,3,39,28.996
91,79,2,4,38,29.345
91,75,14,3,39,28.155
91,114,32,3,38,29.448
91,12,34,3,39,28.841
91,60,33,3,39,28.540
91,94,14,4,39,28.709
91,115,28,3,39,30.832
91,111,11,3,39,28.438
91,108,2,3,40,28.659
91,103,33,3,40,29.780
92,75,14,1,1,23.681
92,111,11,2,35,21.206
92,83,30,2,39,22.278
92,110,22,2,40,21.731
92,104,32,2,40,27.610
92,87,28,2,41,22.088
92,109,11,2,41,22.122
92,115,28,2,43,22.880
92,108,2,2,43,27.324
92,101,34,2,44,22.109
92,79,2,2,44,21.889
92,60,33,2,44,21.583
92,117,30,2,46,28.860
92,114,32,2,46,21.519
92,103,33,2,48,21.952
92,93,1,2,50,21.492
92,57,22,2,51,22.697
92,106,1,3,58,21.650
92,94,14,3,58,21.319
92,12,34,3,58,24.252
93,114,32,1,11,37.648
93,94,14,1,16,35.266
93,57,22,1,18,37.189
93,75,14,1,18,38.061
93,110,22,1,18,38.277
93,12,34,1,18,36.524
93,108,2,1,18,37.539
93,101,34,1,18,44.747
93,79,2,1,18,36.264
93,103,33,1,18,39.844
93,109,11,1,18,37.380
93,104,32,1,18,35.969
93,87,28,2,18,36.403
93,115,28,2,18,37.003
93,60,33,1,19,36.671
93,117,30,2,22,50.790
93,83,30,2,36,36.520
93,111,11,2,38,36.942
93,93,1,2,42,42.292
94,12,34,1,21,22.083
94,101,34,1,23,23.581
94,83,30,1,26,22.272
94,94,14,2,38,21.228
94,110,22,2,39,21.743
94,109,11,3,40,24.298
94,115,28,2,41,22.566
94,75,14,2,42,21.167
94,108,2,2,42,21.855
94,79,2,2,46,21.521
94,103,33,2,46,21.615
94,60,33,2,46,25.030
94,104,32,2,46,21.489
94,93,1,2,47,23.456
94,57,22,2,51,22.095
94,117,30,2,51,28.218
94,114,32,3,51,22.128
94,106,1,3,54,21.544
94,111,11,3,56,28.777
94,87,28,3,67,23.147
95,104,32,2,22,22.542
95,93,1,2,25,22.750
95,12,34,2,25,23.954
95,109,11,2,26,24.415
95,103,33,2,26,23.349
95,75,14,2,27,22.650
95,87,28,2,27,23.396
95,117,30,2,28,23.364
95,110,22,2,29,22.977
95,108,2,2,29,23.560
95,94,14,2,30,22.322
95,114,32,2,30,24.253
95,115,28,2,30,24.982
95,101,34,2,32,23.491
95,79,2,2,32,23.146
95,60,33,2,33,22.833
95,111,11,3,34,23.414
95,106,1,3,42,23.334
96,83,30,2,34,21.049
96,114,32,3,43,52.684
96,57,22,3,57,14.155
96,111,11,4,55,14.459
96,110,22,3,57,21.363
96,94,14,4,57,14.113
96,109,11,4,56,14.114
96,115,28,4,56,14.144
96,60,33,4,56,14.349
96,106,1,4,57,14.008
96,87,28,4,56,14.175
96,75,14,4,57,14.113
96,117,30,4,56,14.128
96,93,1,3,57,21.164
96,108,2,3,57,21.264
96,12,34,3,57,15.762
96,79,2,5,56,14.493
96,101,34,3,57,14.041
96,103,33,4,57,14.118
96,104,32,4,57,13.973
97,104,32,1,18,25.376
97,117,30,1,18,25.366
97,103,33,1,18,24.254
97,79,2,1,19,25.164
97,118,11,1,19,24.628
97,101,34,1,19,24.336
97,57,22,1,33,24.282
97,115,28,1,33,24.817
97,83,30,1,35,24.758
97,75,14,2,42,23.299
97,110,22,2,47,24.114
97,87,28,2,46,24.846
97,93,1,2,47,24.525
97,108,2,2,47,24.784
97,94,14,2,48,24.091
97,114,32,2,47,23.904
97,106,1,3,48,23.719
97,111,11,2,47,24.263
98,104,32,1,33,29.867
98,114,32,1,33,31.293
98,83,30,1,33,32.167
98,87,28,2,33,32.603
98,106,1,1,34,32.058
98,57,22,1,34,41.019
98,60,33,1,34,29.704
98,75,14,1,35,29.550
98,93,1,1,35,30.603
98,103,33,1,35,29.863
98,108,2,1,36,30.528
98,79,2,1,36,30.946
98,94,14,2,40,29.775
98,115,28,2,41,34.722
98,110,22,4,51,29.893
99,111,11,2,5,24.785
99,60,33,2,5,24.218
99,108,2,2,6,24.595
99,83,30,2,6,24.869
99,94,14,2,7,24.308
99,106,1,2,7,25.899
99,75,14,2,7,25.322
99,101,34,2,7,25.172
99,57,22,2,7,25.059
99,110,22,2,7,28.728
99,87,28,2,7,25.594
99,79,2,2,8,25.377
99,115,28,2,11,24.608
99,117,30,3,18,24.266
99,103,33,3,19,23.870
99,104,32,4,19,23.966
99,114,32,3,20,23.756
99,12,34,3,22,24.123
100,83,30,1,10,25.013
100,103,33,1,15,25.417
100,87,28,1,18,29.039
100,109,11,2,18,24.311
100,111,11,2,18,24.195
100,12,34,2,22,39.707
100,117,30,2,23,25.015
100,104,32,2,32,28.918
100,114,32,2,33,23.241
100,115,28,2,33,24.651
100,57,22,2,34,24.135
100,108,2,2,34,23.702
100,94,14,2,35,32.254
100,106,1,2,35,23.755
100,79,2,2,35,24.436
100,75,14,2,38,24.801
100,60,33,2,41,38.157
100,101,34,2,45,24.711
100,110,22,3,54,23.947
101,75,14,1,23,24.892
101,115,28,1,24,23.679
101,94,14,1,25,22.487
101,106,1,1,28,22.193
101,57,22,1,29,23.194
101,93,1,1,29,23.469
101,114,32,1,29,22.468
101,108,2,1,31,22.585
101,101,34,1,33,22.343
101,60,33,1,38,22.534
101,109,11,1,38,23.182
101,87,28,1,38,23.722
101,83,30,1,39,23.863
101,12,34,1,40,23.159
101,104,32,1,40,29.168
101,103,33,2,40,23.119
101,79,2,1,44,22.280
101,117,30,1,45,24.218
101,111,11,2,52,24.039
101,110,22,2,69,23.118
102,117,30,2,37,25.111
102,106,1,3,44,23.124
102,83,30,2,45,24.616
102,60,33,2,45,24.028
102,108,2,2,45,24.669
102,115,28,2,46,25.156
102,75,14,2,47,23.152
102,101,34,2,47,24.445
102,109,11,3,47,23.322
102,57,22,2,48,23.415
102,94,14,3,48,24.102
102,103,33,2,48,23.764
102,110,22,2,49,23.480
102,12,34,3,52,23.790
102,104,32,3,52,23.009
102,93,1,3,53,23.816
102,111,11,3,52,23.640
102,114,32,3,54,23.635
103,104,32,1,14,21.855
103,57,22,1,18,21.270
103,12,34,1,19,21.740
103,79,2,1,19,21.893
103,94,14,1,20,22.735
103,106,1,1,21,22.210
103,60,33,1,25,23.186
103,87,28,1,28,22.387
103,83,30,1,30,22.573
103,75,14,2,33,21.367
103,115,28,2,34,23.530
103,109,11,2,35,21.798
103,114,32,2,38,22.262
103,93,1,2,39,21.575
103,110,22,2,39,27.931
103,111,11,2,38,25.174
103,103,33,2,40,21.802
103,101,34,2,41,21.734
103,108,2,2,42,21.559
103,117,30,2,44,23.159
104,118,32,2,27,25.234
104,83,30,2,29,25.643
104,57,22,2,30,24.690
104,103,33,2,30,24.639
104,93,1,2,31,24.227
104,110,22,2,31,24.406
104,101,34,3,32,44.518
104,106,1,2,33,24.644
104,75,14,2,34,25.091
104,12,33,2,34,24.869
104,94,14,2,36,24.910
104,109,11,3,40,24.458
104,104,34,3,40,24.736
104,114,32,3,40,25.818
104,119,11,3,40,25.047
104,87,28,3,40,25.125
104,70,28,3,40,27.080
104,117,30,3,54,30.167
104,108,2,6,54,31.494
105,120,2,1,1,31.534
105,87,28,1,8,20.870
105,70,28,1,11,21.567
105,103,33,1,13,21.150
105,104,34,1,14,20.719
105,93,1,1,15,20.760
105,106,1,1,16,20.026
105,101,34,1,16,20.762
105,114,32,1,17,21.414
105,109,11,1,17,21.397
105,118,32,1,17,21.116
105,75,14,1,18,20.715
105,12,33,1,18,26.879
105,110,22,1,18,20.828
105,94,14,1,18,20.824
105,57,22,1,18,21.102
105,119,11,1,18,21.064
105,117,30,2,18,21.282
105,108,2,2,19,21.352
105,83,30,3,35,21.808
106,110,22,2,8,15:30.824
106,87,28,2,8,15:40.228
106,104,34,2,55,14:35.210
106,101,34,3,55,14:39.804
106,119,11,6,55,1:14.200
106,118,32,4,55,1:13.234
106,94,14,3,57,30:56.502
106,57,22,3,57,30:59.435
106,93,1,4,57,31:01.554
106,70,28,3,57,31:09.055
106,114,32,4,57,31:11.209
106,108,2,3,57,31:04.087
106,120,2,4,57,31:06.226
106,117,30,5,57,31:04.998
106,83,30,6,57,31:07.182
106,75,14,5,57,30:53.568
106,12,33,3,57,30:45.073
106,103,33,3,57,30:45.925
107,109,11,1,7,21.103
107,114,32,1,8,20.497
107,120,2,1,8,20.902
107,119,11,1,8,21.015
107,57,22,1,9,20.324
107,108,2,1,9,20.346
107,94,14,1,10,20.707
107,87,28,1,10,30.951
107,75,14,1,11,20.389
107,106,1,1,11,21.126
107,93,1,1,11,21.970
107,12,33,1,11,23.148
107,103,33,1,11,23.161
107,117,30,1,11,22.247
107,104,34,2,23,21.169
107,83,30,3,34,21.012
107,110,22,2,49,21.389
107,70,28,1,49,24.748
107,101,34,1,50,20.367
108,119,11,1,2,48.938
108,108,2,1,4,24.090
108,120,2,1,5,22.205
108,87,28,1,14,22.616
108,104,34,1,15,22.417
108,83,30,1,15,23.158
108,118,32,1,15,23.487
108,110,22,1,17,22.335
108,106,1,1,17,22.068
108,93,1,1,18,22.278
108,75,14,1,20,21.884
108,109,11,1,22,22.482
108,12,33,1,24,22.631
108,117,30,1,31,22.796
108,70,28,1,33,23.120
108,114,32,1,36,22.390
108,57,22,1,37,22.150
108,101,34,1,39,21.942
108,103,33,1,42,22.651
108,94,14,1,45,22.688
109,83,30,1,51,30.395
109,103,33,1,51,24.656
109,117,30,2,52,25.260
109,109,11,2,52,26.990
109,114,32,1,53,33.706
109,119,11,3,52,25.946
109,118,32,1,53,24.539
109,110,22,1,54,30.980
109,101,34,2,54,24.707
109,57,22,2,54,26.685
109,104,34,2,54,29.949
109,94,14,1,55,24.798
109,120,2,1,54,25.851
109,108,2,2,54,33.428
109,12,33,2,55,25.916
109,106,1,2,55,25.713
109,93,1,2,55,29.300
109,87,28,1,56,51.052
109,70,28,3,59,25.672
109,75,14,5,70,25.466
110,103,33,2,34,23.371
110,114,32,2,34,22.009
110,101,34,2,35,24.110
110,117,30,2,36,22.889
110,119,11,2,36,23.827
110,109,11,2,37,23.449
110,118,32,2,38,21.976
110,120,2,2,39,22.862
110,104,34,2,39,23.610
110,83,30,2,39,24.097
110,93,1,2,41,22.375
110,106,1,2,41,23.003
110,87,28,3,42,22.291
110,70,28,3,43,24.484
110,12,33,2,44,22.896
110,110,22,2,45,22.054
110,57,22,2,50,22.731
110,75,14,2,50,21.537
110,108,2,3,50,22.062
110,94,14,2,52,22.357
111,109,11,1,12,25.064
111,110,22,1,12,1:28.943
111,103,33,2,27,23.839
111,70,28,2,31,24.200
111,117,30,2,32,27.509
111,104,34,2,33,24.117
111,114,32,2,34,27.523
111,108,2,2,35,23.570
111,101,34,2,36,23.698
111,83,30,1,36,24.038
111,120,2,2,37,23.436
111,93,1,1,38,24.133
111,106,1,1,39,24.343
111,57,22,2,40,23.749
111,12,33,2,41,23.928
111,94,14,2,42,23.910
111,118,32,2,50,23.786
111,87,28,2,53,24.515
111,75,14,2,68,23.218
112,70,28,2,11,21.891
112,87,28,3,34,22.250
112,118,32,3,37,21.074
112,117,30,3,38,21.910
112,101,34,3,40,30.427
112,83,30,3,40,21.975
112,108,2,3,41,22.088
112,110,22,3,41,21.702
112,109,11,3,41,27.683
112,120,2,4,41,22.313
112,57,22,3,42,27.724
112,119,11,3,43,21.543
112,114,32,4,43,21.392
112,12,33,3,44,21.993
112,104,34,3,44,27.804
112,93,1,3,45,28.583
112,106,1,3,47,21.470
112,75,14,3,50,21.267
112,103,33,4,54,21.837
112,94,14,4,69,21.328
113,93,1,1,26,28.869
113,110,22,1,28,29.455
113,75,14,1,28,28.060
113,120,2,1,29,28.655
113,119,11,1,29,28.847
113,104,34,1,31,28.458
113,103,33,1,31,28.561
113,109,11,1,32,29.634
113,106,1,2,32,28.805
113,83,30,1,32,29.662
113,114,32,2,32,28.603
113,118,32,2,32,28.413
113,70,28,2,32,30.003
113,94,14,1,33,29.056
113,108,2,1,33,28.438
113,57,22,1,33,29.169
113,12,33,1,33,28.679
113,117,30,3,36,34.374
114,79,32,2,29,22.203
114,109,11,2,31,21.762
114,103,33,2,34,22.403
114,119,11,2,34,22.197
114,70,28,2,38,21.955
114,117,30,2,38,22.853
114,83,30,2,40,23.242
114,87,28,2,41,22.152
114,120,2,2,42,22.030
114,75,14,2,42,20.880
114,106,1,2,43,21.452
114,12,33,2,43,24.152
114,108,2,2,44,21.430
114,93,1,2,44,22.051
114,114,32,2,44,21.181
114,110,22,2,46,21.675
114,57,22,2,49,21.728
114,94,14,2,51,21.680
115,93,1,1,7,23.303
115,108,2,2,17,23.744
115,103,33,1,20,25.397
115,110,22,1,22,23.837
115,79,32,2,22,23.290
115,104,34,1,23,25.664
115,114,32,2,24,22.737
115,83,30,2,24,23.786
115,70,28,2,24,25.238
115,101,34,2,25,23.339
115,87,28,2,25,23.572
115,117,30,2,25,24.045
115,106,1,2,28,23.148
115,75,14,2,29,22.710
115,12,33,2,29,23.798
115,94,14,2,30,23.012
115,109,11,3,33,23.529
115,119,11,3,34,23.109
115,57,22,3,42,23.156
116,106,1,2,11,27.202
116,117,30,4,60,21.439
116,94,14,6,64,41:23.382
116,12,33,5,64,40:55.302
116,104,34,5,64,40:43.169
116,93,1,5,64,40:43.147
116,57,22,5,64,40:31.108
116,75,14,6,64,35.592
116,108,2,6,64,44.272
116,110,22,6,64,39.845
116,109,11,4,64,39.234
116,120,2,5,64,38.453
116,101,34,6,64,37.037
116,114,32,5,64,34.901
116,103,33,7,64,33.553
116,70,28,5,64,32.884
116,83,30,5,64,32.518
116,121,32,7,64,31.306
116,87,28,6,64,30.628
117,119,11,1,14,24.779
117,109,11,1,15,24.538
117,93,1,1,19,25.183
117,110,22,1,19,24.215
117,94,14,1,20,24.228
117,106,1,1,20,23.931
117,103,33,1,20,25.667
117,75,14,1,21,23.819
117,12,33,1,21,24.798
117,108,2,1,22,23.727
117,101,34,1,24,24.249
117,83,30,1,25,24.658
117,57,22,1,27,24.255
117,104,34,2,31,24.686
117,121,32,2,33,24.281
117,117,30,2,33,25.959
117,87,28,2,33,24.765
117,70,28,2,39,24.328
117,120,2,2,41,31.799
118,93,1,1,20,29.499
118,106,1,1,20,32.888
118,108,2,1,20,29.485
118,101,34,1,20,29.755
118,70,28,1,20,35.497
118,104,34,1,20,31.802
118,121,32,1,20,32.348
118,120,2,1,20,29.369
118,117,30,2,20,30.637
118,75,14,1,39,28.977
118,94,14,1,40,29.698
118,83,30,1,40,30.487
118,109,11,2,43,29.787
118,87,28,2,43,33.078
118,119,11,2,43,31.018
118,110,22,2,44,30.039
118,57,22,2,44,33.581
118,12,33,2,44,52.708
119,83,30,2,6,53.512
119,109,11,2,13,52.165
119,103,33,1,14,23.441
119,119,11,3,21,35.182
119,110,22,1,24,24.034
119,12,33,2,25,24.294
119,121,32,2,25,23.671
119,101,34,2,28,23.789
119,117,30,3,29,24.116
119,114,32,2,30,23.327
119,87,28,2,31,23.858
119,106,1,2,34,22.926
119,57,22,2,34,23.631
119,104,34,2,34,24.651
119,120,2,2,35,23.198
119,108,2,2,36,23.182
119,94,14,2,37,23.696
119,70,28,3,37,23.338
119,93,1,2,38,23.374
119,75,14,4,14,30.651
120,119,11,2,26,29.373
120,83,30,3,39,28.946
120,103,33,3,39,29.399
120,87,28,3,39,30.331
120,121,32,3,39,28.171
120,70,28,3,39,28.591
120,114,32,3,40,27.809
120,120,2,3,43,27.489
120,106,1,3,43,27.513
120,101,34,3,43,29.169
120,75,14,3,43,33.165
120,108,2,3,44,27.677
120,12,33,3,44,28.393
120,104,34,3,44,34.856
120,109,11,3,44,28.981
120,110,22,4,50,28.191
120,94,14,3,51,29.726
120,117,30,3,52,28.815
121,106,1,1,23,23.963
121,117,30,2,27,24.717
121,83,30,2,28,25.020
121,109,11,2,29,24.354
121,87,28,2,29,24.745
121,119,11,2,32,25.547
121,108,2,2,34,23.361
121,70,28,2,34,24.308
121,94,14,2,35,24.974
121,93,1,2,35,23.673
121,75,14,2,37,23.747
121,104,34,2,37,24.880
121,57,22,2,38,24.648
121,110,22,2,39,23.969
121,103,33,2,40,23.955
121,12,33,2,42,24.823
121,79,32,2,47,26.513
121,114,32,3,54,23.472
122,87,28,1,23,23.642
122,94,14,3,34,20:09.136
122,106,1,2,34,20:10.512
122,57,22,2,34,20:12.908
122,93,1,2,34,20:15.432
122,79,32,2,34,20:17.136
122,120,2,2,34,20:19.064
122,110,22,2,34,20:18.200
122,114,32,2,34,20:18.057
122,70,28,2,34,20:19.826
122,108,2,3,34,20:26.386
122,104,34,2,34,20:25.698
122,109,11,2,34,20:27.980
122,117,30,2,34,20:29.539
122,101,34,1,34,20:26.296
122,119,11,2,34,20:27.718
122,83,30,2,34,20:29.349
122,103,33,2,34,20:29.686
122,12,33,2,34,20:29.837
123,117,30,3,15,23.953
123,83,30,3,18,24.077
123,119,11,4,44,24.137
123,110,22,4,45,23.962
123,75,14,4,46,23.522
123,57,22,4,46,24.074
123,104,34,4,46,23.583
123,70,28,4,46,23.841
123,12,33,4,47,23.830
123,93,1,4,51,23.704
123,101,34,5,51,23.599
123,103,33,4,52,25.294
123,120,2,4,52,23.338
123,114,32,4,55,23.453
123,94,14,4,56,23.397
123,79,32,4,55,23.508
123,108,2,4,59,23.664
124,119,11,1,15,21.367
124,109,11,1,16,21.242
124,104,34,1,17,22.262
124,79,32,1,17,22.242
124,101,34,1,20,21.763
124,106,1,1,21,22.559
124,114,32,2,21,20.894
124,83,30,2,24,21.575
124,75,14,2,26,21.568
124,103,33,2,26,22.570
124,94,14,2,26,21.323
124,110,22,2,26,21.952
124,93,1,2,26,22.630
124,12,33,2,26,23.214
124,117,30,1,26,22.155
124,87,28,2,26,21.868
124,70,28,2,26,25.453
124,57,22,2,26,22.508
124,120,2,2,43,20.535
125,101,34,1,15,22.160
125,114,32,1,22,21.486
125,87,28,2,22,22.163
125,83,30,1,29,22.665
125,79,32,2,31,21.740
125,104,34,2,32,23.478
125,108,2,2,33,21.432
125,70,28,2,33,22.081
125,110,22,2,34,22.084
125,106,1,2,35,21.246
125,57,22,2,35,22.045
125,120,2,2,36,21.156
125,12,33,2,36,21.841
125,117,30,2,37,22.345
125,119,11,2,41,21.880
125,75,14,2,42,21.274
125,103,33,2,42,21.667
125,94,14,2,43,21.275
125,109,11,2,43,21.919
125,93,1,2,56,21.564
126,103,33,2,27,24.545
126,117,3,2,28,25.094
126,101,34,2,30,25.145
126,83,3,2,30,1:14.773
126,110,22,2,31,24.866
126,87,28,2,32,24.446
126,108,2,2,33,24.705
126,57,22,2,33,24.094
126,106,1,2,34,24.136
126,120,2,2,34,24.852
126,114,35,2,34,24.324
126,93,1,2,35,23.866
126,79,35,2,35,24.856
126,75,14,2,36,24.563
126,109,11,2,36,24.610
126,94,14,2,37,24.209
126,12,33,2,41,25.109
126,119,11,3,40,25.346
126,70,28,3,41,24.387
126,104,34,3,43,25.240
127,94,14,1,7,20.607
127,75,14,1,7,22.196
127,106,1,1,7,23.419
127,120,2,1,7,21.427
127,12,33,1,7,22.129
127,110,22,1,7,21.013
127,122,1,1,7,22.457
127,114,35,1,7,21.694
127,87,28,1,7,21.460
127,109,11,1,7,21.723
127,79,35,1,7,1:03.364
127,101,34,1,7,22.502
127,119,11,1,7,23.645
127,70,28,1,33,21.035
127,83,3,2,35,23.281
127,57,22,1,36,20.170
127,108,2,1,37,22.211
127,117,3,1,41,46.381
128,57,22,1,7,17.596
128,109,11,2,27,17.745
128,79,35,2,29,17.751
128,87,28,2,33,18.151
128,106,1,2,34,17.308
128,75,14,2,35,17.222
128,70,28,2,35,18.145
128,117,3,2,35,36.866
128,114,35,2,36,17.535
128,83,3,2,36,18.938
128,103,33,2,37,17.977
128,120,2,2,39,18.533
128,108,2,2,40,17.653
128,93,1,2,41,17.740
128,12,33,2,41,17.995
128,104,34,2,41,17.682
128,101,34,3,42,18.007
128,110,22,2,45,17.964
129,117,3,3,11,26.653
129,87,28,2,22,26.198
129,83,3,3,22,25.946
129,114,35,3,22,23.486
129,106,1,2,26,23.285
129,108,2,3,26,23.232
129,120,2,3,32,22.848
129,104,34,3,32,23.102
129,75,14,3,33,22.956
129,12,33,3,33,23.157
129,70,28,3,33,23.993
129,101,34,3,33,24.181
129,94,14,3,34,23.234
129,103,33,4,34,22.911
129,93,1,3,36,23.591
129,110,22,3,37,22.991
129,57,22,3,39,23.956
129,119,11,4,41,23.287
130,83,3,1,9,22.949
130,79,35,1,14,22.598
130,93,1,1,17,22.629
130,106,1,1,21,22.360
130,57,22,2,21,22.662
130,108,2,1,22,22.161
130,94,14,2,23,22.270
130,75,14,2,23,22.371
130,110,22,2,23,22.707
130,70,28,2,23,23.336
130,101,34,2,23,23.208
130,114,35,2,23,22.387
130,109,11,2,23,23.600
130,120,2,2,24,22.262
130,119,11,2,24,22.684
130,87,28,2,27,25.727
130,103,33,4,35,34.777
130,104,34,3,38,22.836
130,117,3,3,40,23.252
130,12,33,3,43,23.179
131,119,11,1,11,22.611
131,104,34,1,12,22.466
131,106,1,1,19,21.825
131,101,34,1,22,22.663
131,12,33,1,22,22.374
131,94,14,1,23,22.187
131,110,22,1,24,22.800
131,57,22,1,26,22.107
131,93,1,1,27,22.805
131,75,14,2,28,22.396
131,114,35,1,28,22.153
131,117,3,1,28,23.017
131,79,35,1,28,22.540
131,70,28,2,28,22.487
131,103,33,2,28,22.631
131,108,2,1,29,22.041
131,83,3,2,29,22.765
131,87,28,3,31,30.732
131,120,2,2,40,30.409
131,109,11,2,53,22.567
132,83,3,1,8,30.240
132,79,35,1,11,30.068
132,114,35,1,12,29.628
132,70,28,1,13,29.749
132,108,2,1,22,29.956
132,120,2,1,23,29.770
132,94,14,1,24,30.416
132,106,1,1,25,30.149
132,101,34,1,25,30.659
132,93,1,1,27,30.508
132,57,22,1,27,29.547
132,109,11,4,28,31.131
132,104,34,2,30,30.654
132,119,11,1,31,31.085
132,117,3,1,33,30.244
132,75,14,1,37,29.669
132,103,33,1,37,29.971
132,87,28,1,37,31.302
132,110,22,2,52,29.605
132,12,33,3,59,29.931
133,106,1,1,1,39:18.026
133,120,2,1,1,39:17.645
133,108,2,1,1,39:25.538
133,110,22,1,1,39:29.363
133,114,35,1,1,39:37.564
133,109,11,1,1,39:41.390
133,104,34,1,1,39:41.893
133,79,35,1,1,39:45.823
133,12,33,1,1,39:49.467
133,93,1,1,1,38:47.072
133,83,3,2,15,24.239
133,103,33,3,48,28.211
133,57,22,2,51,24.232
133,94,14,2,52,23.813
133,119,11,2,57,24.384
133,117,3,2,70,24.367
134,106,1,3,31,24.629
134,104,34,2,40,24.408
134,83,3,1,42,24.929
134,79,35,2,43,23.860
134,93,1,2,43,24.125
134,75,14,2,43,24.423
134,120,2,2,44,23.476
134,12,33,2,44,24.346
134,114,35,1,44,25.569
134,103,33,2,44,25.025
134,101,34,1,44,24.495
134,109,11,2,44,24.804
134,70,28,3,44,24.751
134,94,14,2,45,24.246
134,108,2,2,47,23.983
134,117,3,3,52,28.375
134,110,22,3,54,28.157
134,57,22,3,54,28.817
134,87,28,4,54,26.845
135,83,3,2,28,22.963
135,87,28,2,29,28.967
135,119,11,2,34,22.506
135,110,22,2,36,22.700
135,93,1,2,36,22.249
135,101,34,2,37,21.921
135,103,33,2,37,23.381
135,104,34,2,38,21.687
135,70,28,2,38,22.518
135,117,3,2,41,24.253
135,79,35,2,42,22.108
135,57,22,2,43,21.603
135,94,14,2,44,22.340
135,109,11,2,43,21.892
135,114,35,3,44,22.564
135,12,33,2,45,22.571
135,120,2,2,46,22.420
135,108,2,2,47,22.631
135,106,1,2,47,21.624
135,75,14,3,49,21.472
136,79,35,2,37,21.093
136,87,28,2,38,21.832
136,70,28,2,39,21.814
136,109,11,2,39,21.692
136,104,34,2,42,22.043
136,83,3,2,42,21.991
136,101,34,2,43,21.231
136,103,33,2,43,21.302
136,114,35,2,44,23.444
136,110,22,2,46,21.229
136,93,1,2,47,21.283
136,119,11,3,49,22.093
136,108,2,2,51,21.411
136,120,2,2,51,20.775
136,75,14,2,51,27.500
136,106,1,4,51,20.903
136,117,3,2,51,21.594
136,57,22,2,53,27.281
136,94,14,3,64,22.729
136,12,33,3,68,22.487
137,110,22,1,27,32.045
137,87,28,2,37,29.884
137,79,35,2,37,29.873
137,83,3,2,37,31.527
137,57,22,2,38,30.038
137,94,14,2,38,29.076
137,120,2,2,38,29.200
137,106,1,3,37,29.166
137,12,33,2,38,29.686
137,114,35,2,38,29.658
137,109,11,2,38,29.410
137,119,11,2,38,29.444
137,108,2,2,39,30.387
137,117,3,4,37,33.083
137,70,28,2,39,30.265
137,103,33,2,39,29.469
137,101,34,4,38,29.086
137,75,14,4,47,28.871
137,93,1,3,50,28.706
138,104,34,1,28,21.405
138,79,35,2,28,21.378
138,114,35,1,29,21.467
138,70,28,2,29,22.472
138,109,11,2,29,23.410
138,87,28,2,34,22.531
138,117,3,2,36,22.183
138,12,33,2,37,21.800
138,57,22,2,40,21.910
138,106,1,2,40,21.723
138,108,2,2,45,21.249
138,103,33,2,45,22.276
138,83,3,2,45,21.981
138,120,2,2,47,21.823
138,93,1,2,47,21.439
138,75,14,2,47,21.056
138,94,14,2,49,21.344
138,110,22,2,53,21.328
138,119,11,3,63,21.908
138,101,34,3,64,21.330
139,110,22,1,10,22.686
139,103,33,1,12,23.010
139,12,33,1,13,23.075
139,114,35,1,15,23.452
139,87,28,1,17,23.619
139,70,28,2,20,23.268
139,79,35,2,21,22.328
139,109,11,2,23,23.146
139,119,11,2,24,23.692
139,106,1,2,25,23.330
139,57,22,2,26,22.704
139,94,14,2,28,22.943
139,93,1,2,28,23.089
139,104,34,2,28,22.844
139,108,2,2,29,22.610
139,120,2,2,30,24.125
139,101,34,2,30,23.546
139,83,3,2,35,22.949
139,75,14,3,42,22.632
140,70,28,1,14,21.619
140,119,11,1,22,22.030
140,106,1,1,24,20.841
140,94,14,1,27,20.785
140,108,2,1,28,21.536
140,75,14,1,29,22.934
140,79,35,1,29,20.942
140,93,1,1,30,20.840
140,103,33,1,30,21.385
140,101,34,1,30,21.015
140,12,33,1,31,21.348
140,104,34,1,32,22.646
140,114,35,2,32,20.880
140,120,2,1,33,20.969
140,87,28,1,40,21.403
140,83,3,2,43,21.273
140,57,22,2,48,21.026
140,117,3,2,51,22.044
140,110,22,2,54,21.159
140,109,11,2,54,21.016
141,79,35,1,11,30.317
141,87,28,1,14,25.672
141,106,1,1,15,24.551
141,117,3,1,15,27.138
141,123,11,1,16,25.147
141,109,11,1,17,24.801
141,93,1,1,19,24.313
141,104,34,2,30,24.203
141,101,34,1,31,24.146
141,108,2,2,32,24.870
141,70,28,2,32,36.576
141,110,22,2,33,26.297
141,83,3,1,33,24.410
141,75,14,2,35,24.030
141,12,33,2,35,24.501
141,57,22,2,37,24.155
141,120,2,2,38,24.670
141,94,14,2,41,24.150
141,103,33,3,50,25.269
142,123,11,1,10,20.596
142,12,33,1,11,20.073
142,83,3,1,11,20.045
142,110,22,1,12,19.954
142,57,22,1,12,21.289
142,114,35,1,12,20.922
142,75,14,1,13,20.630
142,122,28,1,14,21.276
142,120,2,1,15,20.181
142,70,28,1,15,21.617
142,106,1,1,16,20.671
142,93,1,1,17,21.483
142,103,33,2,22,20.214
142,109,11,1,31,20.287
142,117,3,1,34,20.520
142,108,2,1,37,19.712
142,94,14,2,49,20.725
142,79,35,1,49,21.984
142,101,34,1,49,20.634
142,104,34,1,50,20.257
143,109,11,1,11,29.126
143,93,1,1,13,29.385
143,57,22,1,17,29.272
143,12,33,1,25,29.251
143,103,33,1,26,29.816
143,110,22,1,27,28.739
143,75,14,1,28,28.990
143,94,14,1,29,29.655
143,70,28,1,29,29.808
143,123,11,1,29,29.772
143,101,34,1,29,29.601
143,108,2,1,30,29.091
143,114,35,1,33,29.662
143,83,3,1,33,30.423
143,117,3,1,34,29.360
143,106,1,1,36,29.042
143,104,34,1,37,31.509
143,120,2,1,38,29.152
143,87,28,2,49,31.291
143,79,35,3,58,29.653
144,83,3,1,15,24.439
144,104,34,1,18,28.228
144,114,35,1,18,24.193
144,93,1,1,21,23.963
144,94,14,1,25,24.228
144,106,1,1,26,23.817
144,75,14,1,26,23.580
144,12,33,1,26,24.247
144,70,28,1,27,24.500
144,103,33,1,27,26.399
144,108,2,1,31,23.731
144,120,2,1,32,24.107
144,109,11,2,33,24.391
144,117,3,2,35,24.890
144,121,35,1,36,23.839
144,87,28,2,38,24.087
144,123,11,1,39,23.971
144,110,22,1,40,29.327
144,101,34,2,51,26.175
145,94,14,1,26,43.730
145,103,33,1,26,22.592
145,57,22,1,28,22.538
145,104,34,1,28,23.204
145,70,28,1,29,23.077
145,108,2,1,30,22.111
145,87,28,1,30,23.332
145,110,22,1,31,22.462
145,93,1,1,32,22.249
145,120,2,1,39,21.825
145,117,3,1,43,22.935
145,123,11,1,47,23.895
145,101,34,1,48,23.245
145,83,3,1,49,22.505
145,121,35,2,65,30.299
145,106,1,2,69,22.690
145,75,14,3,68,21.920
146,123,11,2,30,25.239
146,70,28,3,29,28.590
146,101,34,1,32,23:28.695
146,94,14,1,32,23:29.303
146,104,34,1,32,23:27.586
146,108,2,2,32,23:35.363
146,110,22,2,32,23:35.838
146,114,35,2,32,23:39.030
146,106,1,2,32,23:40.260
146,120,2,2,32,23:40.270
146,12,33,2,32,23:42.872
146,121,35,2,32,23:42.722
146,57,22,2,32,23:45.703
146,83,3,1,32,23:42.094
146,93,1,2,32,23:44.659
146,75,14,2,32,23:45.215
146,122,28,2,32,23:44.737
146,117,3,4,32,1:08.542
147,109,11,1,9,22.012
147,104,34,1,10,22.179
147,87,28,1,17,21.963
147,12,33,2,24,21.407
147,120,2,2,25,21.082
147,123,11,2,26,21.221
147,94,14,2,27,22.254
147,57,22,2,27,21.355
147,93,1,2,28,20.879
147,103,33,2,28,21.588
147,114,35,2,29,21.208
147,106,1,2,31,21.585
147,110,22,2,32,20.975
147,75,14,2,32,21.034
147,70,28,2,33,21.702
147,117,3,2,34,21.761
147,83,3,2,35,22.821
147,121,35,2,38,20.642
147,101,34,3,45,21.858
147,108,2,3,48,21.059
148,103,33,2,7,41.674
148,94,14,3,37,22.703
148,83,3,3,36,28.140
148,106,1,3,37,28.983
148,120,2,3,37,29.326
148,75,14,3,37,29.459
148,104,34,3,37,30.488
148,110,22,4,37,34.037
148,93,1,3,37,34.356
148,117,3,3,37,34.818
148,12,33,3,37,32.811
148,87,28,3,37,33.363
148,70,28,4,37,37.692
148,114,35,4,40,29.271
148,121,35,4,40,34.655
148,108,2,4,45,36.069
148,57,22,4,47,22.705
148,109,11,4,55,39.687
149,123,11,1,3,24.941
149,83,3,1,6,41.144
149,109,11,1,12,22.065
149,70,28,1,13,21.530
149,104,34,1,14,22.059
149,106,1,1,20,21.869
149,114,35,1,22,21.869
149,124,34,1,22,22.080
149,93,1,1,25,21.280
149,108,2,1,26,21.276
149,110,22,1,26,21.656
149,94,14,1,29,32.652
149,121,35,3,29,32.317
149,120,2,2,32,32.774
149,103,33,2,32,22.053
149,57,22,1,34,21.694
149,12,33,2,37,22.437
149,117,3,2,39,28.765
149,87,28,4,55,22.090
150,12,33,3,4,15.034
150,121,14,4,33,20.067
150,108,2,5,44,18.031
150,110,22,5,44,19.378
150,109,11,5,44,18.952
150,125,22,5,44,21.946
150,103,33,5,44,18.901
150,70,36,5,44,20.209
150,126,36,5,44,26.214
150,120,2,5,44,19.850
150,122,28,5,44,19.370
150,94,14,5,46,18.721
150,104,34,5,46,19.482
150,101,28,5,46,19.858
150,57,1,5,47,20.802
150,106,1,5,47,24.528
150,114,35,5,47,19.312
151,104,34,1,10,23.138
151,101,28,1,11,23.114
151,124,34,1,11,22.793
151,125,22,1,12,22.675
151,94,14,1,13,22.454
151,120,2,1,14,23.938
151,110,22,1,14,22.324
151,108,2,1,15,22.213
151,106,1,1,15,22.151
151,93,11,1,17,22.721
151,109,11,1,20,23.362
151,70,36,1,20,22.959
151,122,28,1,26,22.808
151,126,36,2,26,22.790
151,121,14,2,30,22.355
151,127,35,2,33,22.234
151,103,33,1,36,22.995
151,57,1,2,37,22.364
151,114,35,3,46,38.102
152,124,34,1,15,23.382
152,110,22,1,19,23.184
152,120,2,1,20,23.037
152,94,14,1,21,24.397
152,108,2,1,21,23.222
152,106,1,1,21,23.346
152,70,36,1,22,23.515
152,122,28,1,23,24.834
152,114,14,1,23,24.181
152,109,11,1,24,23.093
152,12,33,1,24,25.708
152,104,34,1,24,26.041
152,127,35,1,25,23.333
152,57,1,1,30,22.937
152,103,33,2,30,23.608
152,125,22,1,31,24.380
152,126,36,1,31,23.419
152,101,28,1,32,24.464
152,121,35,1,33,23.662
152,93,11,1,33,23.337
153,94,14,2,26,28.067
153,101,28,2,27,24.832
153,70,36,2,27,24.291
153,104,34,2,28,24.958
153,124,34,2,28,25.093
153,127,35,2,28,24.640
153,120,2,2,32,24.900
153,110,22,2,32,24.100
153,106,1,2,32,24.241
153,108,2,2,32,24.035
153,57,1,2,32,24.350
153,114,14,2,32,24.771
153,109,11,2,32,25.990
153,122,28,2,32,24.895
153,125,22,3,32,24.693
153,12,33,2,32,24.846
153,121,35,2,32,24.191
153,103,33,2,32,24.592
153,126,36,2,32,25.396
153,93,11,3,44,37.116
154,101,28,1,1,21.512
154,126,36,1,1,21.854
154,122,28,1,18,22.095
154,120,2,1,19,21.388
154,125,22,1,19,20.399
154,12,33,1,19,21.891
154,110,22,1,20,20.329
154,121,35,1,20,20.534
154,94,14,1,21,26.030
154,93,11,1,21,24.148
154,109,11,1,22,22.135
154,57,1,1,23,20.144
154,106,1,1,29,20.131
154,124,34,2,32,21.521
154,70,36,1,33,20.441
154,108,2,1,34,20.427
154,127,35,1,34,20.827
154,103,33,1,39,20.487
155,126,36,1,19,22.188
155,103,33,1,20,22.317
155,127,35,1,22,22.115
155,101,28,1,23,23.162
155,125,22,1,25,24.383
155,93,11,1,25,22.415
155,94,14,1,26,22.501
155,109,11,1,26,21.906
155,114,14,1,27,22.560
155,57,1,1,28,23.104
155,12,33,1,28,23.602
155,121,35,1,28,22.439
155,120,2,1,29,22.106
155,108,2,1,29,22.044
155,110,22,1,29,24.257
155,106,1,1,29,22.183
155,104,34,1,32,22.060
155,70,36,1,36,22.108
156,101,28,1,1,30.506
156,125,22,1,29,30.051
156,106,1,2,29,31.898
156,70,36,1,29,30.184
156,110,22,2,29,30.754
156,114,14,1,29,29.807
156,93,11,2,29,30.635
156,104,34,2,29,32.003
156,121,35,2,29,30.291
156,120,2,2,30,30.609
156,122,28,2,31,56.757
156,94,14,2,46,29.657
156,108,2,2,46,31.675
156,57,1,2,46,29.950
156,127,35,2,46,30.096
156,12,33,2,46,30.886
156,103,33,2,46,34.496
156,123,34,2,46,31.107
156,126,36,3,46,29.917
156,109,11,2,47,29.786
157,104,34,1,1,24.376
157,12,33,1,16,25.375
157,122,28,2,17,24.580
157,127,35,2,19,24.031
157,123,34,2,26,24.497
157,101,28,2,28,24.773
157,126,36,3,35,24.246
157,121,35,2,40,24.320
157,109,11,2,40,24.190
157,70,36,2,44,24.397
157,120,2,2,48,23.908
157,106,1,2,49,23.678
157,108,2,2,50,23.704
157,93,11,2,53,24.049
157,57,1,2,56,24.256
157,103,33,2,64,25.916
157,110,22,3,68,24.025
157,125,22,2,71,24.837
157,114,14,2,73,24.086
157,94,14,2,77,23.950
158,109,11,2,26,37.674
158,101,28,2,43,22.468
158,121,35,2,44,22.127
158,125,22,2,49,23.457
158,126,36,2,49,22.953
158,120,2,3,55,22.748
158,108,2,3,55,23.562
158,94,14,4,55,22.197
158,12,33,3,54,22.216
158,122,28,3,54,22.765
158,114,14,4,54,22.283
158,106,1,3,55,22.383
158,110,22,3,55,23.167
158,57,1,3,55,22.830
158,123,34,3,54,21.874
158,127,35,3,55,21.841
158,104,34,3,55,22.818
158,93,11,3,55,21.984
158,70,36,3,56,21.904
159,123,34,1,14,24.735
159,70,36,1,19,23.476
159,109,11,1,23,23.898
159,94,14,2,37,23.121
159,125,22,2,38,23.416
159,121,35,1,38,23.280
159,110,22,2,42,24.262
159,57,1,2,45,23.338
159,108,2,2,47,23.471
159,126,36,1,49,23.715
159,12,33,2,50,23.409
159,106,1,2,53,23.859
159,104,34,1,53,23.987
159,114,14,1,56,25.178
159,101,28,1,57,24.452
159,93,11,1,57,23.269
159,120,2,3,67,26.385
159,122,28,2,66,27.985
159,127,35,2,66,23.693
159,103,33,3,66,23.772
160,109,11,1,13,21.210
160,127,35,2,28,21.680
160,121,35,1,32,21.434
160,12,33,1,33,21.865
160,104,34,2,38,22.105
160,122,28,2,39,21.771
160,123,34,2,39,21.087
160,70,36,2,42,21.045
160,110,22,2,45,21.854
160,106,1,2,49,21.536
160,126,36,2,49,21.286
160,57,1,2,50,21.158
160,101,28,2,50,22.284
160,108,2,2,52,21.427
160,120,2,2,53,21.033
160,103,33,2,53,21.763
160,114,14,3,60,32.643
161,127,35,1,10,28.523
161,114,14,1,11,28.544
161,125,22,3,20,29.728
161,12,33,2,37,28.534
161,110,22,2,38,28.205
161,57,1,2,41,29.127
161,103,33,3,41,28.553
161,94,14,2,41,29.689
161,104,34,2,41,28.469
161,93,11,2,41,28.655
161,122,28,2,41,29.090
161,70,36,2,42,29.952
161,106,1,2,42,28.840
161,109,11,2,42,29.292
161,101,28,2,42,28.646
161,120,2,2,43,40.280
161,108,2,2,44,28.214
162,57,1,1,11,23.284
162,104,34,1,11,26.825
162,120,2,1,12,23.844
162,106,1,1,12,23.806
162,94,14,1,12,25.913
162,110,22,1,12,23.635
162,121,35,1,12,23.269
162,126,36,1,12,23.274
162,122,28,1,12,24.130
162,103,33,1,12,23.787
162,108,2,1,13,24.376
162,114,14,1,13,23.330
162,101,28,1,13,23.802
162,127,35,2,20,23.376
162,93,11,2,26,23.770
162,123,34,2,28,23.449
162,12,33,2,29,23.692
162,125,22,2,30,23.059
162,70,36,2,32,23.890
163,101,28,1,14,22.444
163,125,22,1,21,22.328
163,122,28,1,30,21.754
163,108,2,1,31,20.940
163,104,34,1,32,21.699
163,127,35,1,33,21.096
163,123,34,2,35,26.280
163,103,33,1,36,21.464
163,114,14,2,37,21.541
163,109,11,2,38,22.726
163,12,33,1,39,22.204
163,106,1,2,40,21.136
163,126,36,1,40,21.773
163,121,35,1,40,22.136
163,70,36,2,41,28.777
163,57,1,1,42,21.150
163,110,22,2,43,21.450
163,120,2,2,45,20.940
163,94,14,2,48,21.258
163,93,11,2,51,21.423
164,104,34,1,23,19.223
164,12,33,2,40,17.949
164,125,22,2,51,17.365
164,106,1,2,52,17.042
164,103,33,2,52,17.598
164,101,28,1,52,18.270
164,120,2,2,53,18.589
164,108,2,2,53,22.608
164,94,14,2,53,18.261
164,127,35,2,53,18.535
164,110,22,2,53,17.344
164,109,11,2,53,17.840
164,121,35,3,52,18.552
164,122,28,1,53,18.622
164,114,14,2,53,18.147
164,70,36,2,53,17.944
164,126,36,2,60,17.491
164,123,34,3,65,18.077
164,93,11,4,65,18.043
165,121,35,1,9,24.156
165,122,28,1,18,25.372
165,114,14,1,19,24.372
165,12,33,1,20,25.160
165,126,36,1,20,26.143
165,110,22,1,27,25.021
165,125,22,1,28,24.916
165,93,11,1,30,24.605
165,127,35,1,32,24.326
165,106,1,1,33,24.235
165,123,34,1,33,24.971
165,94,14,1,37,24.545
165,57,1,1,38,23.971
165,109,11,1,41,24.717
165,120,2,1,45,23.602
165,108,2,1,46,27.498
165,103,33,1,49,38.418
165,104,34,1,49,25.012
165,101,28,1,51,30.754
166,101,28,2,2,20.759
166,109,11,2,15,20.489
166,123,34,1,16,21.088
166,125,22,1,18,20.669
166,106,1,1,19,20.542
166,121,35,1,20,20.283
166,12,33,1,21,25.768
166,126,36,1,26,20.845
166,93,11,1,27,20.508
166,122,28,1,28,21.194
166,127,35,1,29,20.294
166,104,34,1,35,21.500
166,57,1,1,36,20.062
166,70,36,1,36,19.970
166,108,2,1,37,21.975
166,103,33,1,37,21.820
166,114,14,1,38,20.323
166,110,22,1,39,19.809
166,94,14,1,40,20.221
167,126,36,1,13,32.856
167,114,14,1,13,24.610
167,123,34,1,14,24.040
167,94,14,1,19,24.008
167,127,35,1,20,23.827
167,106,1,1,21,23.630
167,122,28,1,23,23.979
167,110,22,1,25,23.966
167,125,22,1,25,23.806
167,108,2,1,26,23.314
167,120,2,1,27,26.637
167,12,33,1,27,30.749
167,101,28,1,30,25.078
167,103,33,1,38,24.012
167,109,11,1,42,25.732
167,70,36,2,44,31.894
167,57,1,2,46,23.344
167,121,35,1,48,24.027
167,93,11,1,50,24.075
167,104,34,2,51,25.188
168,106,1,1,22,23.718
168,101,28,1,24,25.060
168,104,34,1,27,26.631
168,103,33,1,28,24.192
168,127,35,1,28,23.831
168,114,14,1,29,24.539
168,120,2,1,30,23.452
168,122,28,1,30,24.110
168,12,33,1,30,24.054
168,121,35,1,30,23.681
168,57,1,1,31,23.937
168,125,22,1,31,23.949
168,108,2,1,32,24.580
168,123,34,1,32,24.045
168,94,14,1,33,23.987
168,110,22,1,33,23.555
168,70,36,1,33,23.753
168,109,11,2,36,24.582
168,126,36,2,36,24.007
169,121,35,1,2,34.212
169,12,33,1,20,26.816
169,101,28,1,27,23.203
169,106,1,1,31,22.215
169,104,34,1,33,22.834
169,108,2,1,34,22.567
169,127,35,1,34,22.196
169,114,14,1,36,31.630
169,94,14,1,37,22.762
169,126,36,1,37,22.410
169,109,11,1,41,22.040
169,103,33,2,43,23.713
169,93,11,2,46,30.546
169,125,22,2,47,24.523
169,120,2,2,47,22.159
169,57,1,2,47,23.342
169,122,28,2,48,22.174
169,110,22,2,48,22.470
169,123,34,1,48,22.789
170,121,35,1,19,22.899
170,57,1,3,32,30.752
170,70,36,1,36,23.086
170,127,35,2,37,23.460
170,93,11,2,38,23.234
170,104,34,2,39,23.648
170,122,28,2,42,24.654
170,123,34,2,43,26.124
170,12,33,2,46,23.563
170,125,22,2,47,23.401
170,101,28,2,47,24.177
170,114,14,3,47,33.841
170,110,22,2,48,23.128
170,108,2,2,50,23.238
170,120,2,2,51,23.113
170,94,14,3,54,23.311
170,103,33,2,54,22.968
170,109,11,2,55,23.112
171,126,36,1,1,33.230
171,125,22,1,2,21.968
171,104,34,1,2,23.903
171,12,33,1,16,21.068
171,110,22,1,17,20.929
171,122,28,1,17,21.491
171,127,35,1,20,21.324
171,120,2,1,21,21.371
171,108,2,1,22,21.049
171,93,11,1,22,21.164
171,106,1,1,24,21.351
171,94,14,1,25,21.708
171,123,34,1,25,22.842
171,101,28,1,27,22.389
171,114,14,2,27,20.680
171,121,35,2,28,21.287
171,57,1,1,29,21.638
171,70,36,1,30,22.333
171,109,11,3,34,29.308
172,94,14,2,32,28.168
172,93,11,2,32,28.181
172,125,22,2,32,28.544
172,12,33,2,32,28.935
172,127,35,2,32,27.931
172,110,22,2,32,29.077
172,106,1,2,32,28.999
172,121,35,2,32,28.078
172,114,14,2,32,28.330
172,109,11,2,32,29.457
172,57,1,2,32,28.541
172,126,36,2,32,28.234
172,123,34,2,32,28.942
172,104,34,2,32,30.559
172,101,28,3,34,30.469
172,122,28,3,40,37.513
172,120,2,2,42,27.853
172,108,2,2,44,28.243
172,103,33,3,49,35.671
173,110,22,1,14,21.979
173,127,35,1,14,21.932
173,122,28,1,14,22.263
173,126,36,1,15,22.121
173,12,33,1,16,23.267
173,93,11,1,18,21.799
173,101,28,1,19,22.254
173,121,35,1,21,28.369
173,94,14,1,23,21.703
173,57,1,2,31,21.417
173,114,14,1,32,27.041
173,125,22,1,32,22.155
173,109,11,2,33,21.495
173,106,1,2,39,20.902
173,108,2,2,40,21.407
173,104,34,2,40,22.234
173,123,34,2,40,22.955
173,120,2,1,41,21.565
173,103,33,1,42,21.535
173,70,36,2,42,21.468
