driver_id,race_id,team_id,start_position
107,1,2,1
108,1,1,2
106,1,1,3
111,1,3,4
122,1,10,5
121,1,10,6
112,1,5,7
109,1,3,8
115,1,5,9
110,1,4,10
114,1,4,11
116,1,6,12
119,1,8,13
117,1,6,14
113,1,2,15
120,1,9,16
124,1,7,17
118,1,7,18
125,1,8,19
123,1,9,20
106,2,1,1
108,2,1,2
113,2,2,3
109,2,3,4
123,2,9,5
122,2,10,6
112,2,5,7
117,2,6,8
107,2,2,9
115,2,5,10
120,2,9,11
116,2,6,12
110,2,4,13
114,2,4,14
111,2,3,15
121,2,10,16
124,2,7,17
125,2,8,18
118,2,7,19
119,2,8,20
106,3,1,1
108,3,1,2
113,3,2,3
107,3,2,4
111,3,3,5
109,3,3,6
112,3,5,7
116,3,6,8
115,3,5,9
121,3,10,10
122,3,10,11
117,3,6,12
110,3,4,13
114,3,4,14
120,3,9,15
125,3,8,16
123,3,9,17
119,3,8,18
118,3,7,19
124,3,7,20
106,4,1,1
107,4,2,2
113,4,2,3
109,4,3,4
111,4,3,5
108,4,1,6
117,4,6,7
116,4,6,8
115,4,5,9
119,4,8,10
125,4,8,11
110,4,4,12
118,4,7,13
112,4,5,14
122,4,10,15
114,4,4,16
123,4,9,17
124,4,7,18
120,4,9,19
121,4,10,20
107,5,2,1
113,5,2,2
106,5,1,3
108,5,1,4
111,5,3,5
109,5,3,6
122,5,10,7
110,5,4,8
115,5,5,9
121,5,10,10
114,5,4,11
123,5,9,12
117,5,6,13
118,5,7,14
116,5,6,15
112,5,5,16
124,5,7,17
119,5,8,18
125,5,8,19
120,5,9,20
109,6,3,1
106,6,1,2
107,6,2,3
108,6,1,4
113,6,2,5
117,6,6,6
110,6,4,7
115,6,5,8
116,6,6,9
123,6,9,10
112,6,5,11
114,6,4,12
125,6,8,13
118,6,7,14
120,6,9,15
124,6,7,16
119,6,8,17
121,6,10,18
122,6,10,19
111,6,3,20
106,7,1,1
113,7,2,2
111,7,3,3
107,7,2,4
108,7,1,5
109,7,3,6
112,7,5,7
117,7,6,8
115,7,5,9
116,7,6,10
122,7,10,11
120,7,9,12
118,7,7,13
110,7,4,14
114,7,4,15
119,7,8,16
125,7,8,17
124,7,7,18
123,7,9,19
121,7,10,20
113,9,2,1
107,9,2,2
108,9,1,3
111,9,3,4
121,9,10,5
106,9,1,6
109,9,3,7
122,9,10,8
115,9,5,9
112,9,5,10
117,9,6,11
123,9,9,12
119,9,8,13
114,9,4,14
116,9,6,15
125,9,8,16
118,9,7,17
124,9,7,18
120,9,9,19
110,9,4,20
107,10,2,1
106,10,1,2
108,10,1,3
113,10,2,4
111,10,3,5
109,10,3,6
122,10,10,7
121,10,10,8
118,10,7,9
117,10,6,10
112,10,5,11
116,10,6,12
110,10,4,13
123,10,9,14
124,10,7,15
115,10,5,16
114,10,4,17
106,11,1,1
113,11,2,2
108,11,1,3
111,11,3,4
122,11,10,5
121,11,10,6
112,11,5,7
115,11,5,8
118,11,7,9
116,11,6,10
110,11,4,11
125,11,8,12
124,11,7,13
107,11,2,14
117,11,6,15
120,11,9,16
119,11,8,17
114,11,4,18
109,11,3,19
123,11,9,20
107,12,2,1
113,12,2,2
108,12,1,3
106,12,1,4
115,12,5,5
123,12,9,6
111,12,3,7
120,12,9,8
122,12,10,9
121,12,10,10
110,12,4,11
109,12,3,12
112,12,5,13
124,12,7,14
114,12,4,15
118,12,7,16
117,12,6,17
116,12,6,18
125,12,8,19
119,12,8,20
108,14,1,1
106,14,1,2
107,14,2,3
113,14,2,4
111,14,3,5
121,14,10,6
115,14,5,7
117,14,6,8
123,14,9,9
119,14,8,10
122,14,10,11
125,14,8,12
110,14,4,13
116,14,6,14
118,14,7,15
120,14,9,16
114,14,4,17
124,14,7,18
109,14,3,19
112,14,5,20
107,15,2,1
111,15,3,2
106,15,1,3
113,15,2,4
108,15,1,5
109,15,3,6
116,15,6,7
121,15,10,8
117,15,6,9
112,15,5,10
110,15,4,11
115,15,5,12
118,15,7,13
124,15,7,14
123,15,9,15
122,15,10,16
120,15,9,17
114,15,4,18
125,15,8,19
119,15,8,20
113,16,2,1
107,16,2,2
106,16,1,3
108,16,1,4
122,16,10,5
117,16,6,6
118,16,7,7
116,16,6,8
121,16,10,9
124,16,7,10
115,16,5,11
112,16,5,12
125,16,8,13
119,16,8,14
114,16,4,15
110,16,4,16
123,16,9,17
109,16,3,18
111,16,3,19
120,16,9,20
107,17,2,1
113,17,2,2
111,17,3,3
108,17,1,4
121,17,10,5
120,17,9,6
123,17,9,7
106,17,1,8
116,17,6,9
118,17,7,10
117,17,6,11
122,17,10,12
115,17,5,13
119,17,8,14
109,17,3,15
112,17,5,16
125,17,8,17
110,17,4,18
114,17,4,19
124,17,7,20
107,18,2,1
108,18,1,2
113,18,2,3
109,18,3,4
106,18,1,5
117,18,6,6
112,18,5,7
121,18,10,8
118,18,7,9
116,18,6,10
115,18,5,11
122,18,10,12
110,18,4,13
125,18,8,14
119,18,8,15
124,18,7,16
114,18,4,17
111,18,3,18
123,18,9,19
120,18,9,20
109,19,3,1
111,19,3,2
107,19,2,3
106,19,1,4
113,19,2,5
108,19,1,6
112,19,5,7
115,19,5,8
118,19,7,9
124,19,7,10
117,19,6,11
110,19,4,12
116,19,6,13
120,19,9,14
114,19,4,15
122,19,10,16
119,19,8,17
121,19,10,18
125,19,8,19
123,19,9,20
107,20,2,1
106,20,1,2
113,20,2,3
108,20,1,4
111,20,3,5
124,20,7,6
118,20,7,7
121,20,10,8
123,20,9,9
122,20,10,10
109,20,3,11
116,20,6,12
112,20,5,13
125,20,8,14
115,20,5,15
120,20,9,16
110,20,4,17
117,20,6,18
119,20,8,19
114,20,4,20
107,21,2,1
113,21,2,2
106,21,1,3
108,21,1,4
109,21,3,5
111,21,3,6
121,21,10,7
118,21,7,8
117,21,6,9
112,21,5,10
115,21,5,11
124,21,7,12
122,21,10,13
116,21,6,14
110,21,4,15
120,21,9,16
123,21,9,17
114,21,4,18
125,21,8,19
119,21,8,20
107,22,2,1
113,22,2,2
106,22,1,3
111,22,3,4
118,22,1,5
121,22,10,6
122,22,10,7
127,22,4,8
108,22,11,9
116,22,12,10
112,22,5,11
109,22,5,12
128,22,9,13
129,22,11,14
126,22,9,15
119,22,12,16
123,22,3,17
115,22,4,18
130,22,8,19
131,22,8,20
118,23,1,1
106,23,1,2
107,23,2,3
113,23,2,4
111,23,3,5
122,23,10,6
115,23,4,7
108,23,11,8
127,23,4,9
109,23,5,10
121,23,10,11
128,23,9,12
123,23,3,13
116,23,12,14
126,23,9,15
129,23,11,16
112,23,5,17
119,23,12,18
130,23,8,19
131,23,8,20
113,24,2,1
107,24,2,2
106,24,1,3
118,24,1,4
111,24,3,5
123,24,3,6
109,24,5,7
112,24,5,8
122,24,10,9
121,24,10,10
126,24,9,11
116,24,12,12
108,24,11,13
115,24,4,14
127,24,4,15
119,24,12,16
130,24,8,17
131,24,8,18
129,24,11,19
128,24,9,20
113,25,2,1
107,25,2,2
106,25,1,3
111,25,3,4
116,25,12,5
126,25,9,6
127,25,4,7
118,25,1,8
115,25,4,9
109,25,5,10
128,25,9,11
122,25,10,12
119,25,12,13
121,25,10,14
112,25,5,15
130,25,8,16
129,25,11,17
131,25,8,18
108,25,11,19
123,25,3,20
113,26,2,1
107,26,2,2
106,26,1,3
111,26,3,4
118,26,1,5
123,26,3,6
121,26,10,7
122,26,10,8
126,26,9,9
127,26,4,10
128,26,9,11
115,26,4,12
109,26,5,13
108,26,11,14
116,26,12,15
119,26,12,16
131,26,8,17
129,26,11,18
130,26,8,19
112,26,5,20
107,27,2,1
113,27,2,2
111,27,3,3
106,27,1,4
122,27,10,5
109,27,5,6
126,27,9,7
123,27,3,8
115,27,4,9
128,27,9,10
112,27,5,11
127,27,4,12
121,27,10,13
108,27,11,14
118,27,1,15
116,27,12,16
119,27,12,17
129,27,11,18
130,27,8,19
131,27,8,20
106,28,1,1
107,28,2,2
118,28,1,3
109,28,5,4
123,28,3,5
113,28,2,6
112,28,5,7
127,28,4,8
111,28,3,9
126,28,9,10
115,28,4,11
129,28,11,12
128,28,9,13
121,28,10,14
116,28,12,15
108,28,11,16
119,28,12,17
130,28,8,18
131,28,8,19
122,28,10,20
107,29,2,1
113,29,2,2
118,29,1,3
111,29,3,4
127,29,4,5
115,29,4,6
106,29,1,7
109,29,5,8
123,29,3,9
129,29,11,10
128,29,9,11
108,29,11,12
112,29,5,13
116,29,12,14
122,29,10,15
121,29,10,16
119,29,12,17
131,29,8,18
126,29,9,19
130,29,8,20
118,30,1,1
111,30,3,2
113,30,2,3
107,30,2,4
127,30,4,5
108,30,11,6
129,30,11,7
123,30,3,8
106,30,1,9
122,30,10,10
121,30,10,11
109,30,5,12
116,30,12,13
119,30,12,14
112,30,5,15
126,30,9,16
131,30,8,17
128,30,9,18
115,30,4,19
130,30,8,20
113,31,2,1
107,31,2,2
118,31,1,3
111,31,3,4
123,31,3,5
106,31,1,6
109,31,5,7
127,31,4,8
128,31,9,9
112,31,5,10
129,31,11,11
108,31,11,12
115,31,4,13
121,31,10,14
116,31,12,15
122,31,10,16
126,31,9,17
119,31,12,18
130,31,8,19
131,31,8,20
107,32,2,1
111,32,3,2
113,32,2,3
123,32,3,4
108,32,11,5
121,32,10,6
115,32,4,7
116,32,12,8
112,32,5,9
118,32,1,10
129,32,11,11
122,32,10,12
109,32,5,13
126,32,9,14
119,32,12,15
128,32,9,16
130,32,8,17
131,32,8,18
127,32,4,19
106,32,1,20
111,33,3,1
113,33,2,2
107,33,2,3
118,33,1,4
106,33,1,5
123,33,3,6
127,33,4,7
115,33,4,8
121,33,10,9
108,33,11,10
112,33,5,11
128,33,9,12
126,33,9,13
122,33,10,14
130,33,8,15
116,33,12,16
129,33,11,17
119,33,12,18
131,33,8,19
109,33,5,20
118,34,1,1
106,34,1,2
107,34,2,3
113,34,2,4
111,34,3,5
108,34,11,6
116,34,12,7
122,34,10,8
121,34,10,9
109,34,5,10
127,34,4,11
112,34,5,12
123,34,9,13
130,34,8,14
115,34,4,15
119,34,12,16
128,34,3,17
129,34,11,18
126,34,9,19
131,34,8,20
118,35,1,1
107,35,2,2
113,35,2,3
106,35,1,4
109,35,5,5
112,35,5,6
115,35,4,7
128,35,3,8
119,35,12,9
129,35,11,10
122,35,10,11
126,35,9,12
121,35,10,13
130,35,8,14
131,35,8,15
127,35,4,16
123,35,9,17
116,35,12,18
111,35,3,19
108,35,11,20
118,36,1,1
107,36,2,2
106,36,1,3
111,36,3,4
113,36,2,5
128,36,3,6
115,36,4,7
112,36,5,8
127,36,4,9
129,36,11,10
123,36,9,11
108,36,11,12
122,36,10,13
126,36,9,14
116,36,12,15
119,36,12,16
121,36,10,17
130,36,8,18
131,36,8,19
109,36,5,20
118,37,1,1
107,37,2,2
106,37,1,3
113,37,2,4
115,37,4,5
112,37,5,6
127,37,4,7
121,37,10,8
111,37,3,9
109,37,5,10
116,37,12,11
129,37,11,12
122,37,10,13
119,37,12,14
108,37,11,15
123,37,9,16
130,37,8,17
131,37,8,18
126,37,9,19
128,37,3,20
106,38,1,1
118,38,1,2
113,38,2,3
107,38,2,4
111,38,3,5
128,38,3,6
115,38,4,7
127,38,4,8
123,38,9,9
121,38,10,10
129,38,11,11
119,38,12,12
108,38,11,13
126,38,9,14
112,38,5,15
109,38,5,16
116,38,12,17
130,38,8,18
122,38,10,19
118,39,1,1
106,39,1,2
107,39,2,3
111,39,3,4
128,39,3,5
113,39,2,6
115,39,4,7
127,39,4,8
126,39,9,9
123,39,9,10
116,39,12,11
112,39,5,12
109,39,5,13
108,39,11,14
129,39,11,15
119,39,12,16
122,39,10,17
121,39,10,18
130,39,8,19
131,39,8,20
113,40,2,1
106,40,1,2
111,40,3,3
118,40,1,4
107,40,2,5
128,40,3,6
115,40,4,7
127,40,4,8
109,40,5,9
123,40,9,10
112,40,5,11
122,40,10,12
126,40,9,13
119,40,12,14
121,40,10,15
129,40,11,16
108,40,11,17
130,40,8,18
131,40,8,19
116,40,12,20
111,41,3,1
106,41,1,2
107,41,2,3
113,41,2,4
128,41,3,5
123,41,9,6
121,41,10,7
108,41,11,8
122,41,10,9
127,41,4,10
109,41,5,11
129,41,11,12
112,41,5,13
118,41,1,14
116,41,12,15
126,41,9,16
119,41,12,17
130,41,8,18
131,41,8,19
115,41,4,20
107,42,2,1
111,42,3,2
118,42,1,3
106,42,1,4
128,42,3,5
127,42,4,6
109,42,5,7
115,42,4,8
112,42,5,9
116,42,12,10
123,42,9,11
119,42,12,12
126,42,9,13
122,42,10,14
121,42,10,15
129,42,11,16
108,42,11,17
130,42,8,18
131,42,8,19
113,42,2,20
113,43,2,1
111,43,3,2
127,43,4,3
128,43,3,4
107,43,2,5
116,43,12,6
118,43,1,7
115,43,4,8
119,43,12,9
109,43,5,10
106,43,1,11
123,43,13,12
126,43,13,13
117,43,5,14
121,43,10,15
122,43,10,16
130,43,8,17
129,43,11,18
108,43,11,19
132,43,8,20
107,44,2,1
111,44,3,2
115,44,4,3
113,44,2,4
117,44,5,5
128,44,3,6
123,44,13,7
109,44,5,8
127,44,4,9
106,44,1,10
130,44,8,11
119,44,12,12
126,44,13,13
118,44,1,14
122,44,10,15
108,44,11,16
116,44,12,17
132,44,8,18
129,44,11,19
107,45,2,1
113,45,2,2
119,45,12,3
116,45,12,4
106,45,1,5
118,45,1,6
111,45,3,7
127,45,4,8
115,45,4,9
123,45,13,10
109,45,5,11
130,45,8,12
128,45,3,13
117,45,5,14
132,45,8,15
122,45,10,16
126,45,13,17
121,45,10,18
129,45,11,19
108,45,11,20
107,46,2,1
113,46,2,2
111,46,3,3
118,46,1,4
127,46,4,5
119,46,12,6
115,46,4,7
109,46,5,8
117,46,5,9
106,46,1,10
123,46,13,11
128,46,3,12
112,46,12,13
122,46,10,14
129,46,11,15
108,46,11,16
121,46,10,17
132,46,8,18
126,46,13,19
130,46,8,20
113,47,2,1
107,47,2,2
112,47,12,3
111,47,3,4
109,47,5,5
119,47,12,6
123,47,13,7
118,47,1,8
128,47,3,9
127,47,4,10
106,47,1,11
115,47,4,12
121,47,10,13
117,47,5,14
130,47,8,15
126,47,13,16
122,47,10,17
132,47,8,18
129,47,11,19
108,47,11,20
107,48,2,1
113,48,2,2
111,48,3,3
116,48,12,4
119,48,12,5
128,48,3,6
115,48,4,7
127,48,4,8
118,48,1,9
123,48,13,10
106,48,1,11
126,48,13,12
109,48,5,13
108,48,11,14
117,48,5,15
122,48,10,16
121,48,10,17
130,48,8,18
132,48,8,19
129,48,11,20
107,49,2,1
113,49,2,2
111,49,3,3
109,49,5,4
128,49,3,5
117,49,5,6
115,49,4,7
116,49,12,8
119,49,12,9
127,49,4,10
126,49,13,11
123,49,13,12
118,49,1,13
106,49,1,14
130,49,8,15
108,49,11,16
121,49,10,17
129,49,11,18
132,49,8,19
122,49,10,20
107,50,2,1
113,50,2,2
115,50,4,3
116,50,12,4
111,50,3,5
127,50,4,6
109,50,5,7
119,50,12,8
128,50,3,9
123,50,13,10
126,50,13,11
117,50,5,12
118,50,1,13
108,50,11,14
122,50,10,15
121,50,10,16
106,50,1,17
129,50,11,18
130,50,8,19
132,50,8,20
107,51,2,1
113,51,2,2
111,51,3,3
128,51,3,4
118,51,1,5
119,51,12,6
116,51,12,7
109,51,5,8
115,51,4,9
117,51,5,10
127,51,4,11
126,51,13,12
108,51,11,13
106,51,1,14
121,51,10,15
123,51,13,16
129,51,11,17
130,51,8,18
132,51,8,19
122,51,10,20
107,52,2,1
111,52,3,2
113,52,2,3
116,52,12,4
109,52,5,5
115,52,4,6
117,52,5,7
127,52,4,8
123,52,13,9
118,52,1,10
126,52,13,11
119,52,12,12
130,52,8,13
106,52,1,14
128,52,3,15
121,52,10,16
129,52,11,17
122,52,10,18
108,52,11,19
132,52,8,20
113,53,2,1
107,53,2,2
111,53,3,3
118,53,1,4
128,53,3,5
109,53,5,6
117,53,5,7
127,53,4,8
116,53,12,9
115,53,4,10
106,53,1,11
123,53,13,12
126,53,13,13
129,53,11,14
122,53,10,15
121,53,10,16
130,53,8,17
132,53,8,18
108,53,11,19
112,53,12,20
107,54,2,1
113,54,2,2
111,54,3,3
118,54,1,4
116,54,12,5
128,54,3,6
115,54,4,7
127,54,4,8
123,54,13,9
109,54,5,10
117,54,5,11
119,54,12,12
126,54,13,13
130,54,8,14
106,54,1,15
108,54,11,16
129,54,11,17
121,54,10,18
122,54,10,19
132,54,8,20
113,55,2,1
107,55,2,2
111,55,3,3
123,55,13,4
109,55,5,5
128,55,3,6
118,55,1,7
126,55,13,8
127,55,4,9
115,55,4,10
116,55,12,11
117,55,5,12
130,55,8,13
106,55,1,14
119,55,12,15
121,55,10,16
122,55,10,17
108,55,11,18
132,55,8,19
129,55,11,20
119,56,12,1
111,56,3,2
116,56,12,3
128,56,3,4
109,56,5,5
107,56,2,6
117,56,5,7
108,56,11,8
113,56,2,9
129,56,11,10
106,56,1,11
118,56,1,12
122,56,10,13
127,56,4,14
115,56,4,15
126,56,13,16
121,56,10,17
132,56,8,18
123,56,13,19
130,56,8,20
107,57,2,1
113,57,2,2
111,57,3,3
128,57,3,4
116,57,12,5
109,57,5,6
117,57,5,7
123,57,13,8
127,57,4,9
126,57,13,10
106,57,1,11
118,57,1,12
119,57,12,13
130,57,8,14
115,57,4,15
129,57,11,16
108,57,11,17
122,57,10,18
121,57,10,19
132,57,8,20
113,58,2,1
130,58,2,2
111,58,3,3
118,58,1,4
116,58,12,5
126,58,13,6
109,58,5,7
115,58,4,8
123,58,13,9
119,58,12,10
117,58,5,11
128,58,3,12
106,58,1,13
129,58,11,14
122,58,10,15
132,58,8,16
133,58,8,17
108,58,11,18
127,58,4,19
134,58,10,20
111,59,3,1
113,59,2,2
107,59,2,3
127,59,4,4
128,59,3,5
115,59,4,6
126,59,13,7
119,59,12,8
123,59,13,9
117,59,5,10
109,59,5,11
118,59,1,12
106,59,1,13
129,59,11,14
108,59,11,15
130,59,8,16
134,59,10,17
132,59,8,18
116,59,12,19
122,59,10,20
111,60,3,1
107,60,2,2
113,60,2,3
118,60,1,4
123,60,13,5
109,60,4,6
127,60,4,7
115,60,1,8
110,60,15,9
119,60,14,10
116,60,3,11
129,60,11,12
135,60,13,13
108,60,11,14
130,60,8,15
117,60,15,16
132,60,8,17
136,60,10,18
137,60,10,19
106,60,14,20
107,61,2,1
116,61,3,2
111,61,3,3
118,61,1,4
123,61,13,5
109,61,4,6
127,61,4,7
113,61,2,8
117,61,15,9
119,61,14,10
115,61,1,11
130,61,8,12
106,61,14,13
132,61,8,14
110,61,15,15
108,61,11,16
129,61,11,17
136,61,10,18
137,61,10,19
135,61,13,20
113,62,2,1
107,62,2,2
111,62,3,3
116,62,3,4
115,62,1,5
117,62,15,6
127,62,4,7
118,62,1,8
123,62,13,9
106,62,14,10
130,62,8,11
129,62,11,12
110,62,15,13
135,62,13,14
108,62,11,15
109,62,4,16
119,62,14,17
132,62,8,18
136,62,10,19
137,62,10,20
107,63,2,1
111,63,3,2
113,63,2,3
118,63,1,4
117,63,15,5
115,63,1,6
109,63,4,7
116,63,3,8
127,63,4,9
110,63,15,10
119,63,14,11
123,63,13,12
106,63,14,13
129,63,11,14
130,63,8,15
135,63,13,16
108,63,11,17
136,63,10,18
132,63,8,19
137,63,10,20
118,64,1,1
111,64,3,2
113,64,2,3
115,64,1,4
127,64,4,5
123,64,13,6
107,64,2,7
106,64,14,8
116,64,3,9
129,64,11,10
117,64,15,11
109,64,4,12
119,64,14,13
108,64,11,14
130,64,8,15
135,64,13,16
110,64,15,17
132,64,8,18
137,64,10,19
136,64,10,20
118,65,1,1
107,65,2,2
111,65,3,3
123,65,13,4
115,65,1,5
116,65,3,6
135,65,13,7
110,65,15,8
127,65,4,9
113,65,2,10
106,65,14,11
117,65,15,12
109,65,4,13
108,65,11,14
130,65,8,15
132,65,8,16
136,65,10,17
137,65,10,18
119,65,14,19
129,65,11,20
111,66,3,1
107,66,2,2
113,66,2,3
116,66,3,4
115,66,1,5
123,66,13,6
118,66,1,7
127,66,4,8
110,66,15,9
109,66,4,10
117,66,15,11
106,66,14,12
129,66,11,13
130,66,8,14
136,66,10,15
132,66,8,16
108,66,11,17
137,66,10,18
119,66,14,19
111,67,3,1
107,67,2,2
127,67,4,3
116,67,3,4
113,67,2,5
123,67,13,6
118,67,1,7
110,67,15,8
119,67,14,9
130,67,8,10
135,67,13,11
115,67,1,12
109,67,4,13
106,67,14,14
129,67,11,15
132,67,8,16
117,67,15,17
108,67,11,18
136,67,10,19
137,67,10,20
111,68,3,1
127,68,4,2
116,68,3,3
107,68,2,4
113,68,2,5
123,68,13,6
135,68,13,7
130,68,8,8
119,68,14,9
115,68,1,10
106,68,14,11
118,68,1,12
109,68,4,13
110,68,15,14
129,68,11,15
108,68,11,16
117,68,15,17
132,68,8,18
136,68,10,19
137,68,10,20
107,70,2,1
113,70,2,2
111,70,3,3
116,70,3,4
123,70,13,5
127,70,4,6
118,70,1,7
117,70,15,8
110,70,15,9
106,70,14,10
109,70,4,11
119,70,14,12
108,70,11,13
129,70,11,14
115,70,1,15
135,70,13,16
130,70,8,17
132,70,8,18
137,70,10,19
136,70,10,20
111,71,3,1
130,71,8,2
107,71,2,3
109,71,4,4
106,71,14,5
123,71,13,6
116,71,3,7
117,71,15,8
118,71,1,9
132,71,8,10
115,71,1,11
110,71,15,12
113,71,2,13
129,71,11,14
127,71,4,15
135,71,13,16
136,71,10,17
137,71,10,18
119,71,14,19
108,71,11,20
111,72,3,1
107,72,2,2
113,72,2,3
123,72,13,4
118,72,1,5
115,72,1,6
129,72,11,7
117,72,15,8
110,72,15,9
109,72,4,10
130,72,8,11
119,72,14,12
127,72,4,13
135,72,13,14
106,72,14,15
131,72,11,16
136,72,10,17
137,72,10,18
127,74,4,1
115,74,1,2
130,74,8,3
107,74,2,4
109,74,4,5
110,74,15,6
119,74,14,7
116,74,3,8
117,74,15,9
106,74,14,10
123,74,13,11
135,74,13,12
108,74,11,13
136,74,10,14
137,74,10,15
113,74,2,16
129,74,11,17
132,74,8,18
118,74,1,19
111,74,3,20
113,75,2,1
111,75,3,2
118,75,1,3
123,75,13,4
110,75,15,5
116,75,3,6
127,75,4,7
119,75,14,8
135,75,13,9
106,75,14,10
107,75,2,11
117,75,15,12
130,75,8,13
136,75,10,14
132,75,8,15
129,75,11,16
108,75,11,17
137,75,10,18
115,75,1,19
109,75,4,20
111,76,3,1
107,76,2,2
116,76,3,3
118,76,1,4
115,76,1,5
109,76,4,6
127,76,4,7
123,76,13,8
113,76,2,9
135,76,13,10
117,76,15,11
129,76,11,12
119,76,14,13
132,76,8,14
108,76,11,15
136,76,10,16
137,76,10,17
106,76,14,18
110,76,15,19
130,76,8,20
113,77,2,1
107,77,2,2
111,77,3,3
116,77,3,4
123,77,13,5
115,77,1,6
109,77,4,7
118,77,1,8
106,77,14,9
108,77,11,10
129,77,11,11
110,77,15,12
132,77,8,13
136,77,10,14
137,77,10,15
130,77,8,16
135,77,13,17
127,77,4,18
117,77,15,19
119,77,14,20
107,79,2,1
123,79,13,2
110,79,15,3
127,79,4,4
115,79,1,5
113,79,2,6
111,79,3,7
135,79,13,8
117,79,15,9
106,79,14,10
116,79,3,11
119,79,14,12
118,79,1,13
109,79,4,14
130,79,8,15
108,79,11,16
132,79,8,17
129,79,11,18
136,79,10,19
137,79,10,20
107,80,2,1
113,80,2,2
111,80,3,3
118,80,1,4
116,80,3,5
123,80,13,6
127,80,4,7
135,80,13,8
117,80,15,9
129,80,11,10
109,80,4,11
108,80,11,12
110,80,15,13
130,80,8,14
115,80,1,15
132,80,8,16
106,80,14,17
119,80,14,18
136,80,10,19
137,80,10,20
111,81,3,1
107,81,2,2
127,81,4,3
116,81,3,4
115,81,1,5
113,81,2,6
118,81,1,7
135,81,13,8
117,81,15,9
109,81,4,10
110,81,15,11
123,81,13,12
119,81,14,13
129,81,11,14
106,81,14,15
132,81,8,16
130,81,8,17
108,81,11,18
136,81,10,19
118,82,1,1
111,82,3,2
115,82,1,3
116,82,3,4
107,82,2,5
113,82,11,6
122,82,10,7
110,82,15,8
130,82,2,9
123,82,13,10
117,82,15,11
136,82,10,12
127,82,4,13
128,82,8,14
138,82,11,15
135,82,13,16
112,82,14,17
109,82,4,18
119,82,14,19
132,82,8,20
116,83,3,1
118,83,1,2
115,83,1,3
111,83,3,4
117,83,15,5
130,83,2,6
110,83,15,7
113,83,11,8
123,83,13,9
122,83,10,10
127,83,4,11
138,83,11,12
119,83,14,13
109,83,4,14
107,83,2,15
128,83,8,16
112,83,14,17
132,83,8,18
135,83,13,19
118,84,1,1
111,84,3,2
116,84,3,3
127,84,4,4
107,84,2,5
130,84,2,6
109,84,4,7
117,84,15,8
115,84,1,9
110,84,15,10
123,84,13,11
113,84,11,12
135,84,13,13
138,84,11,14
136,84,10,15
122,84,10,16
106,84,14,17
132,84,8,18
119,84,14,19
128,84,8,20
118,86,1,1
115,86,1,2
111,86,3,3
116,86,3,4
113,86,11,5
107,86,2,6
123,86,13,7
127,86,4,8
135,86,13,9
119,86,14,10
110,86,15,11
130,86,2,12
106,86,14,13
109,86,4,14
136,86,10,15
122,86,10,16
138,86,11,17
128,86,8,18
132,86,8,19
117,86,15,20
118,87,1,1
111,87,3,2
115,87,1,3
130,87,2,4
116,87,3,5
107,87,2,6
113,87,11,7
122,87,10,8
109,87,4,9
136,87,10,10
127,87,4,11
117,87,15,12
135,87,13,13
123,87,13,14
138,87,11,15
106,87,14,16
119,87,14,17
128,87,8,18
132,87,8,19
110,87,15,20
118,88,1,1
115,88,1,2
116,88,3,3
111,88,3,4
127,88,4,5
130,88,2,6
110,88,15,7
107,88,2,8
106,88,14,9
117,88,15,10
135,88,13,11
113,88,11,12
122,88,10,13
109,88,4,14
136,88,10,15
128,88,8,16
123,88,13,17
119,88,14,18
132,88,8,19
138,88,11,20
118,89,1,1
116,89,3,2
111,89,3,3
115,89,1,4
130,89,2,5
123,89,13,6
107,89,2,7
135,89,13,8
106,89,14,9
110,89,15,10
127,89,4,11
109,89,4,12
117,89,15,13
138,89,11,14
113,89,11,15
122,89,10,16
128,89,8,17
132,89,8,18
119,89,14,19
136,89,10,20
111,90,3,1
110,90,15,2
115,90,1,3
107,90,2,4
122,90,10,5
136,90,10,6
117,90,15,7
130,90,2,8
109,90,4,9
138,90,11,10
113,90,11,11
128,90,8,12
116,90,3,13
127,90,4,14
123,90,13,15
106,90,14,16
119,90,14,17
132,90,8,18
118,90,1,19
135,90,13,20
115,91,1,1
111,91,3,2
118,91,1,3
116,91,3,4
107,91,2,5
127,91,4,6
110,91,15,7
130,91,2,8
138,91,11,9
132,91,8,10
123,91,13,11
113,91,11,12
135,91,13,13
109,91,4,14
117,91,15,15
128,91,8,16
122,91,10,17
106,91,14,18
136,91,10,19
119,91,14,20
118,93,1,1
111,93,3,2
116,93,3,3
107,93,2,4
127,93,4,5
130,93,2,6
110,93,15,7
135,93,13,8
109,93,4,9
117,93,15,10
113,93,11,11
106,93,14,12
128,93,8,13
123,93,13,14
119,93,14,15
138,93,11,16
136,93,10,17
132,93,8,18
115,93,1,19
122,93,10,20
130,94,2,1
115,94,1,2
118,94,1,3
127,94,4,4
117,94,15,5
110,94,15,6
107,94,2,7
113,94,11,8
109,94,4,9
111,94,3,10
116,94,3,11
138,94,11,12
122,94,10,13
119,94,14,14
136,94,10,15
135,94,13,16
128,94,8,17
106,94,14,18
132,94,8,19
123,94,13,20
115,95,1,1
116,95,3,2
110,95,15,3
107,95,2,4
130,95,2,5
128,95,8,6
109,95,4,7
123,95,13,8
119,95,14,9
106,95,14,10
132,95,8,11
122,95,10,12
113,95,11,13
111,95,3,14
118,95,1,15
117,95,15,16
127,95,4,17
138,95,11,18
136,95,10,19
135,95,13,20
111,96,3,1
118,96,1,2
115,96,1,3
107,96,2,4
116,96,3,5
130,96,2,6
127,96,4,7
136,96,10,8
135,96,13,9
119,96,14,10
123,96,13,11
117,96,15,12
110,96,15,13
138,96,11,14
128,96,8,15
113,96,11,16
109,96,4,17
122,96,10,18
106,96,14,19
132,96,8,20
118,97,1,1
130,97,2,2
127,97,4,3
109,97,4,4
123,97,13,5
110,97,15,6
111,97,3,7
139,97,8,8
138,97,11,9
132,97,8,10
106,97,14,11
119,97,14,12
116,97,3,13
117,97,15,14
113,97,11,15
122,97,10,16
136,97,10,17
115,97,1,18
107,97,2,19
135,97,13,20
118,98,1,1
116,98,3,2
107,98,2,3
115,98,1,4
110,98,15,5
127,98,4,6
123,98,13,7
111,98,3,8
122,98,10,9
135,98,13,10
119,98,14,11
136,98,10,12
106,98,14,13
138,98,11,14
113,98,11,15
109,98,4,16
117,98,15,17
128,98,8,18
132,98,8,19
130,98,2,20
111,99,3,1
118,99,1,2
115,99,1,3
116,99,3,4
117,99,15,5
107,99,2,6
110,99,15,7
130,99,2,8
106,99,14,9
127,99,4,10
109,99,4,11
113,99,11,12
135,99,13,13
138,99,11,14
136,99,10,15
128,99,8,16
122,99,10,17
119,99,14,18
132,99,8,19
115,100,1,1
111,100,3,2
107,100,2,3
130,100,2,4
119,100,14,5
127,100,4,6
113,100,11,7
128,100,8,8
116,100,3,9
106,100,14,10
123,100,13,11
118,100,1,12
122,100,10,13
110,100,15,14
109,100,4,15
136,100,10,16
132,100,8,17
138,100,11,18
135,100,13,19
117,100,15,20
111,101,3,1
130,101,2,2
107,101,2,3
116,101,3,4
115,101,1,5
113,101,11,6
118,101,1,7
127,101,4,8
110,101,15,9
117,101,15,10
109,101,4,11
138,101,11,12
135,101,13,13
123,101,13,14
136,101,10,15
106,101,14,16
128,101,8,17
132,101,8,18
122,101,10,19
119,101,14,20
111,103,3,1
116,103,3,2
118,103,1,3
115,103,1,4
107,103,2,5
130,103,2,6
127,103,4,7
117,103,15,8
106,103,14,9
110,103,15,10
135,103,13,11
136,103,10,12
109,103,4,13
119,103,14,14
138,103,11,15
122,103,10,16
123,103,13,17
113,103,11,18
128,103,8,19
132,103,8,20
111,104,3,1
116,104,3,2
118,104,1,3
115,104,1,4
110,104,14,5
130,104,2,6
107,104,2,7
119,104,14,8
117,104,15,9
112,104,10,10
127,104,4,11
113,104,11,12
138,104,11,13
135,104,13,14
128,104,8,15
140,104,8,16
122,104,10,17
141,104,4,18
139,104,13,19
123,104,15,20
116,105,3,1
110,105,14,2
130,105,2,3
115,105,1,4
119,105,14,5
117,105,15,6
107,105,2,7
141,105,4,8
123,105,15,9
112,105,10,10
138,105,11,11
118,105,1,12
122,105,10,13
113,105,11,14
111,105,3,15
135,105,13,16
128,105,8,17
139,105,13,18
127,105,4,19
140,105,8,20
111,106,3,1
130,106,2,2
107,106,2,3
110,106,14,4
115,106,1,5
119,106,14,6
118,106,1,7
128,106,8,8
123,106,15,9
112,106,10,10
117,106,15,11
135,106,13,12
127,106,4,13
122,106,10,14
139,106,13,15
141,106,4,16
138,106,11,17
140,106,8,18
118,107,1,1
111,107,3,2
116,107,3,3
115,107,1,4
107,107,2,5
110,107,14,6
127,107,4,7
135,107,13,8
119,107,14,9
141,107,4,10
130,107,2,11
128,107,8,12
113,107,11,13
140,107,8,14
138,107,11,15
122,107,10,16
123,107,15,17
139,107,13,18
117,107,15,19
112,107,10,20
116,108,3,1
110,108,14,2
115,108,1,3
122,108,10,4
123,108,15,5
130,108,2,6
118,108,1,7
117,108,15,8
111,108,3,9
113,108,11,10
128,108,8,11
112,108,10,12
107,108,2,13
138,108,11,14
139,108,13,15
127,108,4,16
135,108,13,17
119,108,14,18
141,108,4,19
140,108,8,20
111,109,3,1
110,109,14,2
117,109,15,3
115,109,1,4
107,109,2,5
118,109,1,6
123,109,15,7
130,109,2,8
135,109,13,9
127,109,4,10
141,109,4,11
139,109,13,12
128,109,8,13
119,109,14,14
113,109,11,15
140,109,8,16
122,109,10,17
112,109,10,18
138,109,11,19
116,109,3,20
111,110,3,1
115,110,1,2
127,110,4,3
107,110,2,4
119,110,14,5
117,110,15,6
112,110,10,7
110,110,14,8
141,110,4,9
123,110,15,10
116,110,3,11
130,110,2,12
138,110,11,13
139,110,13,14
135,110,13,15
113,110,11,16
122,110,10,17
128,110,8,18
118,110,1,19
140,110,8,20
111,111,3,1
110,111,14,2
107,111,2,3
130,111,2,4
112,111,10,5
117,111,15,6
127,111,4,7
141,111,4,8
128,111,8,9
118,111,1,10
115,111,1,11
116,111,3,12
122,111,10,13
113,111,11,14
123,111,15,15
119,111,14,16
139,111,13,17
140,111,8,18
135,111,13,19
138,111,11,20
111,112,3,1
118,112,1,2
115,112,1,3
127,112,4,4
107,112,2,5
119,112,14,6
110,112,14,7
112,112,10,8
123,112,15,9
128,112,8,10
130,112,2,11
117,112,15,12
141,112,4,13
113,112,11,14
116,112,3,15
135,112,13,16
138,112,11,17
140,112,8,18
122,112,10,19
139,112,13,20
111,113,3,1
127,113,4,2
141,113,4,3
118,113,1,4
115,113,1,5
130,113,2,6
107,113,2,7
128,113,8,8
110,113,14,9
123,113,15,10
112,113,10,11
119,113,14,12
117,113,15,13
140,113,8,14
116,113,3,15
135,113,13,16
138,113,11,17
139,113,13,18
122,113,10,19
113,113,11,20
107,114,2,1
111,114,3,2
127,114,4,3
141,114,4,4
138,114,11,5
118,114,1,6
113,114,11,7
110,114,14,8
116,114,3,9
112,114,10,10
115,114,1,11
117,114,15,12
109,114,13,13
119,114,14,14
123,114,15,15
128,114,8,16
135,114,13,17
130,114,2,18
122,114,10,19
140,114,8,20
118,115,1,1
116,115,3,2
107,115,2,3
115,115,1,4
141,115,4,5
111,115,3,6
127,115,4,7
130,115,2,8
110,115,14,9
119,115,14,10
135,115,13,11
123,115,15,12
113,115,11,13
117,115,15,14
128,115,8,15
122,115,10,16
138,115,11,17
140,115,8,18
109,115,13,19
112,115,10,20
111,116,3,1
127,116,4,2
130,116,2,3
128,116,8,4
110,116,14,5
115,116,1,6
116,116,3,7
141,116,4,8
118,116,1,9
140,116,8,10
119,116,14,11
123,116,15,12
107,116,2,13
112,116,10,14
138,116,11,15
117,116,15,16
135,116,13,17
113,116,11,18
142,116,13,19
115,117,1,1
111,117,3,2
118,117,1,3
130,117,2,4
116,117,3,5
128,117,8,6
141,117,4,7
107,117,2,8
127,117,4,9
110,117,14,10
135,117,13,11
142,117,13,12
112,117,10,13
113,117,11,14
140,117,8,15
138,117,11,16
123,117,15,17
117,117,15,18
122,117,10,19
119,117,14,20
115,118,1,1
130,118,2,2
118,118,1,3
127,118,4,4
107,118,2,5
122,118,10,6
110,118,14,7
117,118,15,8
112,118,10,9
142,118,13,10
111,118,3,11
123,118,15,12
116,118,3,13
128,118,8,14
135,118,13,15
113,118,11,16
141,118,4,17
140,118,8,18
138,118,11,19
119,118,14,20
111,119,3,1
141,119,4,2
127,119,4,3
118,119,1,4
116,119,3,5
115,119,1,6
107,119,2,7
130,119,2,8
135,119,13,9
110,119,14,10
142,119,13,11
123,119,15,12
128,119,8,13
117,119,15,14
122,119,10,15
113,119,11,16
119,119,14,17
112,119,10,18
138,119,11,19
140,119,8,20
111,120,3,1
130,120,2,2
107,120,2,3
110,120,14,4
118,120,1,5
141,120,4,6
123,120,15,7
117,120,15,8
113,120,11,9
127,120,4,10
135,120,13,11
115,120,1,12
128,120,8,13
112,120,10,14
140,120,8,15
119,120,14,16
142,120,13,17
122,120,10,18
138,120,11,19
116,120,3,20
118,121,1,1
127,121,4,2
107,121,2,3
115,121,1,4
130,121,2,5
111,121,3,6
123,121,15,7
117,121,15,8
116,121,3,9
141,121,4,10
135,121,13,11
138,121,11,12
113,121,11,13
109,121,13,14
128,121,8,15
140,121,8,16
122,121,10,17
112,121,10,18
110,121,14,19
119,121,14,20
118,122,1,1
115,122,1,2
111,122,3,3
109,122,13,4
116,122,3,5
107,122,2,6
141,122,4,7
130,122,2,8
113,122,11,9
138,122,11,10
123,122,15,11
112,122,10,12
110,122,14,13
128,122,8,14
117,122,15,15
122,122,10,16
127,122,4,17
135,122,13,18
140,122,8,19
119,122,14,20
111,123,3,1
118,123,1,2
119,123,14,3
110,123,14,4
107,123,2,5
127,123,4,6
115,123,1,7
130,123,2,8
116,123,3,9
141,123,4,10
112,123,10,11
122,123,10,12
128,123,8,13
117,123,15,14
123,123,15,15
135,123,13,16
109,123,13,17
113,123,11,18
140,123,8,19
138,123,11,20
118,124,1,1
111,124,3,2
130,124,2,3
123,124,15,4
128,124,8,5
140,124,8,6
113,124,11,7
122,124,10,8
110,124,14,9
107,124,2,10
116,124,3,11
115,124,1,12
112,124,10,13
109,124,13,14
127,124,4,15
117,124,15,16
138,124,11,17
141,124,4,18
119,124,14,19
135,124,13,20
111,125,3,1
118,125,1,2
141,125,4,3
130,125,2,4
127,125,4,5
135,125,13,6
110,125,14,7
112,125,10,8
116,125,3,9
123,125,15,10
107,125,2,11
117,125,15,12
119,125,14,13
128,125,8,14
109,125,13,15
115,125,1,16
122,125,10,17
113,125,11,18
138,125,11,19
140,125,8,20
111,126,3,1
118,126,1,2
130,126,2,3
115,126,1,4
116,126,3,5
110,126,14,6
127,126,4,7
141,126,4,8
107,126,2,9
112,126,10,10
135,126,16,11
119,126,14,12
128,126,8,13
109,126,16,14
122,126,10,15
113,126,7,16
138,126,7,17
140,126,8,18
117,126,15,19
123,126,15,20
111,127,3,1
118,127,1,2
116,127,3,3
110,127,14,4
141,127,4,5
127,127,4,6
130,127,2,7
107,127,2,8
135,127,16,9
119,127,14,10
143,127,1,11
128,127,8,12
122,127,10,13
109,127,16,14
112,127,10,15
113,127,7,16
117,127,15,17
123,127,15,18
140,127,8,19
138,127,7,20
111,128,3,1
115,128,1,2
127,128,4,3
118,128,1,4
141,128,4,5
116,128,3,6
130,128,2,7
135,128,16,8
119,128,14,9
110,128,14,10
107,128,2,11
128,128,8,12
113,128,7,13
122,128,10,14
117,128,15,15
112,128,10,16
123,128,15,17
109,128,16,18
138,128,7,19
111,129,3,1
116,129,3,2
127,129,4,3
115,129,1,4
110,129,14,5
141,129,4,6
107,129,2,7
118,129,1,8
130,129,2,9
135,129,16,10
109,129,16,11
112,129,10,12
113,129,7,13
128,129,8,14
117,129,15,15
119,129,14,16
123,129,15,17
122,129,10,18
140,129,8,19
138,129,7,20
111,130,3,1
116,130,3,2
110,130,14,3
127,130,4,4
141,130,4,5
118,130,1,6
115,130,1,7
130,130,2,8
112,130,10,9
113,130,7,10
119,130,14,11
109,130,16,12
117,130,15,13
128,130,8,14
123,130,15,15
138,130,7,16
122,130,10,17
107,130,2,18
135,130,16,19
140,130,8,20
111,131,3,1
118,131,1,2
115,131,1,3
116,131,3,4
127,131,4,5
141,131,4,6
130,131,2,7
107,131,2,8
112,131,10,9
135,131,16,10
119,131,14,11
123,131,15,12
117,131,15,13
128,131,8,14
110,131,14,15
113,131,7,16
140,131,8,17
122,131,10,18
138,131,7,19
109,131,16,20
111,132,3,1
127,132,4,2
118,132,1,3
115,132,1,4
141,132,4,5
130,132,2,6
135,132,16,7
107,132,2,8
109,132,16,9
112,132,10,10
116,132,3,11
117,132,15,12
119,132,14,13
128,132,8,14
123,132,15,15
113,132,7,16
138,132,7,17
122,132,10,18
140,132,8,19
110,132,14,20
118,133,1,1
141,133,4,2
115,133,1,3
127,133,4,4
130,133,2,5
111,133,3,6
107,133,2,7
135,133,16,8
128,133,8,9
123,133,15,10
117,133,15,11
109,133,16,12
119,133,14,13
110,133,14,14
140,133,8,15
116,133,3,16
113,133,7,17
138,133,7,18
112,133,10,19
122,133,10,20
130,134,2,1
111,134,3,2
127,134,4,3
141,134,4,4
109,134,16,5
110,134,14,6
107,134,2,7
135,134,16,8
119,134,14,9
128,134,8,10
118,134,1,11
115,134,1,12
140,134,8,13
122,134,10,14
123,134,15,15
116,134,3,16
112,134,10,17
117,134,15,18
113,134,7,19
138,134,7,20
127,135,4,1
111,135,3,2
107,135,2,3
130,135,2,4
118,135,1,5
115,135,1,6
123,135,15,7
117,135,15,8
141,135,4,9
110,135,14,10
116,135,3,11
113,135,7,12
112,135,10,13
119,135,14,14
138,135,7,15
122,135,10,16
135,135,16,17
109,135,16,18
140,135,8,19
128,135,8,20
111,136,3,1
127,136,4,2
130,136,2,3
115,136,1,4
107,136,2,5
118,136,1,6
141,136,4,7
116,136,3,8
112,136,10,9
117,136,15,10
109,136,16,11
122,136,10,12
123,136,15,13
135,136,16,14
110,136,14,15
128,136,8,16
119,136,14,17
113,136,7,18
140,136,8,19
138,136,7,20
130,137,2,1
107,137,2,2
127,137,4,3
111,137,3,4
141,137,4,5
112,137,10,6
115,137,1,7
119,137,14,8
128,137,8,9
110,137,14,10
118,137,1,11
140,137,8,12
135,137,16,13
138,137,7,14
109,137,16,15
113,137,7,16
122,137,10,17
117,137,15,18
116,137,3,19
123,137,15,19
127,138,4,1
141,138,4,2
111,138,3,3
115,138,1,4
107,138,2,5
118,138,1,6
110,138,14,7
119,138,14,8
109,138,16,9
135,138,16,10
112,138,10,11
113,138,7,12
128,138,8,13
140,138,8,14
122,138,10,15
116,138,3,16
130,138,2,17
138,138,7,18
117,138,15,19
123,138,15,20
118,139,1,1
116,139,3,2
107,139,2,3
127,139,4,4
141,139,4,5
130,139,2,6
115,139,1,7
110,139,14,8
117,139,15,9
128,139,8,10
111,139,3,11
123,139,15,12
109,139,16,13
113,139,7,14
119,139,14,15
112,139,10,16
122,139,10,17
140,139,8,18
138,139,7,19
135,139,16,20
127,140,4,1
111,140,3,2
141,140,4,3
130,140,2,4
116,140,3,5
118,140,1,6
110,140,14,7
119,140,14,8
123,140,15,9
115,140,1,10
135,140,16,11
112,140,10,12
109,140,16,13
107,140,2,14
117,140,15,15
113,140,7,16
138,140,7,17
140,140,8,18
128,140,8,19
122,140,10,20
127,141,4,1
141,141,4,2
130,141,2,3
118,141,1,4
115,141,1,5
107,141,2,6
111,141,3,7
116,141,3,8
128,141,8,9
112,141,10,10
110,141,14,11
109,141,16,12
122,141,10,13
123,141,15,14
117,141,15,15
135,141,16,16
119,141,14,17
144,141,8,18
113,141,7,19
138,141,7,20
118,142,1,1
141,142,4,2
115,142,1,3
116,142,3,4
130,142,2,5
111,142,3,6
110,142,14,7
144,142,8,8
128,142,8,9
143,142,10,10
135,142,16,11
112,142,10,12
119,142,14,13
109,142,16,14
127,142,4,15
113,142,7,16
138,142,7,17
123,142,15,18
107,142,2,19
117,142,15,20
127,143,4,1
111,143,3,2
107,143,2,3
130,143,2,4
141,143,4,5
112,143,10,6
110,143,14,7
135,143,16,8
118,143,1,9
115,143,1,10
128,143,8,11
144,143,8,12
116,143,3,13
122,143,10,14
117,143,15,15
109,143,16,16
119,143,14,17
123,143,15,18
113,143,7,19
138,143,7,20
127,144,4,1
111,144,3,2
115,144,1,3
118,144,1,4
141,144,4,5
123,144,15,6
110,144,14,7
122,144,10,8
116,144,3,9
135,144,16,10
112,144,10,11
117,144,15,12
119,144,14,13
128,144,8,14
144,144,8,15
113,144,7,16
107,144,2,17
138,144,7,18
142,144,16,19
130,144,2,20
115,145,1,1
111,145,3,2
127,145,4,3
118,145,1,4
130,145,2,5
107,145,2,6
122,145,10,7
123,145,15,8
128,145,8,9
112,145,10,10
135,145,16,11
142,145,16,12
110,145,14,13
119,145,14,14
113,145,7,15
144,145,8,16
141,145,4,17
116,145,3,18
138,145,7,19
117,145,15,20
127,146,4,1
130,146,2,2
135,146,16,3
117,146,15,4
142,146,16,5
118,146,1,6
128,146,8,7
141,146,4,8
110,146,14,9
119,146,14,10
113,146,7,11
116,146,3,12
123,146,15,13
107,146,2,14
143,146,10,15
144,146,8,16
111,146,3,17
112,146,10,18
138,146,7,19
115,146,1,20
130,147,2,1
115,147,1,2
123,147,15,3
118,147,1,4
111,147,3,5
127,147,4,6
135,147,16,7
141,147,4,8
112,147,10,9
107,147,2,10
117,147,15,11
122,147,10,12
138,147,7,13
142,147,16,14
116,147,3,15
110,147,14,16
128,147,8,17
119,147,14,18
113,147,7,19
144,147,8,20
130,148,2,1
111,148,3,2
127,148,4,3
141,148,4,4
118,148,1,5
107,148,2,6
115,148,1,7
110,148,14,8
116,148,3,9
122,148,10,10
123,148,15,11
138,148,7,12
113,148,7,13
135,148,16,14
119,148,14,15
128,148,8,16
142,148,16,17
112,148,10,18
144,148,8,19
117,148,15,20
127,149,4,1
141,149,4,2
115,149,1,3
111,149,3,4
123,149,15,5
130,149,2,6
112,149,10,7
110,149,14,8
113,149,7,9
116,149,3,10
135,149,16,11
142,149,16,12
119,149,14,13
122,149,10,14
138,149,7,15
107,149,2,16
145,149,15,17
128,149,8,18
118,149,1,19
144,149,8,20
127,150,4,1
141,150,4,2
111,150,3,3
130,150,2,4
135,150,16,5
128,150,8,6
118,150,1,7
107,150,1,8
123,150,15,9
115,150,8,10
148,150,16,11
110,150,14,12
119,150,14,13
145,150,15,14
147,150,17,15
146,150,2,16
112,150,17,17
142,150,3,18
117,150,10,19
143,150,10,20
141,151,4,1
130,151,2,2
127,151,4,3
111,151,3,4
107,151,1,5
118,151,1,6
148,151,16,7
146,151,2,8
135,151,16,9
128,151,8,10
117,151,10,11
112,151,17,12
110,151,14,13
119,151,14,14
115,151,8,15
123,151,15,16
143,151,10,17
145,151,15,18
147,151,17,19
142,151,3,20
111,152,3,1
127,152,4,2
141,152,4,3
118,152,1,4
130,152,2,5
146,152,2,6
148,152,16,7
107,152,1,8
128,152,8,9
143,152,10,10
123,152,15,11
110,152,14,12
142,152,16,13
135,152,3,14
115,152,8,15
112,152,17,16
147,152,17,17
117,152,10,18
145,152,15,19
119,152,14,20
141,153,4,1
118,153,1,2
130,153,2,3
123,153,15,4
146,153,2,5
127,153,4,6
111,153,3,7
115,153,8,8
107,153,1,9
135,153,3,10
145,153,15,11
148,153,16,12
110,153,14,13
117,153,10,14
128,153,8,15
112,153,17,16
142,153,16,17
147,153,17,18
119,153,14,19
143,153,10,20
111,154,3,1
141,154,4,2
130,154,2,3
118,154,1,4
146,154,2,5
115,154,8,6
107,154,1,7
135,154,3,8
123,154,15,9
127,154,4,10
128,154,8,11
142,154,16,12
110,154,14,13
148,154,16,14
143,154,10,15
119,154,14,16
145,154,15,17
112,154,17,18
117,154,10,19
147,154,17,20
111,155,3,1
127,155,4,2
146,155,2,3
141,155,4,4
130,155,2,5
115,155,8,6
128,155,8,7
118,155,1,8
117,155,10,9
135,155,3,10
148,155,16,11
107,155,1,12
147,155,17,13
145,155,15,14
142,155,16,15
112,155,17,16
110,155,14,17
119,155,14,18
143,155,10,19
123,155,15,20
141,156,4,1
111,156,3,2
130,156,2,3
127,156,4,4
110,156,14,5
115,156,8,6
128,156,8,7
119,156,14,8
148,156,16,9
123,156,15,10
118,156,1,11
107,156,1,12
146,156,2,13
147,156,17,14
142,156,16,15
144,156,15,16
112,156,17,17
117,156,10,18
143,156,10,19
135,156,3,20
127,157,4,1
118,157,1,2
141,157,4,3
111,157,3,4
148,157,16,5
110,157,14,6
107,157,1,7
117,157,10,8
142,157,16,9
128,157,8,10
115,157,8,11
135,157,3,12
112,157,17,13
130,157,2,14
146,157,2,15
147,157,17,16
123,157,15,17
144,157,15,18
119,157,14,19
143,157,10,20
141,158,4,1
127,158,4,2
111,158,3,3
130,158,2,4
107,158,1,5
146,158,2,6
118,158,1,7
123,158,15,8
148,158,16,9
110,158,14,10
128,158,8,11
147,158,17,12
142,158,16,13
119,158,14,14
143,158,10,14
112,158,17,15
117,158,10,16
115,158,8,17
144,158,15,18
135,158,3,19
130,159,2,1
111,159,3,2
141,159,4,3
146,159,2,4
107,159,1,5
110,159,14,6
127,159,4,7
118,159,1,8
128,159,8,9
144,159,15,10
112,159,17,11
148,159,16,12
143,159,10,13
117,159,10,14
147,159,17,15
115,159,8,16
119,159,14,17
135,159,3,18
142,159,16,19
123,159,15,20
127,160,4,1
118,160,1,2
141,160,4,3
107,160,1,4
130,160,2,5
142,160,16,6
111,160,3,7
147,160,17,8
146,160,2,9
123,160,15,10
110,160,14,11
128,160,8,12
148,160,16,13
144,160,15,14
143,160,10,15
119,160,14,16
117,160,10,17
135,160,3,18
115,160,8,19
112,160,17,20
111,161,3,1
141,161,4,2
127,161,4,3
130,161,2,4
107,161,1,5
118,161,1,6
110,161,14,7
123,161,15,8
115,161,8,9
146,161,2,10
135,161,3,11
148,161,16,12
128,161,8,13
117,161,10,14
142,161,16,15
147,161,17,16
119,161,14,17
143,161,10,18
112,161,17,19
144,161,15,20
127,162,4,1
141,162,4,2
118,162,1,3
111,162,3,4
128,162,8,5
130,162,2,6
135,162,3,7
148,162,16,8
142,162,16,9
147,162,17,10
117,162,10,11
143,162,10,12
123,162,15,13
112,162,17,14
144,162,15,15
119,162,14,16
115,162,8,17
107,162,1,18
146,162,2,19
110,162,14,20
118,163,1,1
141,163,4,2
127,163,4,3
130,163,2,4
110,163,14,5
119,163,14,6
147,163,17,7
111,163,3,8
142,163,16,9
148,163,16,10
143,163,10,11
107,163,1,12
115,163,8,13
144,163,15,14
146,163,2,15
123,163,15,16
117,163,10,17
112,163,17,18
128,163,8,19
135,163,3,20
141,164,4,1
127,164,4,2
111,164,3,3
148,164,16,4
130,164,2,5
118,164,1,6
107,164,1,7
142,164,16,8
115,164,8,9
110,164,14,10
146,164,2,11
135,164,3,12
147,164,17,13
123,164,15,14
128,164,8,15
144,164,15,16
112,164,17,17
117,164,10,18
119,164,14,19
143,164,10,20
111,165,3,1
127,165,4,2
141,165,4,3
118,165,1,4
130,165,2,5
146,165,2,6
147,165,17,7
110,165,14,8
135,165,3,9
107,165,1,10
143,165,10,11
112,165,17,12
115,165,8,13
128,165,8,14
117,165,10,15
119,165,14,16
144,165,15,17
142,165,16,18
148,165,16,19
123,165,15,20
111,166,3,1
115,166,8,2
142,166,16,3
146,166,2,4
130,166,2,5
135,166,3,6
127,166,4,7
148,166,16,8
141,166,4,9
118,166,1,10
110,166,14,11
107,166,1,12
147,166,17,13
119,166,14,14
143,166,10,15
144,166,15,16
112,166,17,17
123,166,15,18
128,166,8,19
117,166,10,20
